{"type":"FeatureCollection","features":[{"type":"Feature","properties":{"route":"1","color":"#D82233"},"geometry":{"type":"LineString","coordinates":[[-73.89858,40.88925],[-73.89962,40.88719],[-73.90004,40.88631],[-73.90073,40.88493],[-73.90087,40.88467],[-73.90099,40.88446],[-73.9016,40.88347],[-73.9019,40.88299],[-73.90222,40.88253],[-73.90483,40.87886],[-73.90574,40.87758],[-73.90606,40.87718],[-73.90631,40.87696],[-73.90659,40.87676],[-73.90688,40.8766],[-73.9073,40.87639],[-73.90762,40.87621],[-73.90795,40.876],[-73.90826,40.87577],[-73.90888,40.87528],[-73.90965,40.87469],[-73.90983,40.87456],[-73.91025,40.87428],[-73.9122,40.87277],[-73.913,40.87211],[-73.91342,40.87176],[-73.9138,40.87138],[-73.91414,40.87099],[-73.91467,40.87028],[-73.91528,40.86944],[-73.91882,40.86462],[-73.91931,40.86395],[-73.91944,40.86378],[-73.91957,40.86367],[-73.9197,40.86356],[-73.91987,40.86345],[-73.92005,40.86335],[-73.9203,40.86324],[-73.92063,40.86312],[-73.92397,40.86189],[-73.92415,40.8618],[-73.92433,40.86171],[-73.92449,40.86162],[-73.92464,40.86152],[-73.92481,40.8614],[-73.92491,40.8613],[-73.92502,40.8612],[-73.92511,40.8611],[-73.92519,40.861],[-73.92554,40.86053],[-73.92941,40.85522],[-73.9336,40.84951],[-73.94013,40.84056],[-73.94489,40.83404],[-73.95036,40.82655],[-73.95368,40.82201],[-73.95837,40.81558],[-73.96411,40.80772],[-73.96685,40.80397],[-73.96731,40.80332],[-73.96747,40.80312],[-73.96758,40.80293],[-73.96765,40.80278],[-73.96772,40.8026],[-73.96779,40.8023],[-73.96783,40.80198],[-73.96793,40.80087],[-73.96798,40.80051],[-73.96808,40.80012],[-73.96821,40.79977],[-73.96838,40.79945],[-73.96841,40.79939],[-73.96844,40.79933],[-73.96847,40.79926],[-73.96851,40.7992],[-73.96854,40.79914],[-73.96858,40.79908],[-73.96862,40.79902],[-73.96866,40.79895],[-73.9687,40.79889],[-73.96874,40.79883],[-73.96879,40.79876],[-73.96883,40.7987],[-73.96888,40.79863],[-73.96893,40.79857],[-73.96898,40.79851],[-73.97226,40.794],[-73.97232,40.79392],[-73.97594,40.78896],[-73.97622,40.78864],[-73.97711,40.7876],[-73.97766,40.78695],[-73.97992,40.78393],[-73.98037,40.78331],[-73.98047,40.78315],[-73.98057,40.78297],[-73.98066,40.78279],[-73.98075,40.78262],[-73.98085,40.78237],[-73.98092,40.78216],[-73.98131,40.781],[-73.98176,40.77943],[-73.98191,40.77882],[-73.98197,40.77845],[-73.98201,40.77821],[-73.98206,40.77787],[-73.98209,40.7775],[-73.98221,40.77417],[-73.98221,40.77344],[-73.9821,40.76922],[-73.98209,40.76879],[-73.98208,40.7687],[-73.98205,40.76858],[-73.98201,40.76845],[-73.98193,40.76825],[-73.98178,40.7679],[-73.98175,40.76778],[-73.98172,40.76768],[-73.9817,40.76756],[-73.98169,40.76744],[-73.98169,40.76732],[-73.9817,40.76717],[-73.98176,40.76681],[-73.98191,40.76581],[-73.98198,40.76546],[-73.98206,40.76512],[-73.98216,40.76482],[-73.98232,40.76439],[-73.98246,40.76403],[-73.98263,40.76371],[-73.98279,40.76341],[-73.98304,40.76298],[-73.98336,40.76249],[-73.98385,40.76173],[-73.98429,40.76104],[-73.98444,40.76082],[-73.98458,40.76059],[-73.98472,40.76028],[-73.98484,40.76002],[-73.98496,40.75971],[-73.98506,40.75941],[-73.98533,40.75863],[-73.98542,40.75838],[-73.98551,40.75816],[-73.98557,40.75801],[-73.98564,40.75788],[-73.98571,40.75776],[-73.98579,40.75764],[-73.98601,40.75734],[-73.98749,40.75529],[-73.99106,40.75037],[-73.99336,40.74721],[-73.99566,40.74408],[-73.99787,40.74104],[-74.0002,40.73783],[-74.00097,40.73676],[-74.00109,40.73658],[-74.00123,40.73636],[-74.00135,40.73616],[-74.00145,40.73597],[-74.00291,40.73342],[-74.00468,40.73032],[-74.00494,40.72988],[-74.00506,40.72964],[-74.00511,40.72953],[-74.00516,40.72941],[-74.0052,40.72928],[-74.00522,40.72917],[-74.00526,40.72893],[-74.00537,40.72825],[-74.00628,40.72285],[-74.00689,40.71932],[-74.00703,40.71856],[-74.00704,40.71852],[-74.00705,40.71848],[-74.00705,40.71845],[-74.00707,40.71841],[-74.00708,40.71837],[-74.00709,40.71833],[-74.0071,40.7183],[-74.00712,40.71826],[-74.00713,40.71823],[-74.00715,40.71819],[-74.00717,40.71816],[-74.00719,40.71813],[-74.00721,40.71809],[-74.00723,40.71806],[-74.00725,40.71803],[-74.00927,40.71548],[-74.0093,40.71544],[-74.01019,40.7143],[-74.01047,40.71396],[-74.01057,40.71384],[-74.01085,40.71348],[-74.01086,40.71346],[-74.01088,40.71344],[-74.0109,40.71343],[-74.01092,40.71341],[-74.01094,40.71339],[-74.01095,40.71337],[-74.01097,40.71335],[-74.01099,40.71333],[-74.01101,40.71332],[-74.01103,40.7133],[-74.01105,40.71328],[-74.01107,40.71326],[-74.01109,40.71325],[-74.01112,40.71323],[-74.01114,40.71321],[-74.01167,40.71278],[-74.01171,40.71274],[-74.01175,40.7127],[-74.01179,40.71266],[-74.01183,40.71262],[-74.01186,40.71257],[-74.0119,40.71253],[-74.01193,40.71249],[-74.01196,40.71244],[-74.01199,40.71239],[-74.01201,40.71235],[-74.01203,40.7123],[-74.01206,40.71225],[-74.01208,40.7122],[-74.01209,40.71215],[-74.01211,40.71211],[-74.01219,40.71184],[-74.01226,40.71157],[-74.01238,40.71111],[-74.01253,40.7105],[-74.01265,40.71013],[-74.01347,40.70824],[-74.01378,40.70751],[-74.01483,40.70509],[-74.01505,40.70457],[-74.01507,40.70454],[-74.01508,40.70451],[-74.01509,40.70449],[-74.01509,40.70446],[-74.0151,40.70443],[-74.01511,40.70441],[-74.01511,40.70438],[-74.01512,40.70435],[-74.01512,40.70433],[-74.01512,40.7043],[-74.01513,40.70427],[-74.01513,40.70425],[-74.01513,40.70422],[-74.01512,40.70419],[-74.01512,40.70417],[-74.01504,40.70363],[-74.01503,40.7036],[-74.01503,40.70357],[-74.01502,40.70354],[-74.01501,40.70351],[-74.015,40.70348],[-74.01498,40.70345],[-74.01497,40.70342],[-74.01495,40.70339],[-74.01493,40.70336],[-74.01491,40.70334],[-74.01489,40.70331],[-74.01487,40.70328],[-74.01485,40.70325],[-74.01482,40.70323],[-74.01479,40.7032],[-74.01366,40.70207]]}},{"type":"Feature","properties":{"route":"1","color":"#D82233"},"geometry":{"type":"LineString","coordinates":[[-74.01366,40.70207],[-74.01479,40.7032],[-74.01482,40.70323],[-74.01485,40.70325],[-74.01487,40.70328],[-74.01489,40.70331],[-74.01491,40.70334],[-74.01493,40.70336],[-74.01495,40.70339],[-74.01497,40.70342],[-74.01498,40.70345],[-74.015,40.70348],[-74.01501,40.70351],[-74.01502,40.70354],[-74.01503,40.70357],[-74.01503,40.7036],[-74.01504,40.70363],[-74.01512,40.70417],[-74.01512,40.70419],[-74.01513,40.70422],[-74.01513,40.70425],[-74.01513,40.70427],[-74.01512,40.7043],[-74.01512,40.70433],[-74.01512,40.70435],[-74.01511,40.70438],[-74.01511,40.70441],[-74.0151,40.70443],[-74.01509,40.70446],[-74.01509,40.70449],[-74.01508,40.70451],[-74.01507,40.70454],[-74.01505,40.70457],[-74.01483,40.70509],[-74.01378,40.70751],[-74.01347,40.70824],[-74.01265,40.71013],[-74.01253,40.7105],[-74.01238,40.71111],[-74.01226,40.71157],[-74.01219,40.71184],[-74.01211,40.71211],[-74.01209,40.71215],[-74.01208,40.7122],[-74.01206,40.71225],[-74.01203,40.7123],[-74.01201,40.71235],[-74.01199,40.71239],[-74.01196,40.71244],[-74.01193,40.71249],[-74.0119,40.71253],[-74.01186,40.71257],[-74.01183,40.71262],[-74.01179,40.71266],[-74.01175,40.7127],[-74.01171,40.71274],[-74.01167,40.71278],[-74.01114,40.71321],[-74.01112,40.71323],[-74.01109,40.71325],[-74.01107,40.71326],[-74.01105,40.71328],[-74.01103,40.7133],[-74.01101,40.71332],[-74.01099,40.71333],[-74.01097,40.71335],[-74.01095,40.71337],[-74.01094,40.71339],[-74.01092,40.71341],[-74.0109,40.71343],[-74.01088,40.71344],[-74.01086,40.71346],[-74.01085,40.71348],[-74.01057,40.71384],[-74.01047,40.71396],[-74.01019,40.7143],[-74.0093,40.71544],[-74.00927,40.71548],[-74.00725,40.71803],[-74.00723,40.71806],[-74.00721,40.71809],[-74.00719,40.71813],[-74.00717,40.71816],[-74.00715,40.71819],[-74.00713,40.71823],[-74.00712,40.71826],[-74.0071,40.7183],[-74.00709,40.71833],[-74.00708,40.71837],[-74.00707,40.71841],[-74.00705,40.71845],[-74.00705,40.71848],[-74.00704,40.71852],[-74.00703,40.71856],[-74.00689,40.71932],[-74.00628,40.72285],[-74.00537,40.72825],[-74.00526,40.72893],[-74.00522,40.72917],[-74.0052,40.72928],[-74.00516,40.72941],[-74.00511,40.72953],[-74.00506,40.72964],[-74.00494,40.72988],[-74.00468,40.73032],[-74.00291,40.73342],[-74.00145,40.73597],[-74.00135,40.73616],[-74.00123,40.73636],[-74.00109,40.73658],[-74.00097,40.73676],[-74.0002,40.73783],[-73.99787,40.74104],[-73.99566,40.74408],[-73.99336,40.74721],[-73.99106,40.75037],[-73.98749,40.75529],[-73.98601,40.75734],[-73.98579,40.75764],[-73.98571,40.75776],[-73.98564,40.75788],[-73.98557,40.75801],[-73.98551,40.75816],[-73.98542,40.75838],[-73.98533,40.75863],[-73.98506,40.75941],[-73.98496,40.75971],[-73.98484,40.76002],[-73.98472,40.76028],[-73.98458,40.76059],[-73.98444,40.76082],[-73.98429,40.76104],[-73.98385,40.76173],[-73.98336,40.76249],[-73.98304,40.76298],[-73.98279,40.76341],[-73.98263,40.76371],[-73.98246,40.76403],[-73.98232,40.76439],[-73.98216,40.76482],[-73.98206,40.76512],[-73.98198,40.76546],[-73.98191,40.76581],[-73.98176,40.76681],[-73.9817,40.76717],[-73.98169,40.76732],[-73.98169,40.76744],[-73.9817,40.76756],[-73.98172,40.76768],[-73.98175,40.76778],[-73.98178,40.7679],[-73.98193,40.76825],[-73.98201,40.76845],[-73.98205,40.76858],[-73.98208,40.7687],[-73.98209,40.76879],[-73.9821,40.76922],[-73.98221,40.77344],[-73.98221,40.77417],[-73.98209,40.7775],[-73.98206,40.77787],[-73.98201,40.77821],[-73.98197,40.77845],[-73.98191,40.77882],[-73.98176,40.77943],[-73.98131,40.781],[-73.98092,40.78216],[-73.98085,40.78237],[-73.98075,40.78262],[-73.98066,40.78279],[-73.98057,40.78297],[-73.98047,40.78315],[-73.98037,40.78331],[-73.97992,40.78393],[-73.97766,40.78695],[-73.97711,40.7876],[-73.97622,40.78864],[-73.97594,40.78896],[-73.97232,40.79392],[-73.97226,40.794],[-73.96898,40.79851],[-73.96893,40.79857],[-73.96888,40.79863],[-73.96883,40.7987],[-73.96879,40.79876],[-73.96874,40.79883],[-73.9687,40.79889],[-73.96866,40.79895],[-73.96862,40.79902],[-73.96858,40.79908],[-73.96854,40.79914],[-73.96851,40.7992],[-73.96847,40.79926],[-73.96844,40.79933],[-73.96841,40.79939],[-73.96838,40.79945],[-73.96821,40.79977],[-73.96808,40.80012],[-73.96798,40.80051],[-73.96793,40.80087],[-73.96783,40.80198],[-73.96779,40.8023],[-73.96772,40.8026],[-73.96765,40.80278],[-73.96758,40.80293],[-73.96747,40.80312],[-73.96731,40.80332],[-73.96685,40.80397],[-73.96411,40.80772],[-73.95837,40.81558],[-73.95368,40.82201],[-73.95036,40.82655],[-73.94489,40.83404],[-73.94013,40.84056],[-73.9336,40.84951],[-73.92941,40.85522],[-73.92554,40.86053],[-73.92519,40.861],[-73.92511,40.8611],[-73.92502,40.8612],[-73.92491,40.8613],[-73.92481,40.8614],[-73.92464,40.86152],[-73.92449,40.86162],[-73.92433,40.86171],[-73.92415,40.8618],[-73.92397,40.86189],[-73.92063,40.86312],[-73.9203,40.86324],[-73.92005,40.86335],[-73.91987,40.86345],[-73.9197,40.86356],[-73.91957,40.86367],[-73.91944,40.86378],[-73.91931,40.86395],[-73.91882,40.86462],[-73.91528,40.86944],[-73.91467,40.87028],[-73.91414,40.87099],[-73.9138,40.87138],[-73.91342,40.87176],[-73.913,40.87211],[-73.9122,40.87277],[-73.91025,40.87428],[-73.90983,40.87456],[-73.90965,40.87469],[-73.90888,40.87528],[-73.90826,40.87577],[-73.90795,40.876],[-73.90762,40.87621],[-73.9073,40.87639],[-73.90688,40.8766],[-73.90659,40.87676],[-73.90631,40.87696],[-73.90606,40.87718],[-73.90574,40.87758],[-73.90483,40.87886],[-73.90222,40.88253],[-73.9019,40.88299],[-73.9016,40.88347],[-73.90099,40.88446],[-73.90087,40.88467],[-73.90073,40.88493],[-73.90004,40.88631],[-73.89962,40.88719],[-73.89858,40.88925]]}},{"type":"Feature","properties":{"route":"2","color":"#D82233"},"geometry":{"type":"LineString","coordinates":[[-73.85062,40.90313],[-73.85136,40.90226],[-73.85151,40.90207],[-73.85163,40.9019],[-73.85177,40.90167],[-73.85203,40.90126],[-73.85234,40.9008],[-73.85245,40.90065],[-73.85277,40.90026],[-73.85304,40.89993],[-73.85333,40.89959],[-73.85438,40.89838],[-73.85478,40.8979],[-73.85494,40.89772],[-73.85512,40.89745],[-73.85747,40.89319],[-73.86034,40.88802],[-73.86263,40.8839],[-73.86385,40.88171],[-73.86626,40.87785],[-73.86679,40.87699],[-73.86686,40.87686],[-73.86693,40.87669],[-73.86697,40.87652],[-73.867,40.87637],[-73.86702,40.87619],[-73.86702,40.87583],[-73.86716,40.87136],[-73.86735,40.86546],[-73.86762,40.85719],[-73.86783,40.85025],[-73.86785,40.85007],[-73.86787,40.84993],[-73.86792,40.84977],[-73.86799,40.84963],[-73.86815,40.84934],[-73.86846,40.84883],[-73.86919,40.84757],[-73.86943,40.84715],[-73.86961,40.84677],[-73.86995,40.84597],[-73.87014,40.84553],[-73.87047,40.84477],[-73.8706,40.8445],[-73.87072,40.84429],[-73.87086,40.8441],[-73.87103,40.84391],[-73.87139,40.84357],[-73.87179,40.84325],[-73.87349,40.84189],[-73.87411,40.8414],[-73.87422,40.84132],[-73.87433,40.84125],[-73.87443,40.84121],[-73.87454,40.84117],[-73.87474,40.84112],[-73.87631,40.84085],[-73.87662,40.8408],[-73.87684,40.84078],[-73.87701,40.84079],[-73.87717,40.84079],[-73.87733,40.84082],[-73.87747,40.84085],[-73.87764,40.8409],[-73.87778,40.84094],[-73.87803,40.84105],[-73.87822,40.84113],[-73.87842,40.84121],[-73.87851,40.84125],[-73.8786,40.84127],[-73.87871,40.84128],[-73.87883,40.84127],[-73.87897,40.84125],[-73.87908,40.84121],[-73.87918,40.84115],[-73.87928,40.84105],[-73.87973,40.84058],[-73.8799,40.84042],[-73.88005,40.84029],[-73.88015,40.84023],[-73.88028,40.84016],[-73.8805,40.84006],[-73.88085,40.83991],[-73.88115,40.8398],[-73.88141,40.83972],[-73.88176,40.83964],[-73.88197,40.83961],[-73.88219,40.83959],[-73.8826,40.83957],[-73.88303,40.83955],[-73.88329,40.83952],[-73.88357,40.83948],[-73.88389,40.83942],[-73.88417,40.83934],[-73.88444,40.83925],[-73.88465,40.83917],[-73.88489,40.83906],[-73.88512,40.83893],[-73.88718,40.83771],[-73.88754,40.83746],[-73.88765,40.83737],[-73.88773,40.83729],[-73.8878,40.83722],[-73.88794,40.83703],[-73.88807,40.83683],[-73.88819,40.83662],[-73.89134,40.83136],[-73.89147,40.83115],[-73.89161,40.83089],[-73.8917,40.83067],[-73.89179,40.8304],[-73.89183,40.83023],[-73.89185,40.83011],[-73.89186,40.82999],[-73.89187,40.82984],[-73.89192,40.82552],[-73.89192,40.82507],[-73.89193,40.82498],[-73.89195,40.8249],[-73.89198,40.82482],[-73.89202,40.82474],[-73.89209,40.82465],[-73.89218,40.82455],[-73.89226,40.82449],[-73.89237,40.82443],[-73.89277,40.82422],[-73.89306,40.82407],[-73.89674,40.82218],[-73.90177,40.81958],[-73.90269,40.81911],[-73.90327,40.81882],[-73.90421,40.8184],[-73.90511,40.818],[-73.90552,40.81781],[-73.90595,40.81758],[-73.90781,40.81649],[-73.90838,40.81617],[-73.90868,40.81605],[-73.9089,40.816],[-73.90911,40.81596],[-73.9094,40.81594],[-73.90981,40.81593],[-73.91008,40.81593],[-73.91036,40.81593],[-73.91073,40.81595],[-73.91114,40.81597],[-73.91184,40.81603],[-73.91267,40.81611],[-73.91333,40.81618],[-73.91357,40.8162],[-73.9138,40.81621],[-73.91403,40.8162],[-73.91423,40.81617],[-73.91445,40.81611],[-73.91473,40.816],[-73.91483,40.81596],[-73.91495,40.81591],[-73.9152,40.81582],[-73.91547,40.81574],[-73.91568,40.8157],[-73.91593,40.81568],[-73.91628,40.8157],[-73.91649,40.81573],[-73.91667,40.81578],[-73.91776,40.81611],[-73.92672,40.81841],[-73.92778,40.81869],[-73.92893,40.81898],[-73.92911,40.81903],[-73.92928,40.81906],[-73.92946,40.8191],[-73.92963,40.81913],[-73.9298,40.81916],[-73.92997,40.81919],[-73.93014,40.81922],[-73.93032,40.81924],[-73.93049,40.81926],[-73.93066,40.81928],[-73.93083,40.8193],[-73.931,40.81931],[-73.93116,40.81932],[-73.93133,40.81933],[-73.9315,40.81934],[-73.93526,40.8193],[-73.93546,40.8193],[-73.93565,40.81929],[-73.93584,40.81927],[-73.93602,40.81924],[-73.9362,40.81921],[-73.93638,40.81916],[-73.93655,40.81911],[-73.93672,40.81905],[-73.93688,40.81898],[-73.93703,40.8189],[-73.93719,40.81881],[-73.93734,40.81871],[-73.93748,40.81861],[-73.93762,40.81849],[-73.93775,40.81837],[-73.94077,40.81423],[-73.94549,40.80775],[-73.94962,40.8021],[-73.95182,40.79908],[-73.95201,40.79884],[-73.95217,40.79866],[-73.95232,40.79856],[-73.95247,40.79847],[-73.9527,40.79836],[-73.95301,40.79825],[-73.95331,40.79818],[-73.95368,40.79811],[-73.95674,40.79754],[-73.96057,40.7969],[-73.9608,40.79688],[-73.96098,40.79687],[-73.96119,40.79689],[-73.96139,40.79693],[-73.96159,40.797],[-73.96182,40.79709],[-73.96205,40.79718],[-73.96658,40.7991],[-73.96677,40.79916],[-73.96696,40.79921],[-73.96714,40.79925],[-73.96732,40.79927],[-73.96749,40.79928],[-73.96766,40.79927],[-73.96783,40.79924],[-73.96799,40.7992],[-73.96814,40.79915],[-73.96829,40.79908],[-73.96844,40.799],[-73.96858,40.7989],[-73.96872,40.79878],[-73.96885,40.79865],[-73.96898,40.79851],[-73.97226,40.794],[-73.97232,40.79392],[-73.97594,40.78896],[-73.97622,40.78864],[-73.97711,40.7876],[-73.97766,40.78695],[-73.97992,40.78393],[-73.98037,40.78331],[-73.98047,40.78315],[-73.98057,40.78297],[-73.98066,40.78279],[-73.98075,40.78262],[-73.98085,40.78237],[-73.98092,40.78216],[-73.98131,40.781],[-73.98176,40.77943],[-73.98191,40.77882],[-73.98197,40.77845],[-73.98201,40.77821],[-73.98206,40.77787],[-73.98209,40.7775],[-73.98221,40.77417],[-73.98221,40.77344],[-73.9821,40.76922],[-73.98209,40.76879],[-73.98208,40.7687],[-73.98205,40.76858],[-73.98201,40.76845],[-73.98193,40.76825],[-73.98178,40.7679],[-73.98175,40.76778],[-73.98172,40.76768],[-73.9817,40.76756],[-73.98169,40.76744],[-73.98169,40.76732],[-73.9817,40.76717],[-73.98176,40.76681],[-73.98191,40.76581],[-73.98198,40.76546],[-73.98206,40.76512],[-73.98216,40.76482],[-73.98232,40.76439],[-73.98246,40.76403],[-73.98263,40.76371],[-73.98279,40.76341],[-73.98304,40.76298],[-73.98336,40.76249],[-73.98385,40.76173],[-73.98429,40.76104],[-73.98444,40.76082],[-73.98458,40.76059],[-73.98472,40.76028],[-73.98484,40.76002],[-73.98496,40.75971],[-73.98506,40.75941],[-73.98533,40.75863],[-73.98542,40.75838],[-73.98551,40.75816],[-73.98557,40.75801],[-73.98564,40.75788],[-73.98571,40.75776],[-73.98579,40.75764],[-73.98601,40.75734],[-73.98749,40.75529],[-73.99106,40.75037],[-73.99336,40.74721],[-73.99566,40.74408],[-73.99787,40.74104],[-74.0002,40.73783],[-74.00097,40.73676],[-74.00109,40.73658],[-74.00123,40.73636],[-74.00135,40.73616],[-74.00145,40.73597],[-74.00291,40.73342],[-74.00468,40.73032],[-74.00494,40.72988],[-74.00506,40.72964],[-74.00511,40.72953],[-74.00516,40.72941],[-74.0052,40.72928],[-74.00522,40.72917],[-74.00526,40.72893],[-74.00537,40.72825],[-74.00628,40.72285],[-74.00689,40.71932],[-74.00703,40.71856],[-74.00704,40.71852],[-74.00705,40.71848],[-74.00705,40.71845],[-74.00707,40.71841],[-74.00708,40.71837],[-74.00709,40.71833],[-74.0071,40.7183],[-74.00712,40.71826],[-74.00713,40.71823],[-74.00715,40.71819],[-74.00717,40.71816],[-74.00719,40.71813],[-74.00721,40.71809],[-74.00723,40.71806],[-74.00725,40.71803],[-74.00927,40.71548],[-74.0093,40.71544],[-74.01019,40.7143],[-74.01024,40.71424],[-74.01028,40.71418],[-74.01031,40.71412],[-74.01033,40.71407],[-74.01035,40.71401],[-74.01035,40.71396],[-74.01035,40.71391],[-74.01034,40.71386],[-74.01032,40.71382],[-74.01029,40.71378],[-74.01026,40.71374],[-74.01021,40.7137],[-74.01016,40.71366],[-74.0101,40.71363],[-74.01003,40.7136],[-74.00881,40.71305],[-74.00796,40.71266],[-74.00781,40.7126],[-74.00767,40.71252],[-74.00755,40.71243],[-74.00745,40.71234],[-74.00737,40.71224],[-74.00729,40.71214],[-74.00704,40.71179],[-74.00695,40.71169],[-74.00685,40.71158],[-74.00595,40.71073],[-74.00585,40.71062],[-74.0058,40.71056],[-74.00577,40.7105],[-74.00576,40.71044],[-74.00576,40.71038],[-74.00578,40.71032],[-74.0058,40.71025],[-74.00584,40.71019],[-74.00587,40.71015],[-74.00657,40.70942],[-74.00817,40.70781],[-74.00859,40.70738],[-74.0091,40.70682],[-74.00949,40.70638],[-74.00967,40.70614],[-74.0098,40.70592],[-74.00989,40.70573],[-74.00994,40.70557],[-74.00998,40.70538],[-74.01,40.70528],[-74.00999,40.70518],[-74.00996,40.70508],[-74.00989,40.70497],[-74.00974,40.70477],[-74.0095,40.70457],[-74.00713,40.70246],[-74.00651,40.70192],[-74.00607,40.7016],[-74.00566,40.70135],[-74.00518,40.70107],[-74.00471,40.70083],[-74.00426,40.70063],[-74.00365,40.70042],[-74.00291,40.70017],[-73.99309,40.69747],[-73.99202,40.69718],[-73.9919,40.69715],[-73.99182,40.69712],[-73.99174,40.69708],[-73.99167,40.69705],[-73.9916,40.69701],[-73.99154,40.69696],[-73.99148,40.69692],[-73.99142,40.69687],[-73.99137,40.69682],[-73.99133,40.69676],[-73.99129,40.69671],[-73.99125,40.69664],[-73.99123,40.69658],[-73.9912,40.69651],[-73.99118,40.69644],[-73.99116,40.69637],[-73.99057,40.69447],[-73.99055,40.69443],[-73.99054,40.69439],[-73.99053,40.69436],[-73.99051,40.69432],[-73.9905,40.69428],[-73.99048,40.69424],[-73.99047,40.6942],[-73.99045,40.69416],[-73.99044,40.69412],[-73.99042,40.69409],[-73.99041,40.69405],[-73.99039,40.69401],[-73.99037,40.69398],[-73.99036,40.69394],[-73.99034,40.69391],[-73.99,40.69322],[-73.98973,40.6927],[-73.98971,40.69266],[-73.98968,40.69262],[-73.98965,40.69257],[-73.98962,40.69253],[-73.98959,40.6925],[-73.98956,40.69246],[-73.98952,40.69243],[-73.98949,40.69239],[-73.98945,40.69236],[-73.98941,40.69233],[-73.98937,40.6923],[-73.98932,40.69227],[-73.98928,40.69225],[-73.98923,40.69222],[-73.98919,40.69219],[-73.98507,40.69055],[-73.98162,40.68916],[-73.98153,40.68913],[-73.98144,40.6891],[-73.98136,40.68906],[-73.98128,40.68903],[-73.98121,40.68899],[-73.98113,40.68894],[-73.98107,40.6889],[-73.981,40.68886],[-73.98094,40.68881],[-73.98088,40.68876],[-73.98083,40.6887],[-73.98078,40.68865],[-73.98074,40.68859],[-73.9807,40.68853],[-73.98065,40.68847],[-73.98049,40.68825],[-73.97871,40.68578],[-73.97767,40.68436],[-73.9751,40.68083],[-73.97105,40.67524],[-73.96981,40.67368],[-73.96969,40.67355],[-73.96955,40.67341],[-73.9694,40.6733],[-73.96926,40.67321],[-73.96909,40.67312],[-73.96895,40.67306],[-73.96878,40.673],[-73.96863,40.67296],[-73.96846,40.67292],[-73.96438,40.67199],[-73.95813,40.67068],[-73.95582,40.67021],[-73.95554,40.67016],[-73.95526,40.67012],[-73.95498,40.6701],[-73.95471,40.67008],[-73.95171,40.66992],[-73.95047,40.66985],[-73.94216,40.6694],[-73.93294,40.6689],[-73.92659,40.66855],[-73.92637,40.66854],[-73.92617,40.66851],[-73.92599,40.66847],[-73.9258,40.66842],[-73.92571,40.66837],[-73.92562,40.66833],[-73.92555,40.66827],[-73.92549,40.66821],[-73.92536,40.66809],[-73.92516,40.66788],[-73.92504,40.66774],[-73.92497,40.66765],[-73.92491,40.66755],[-73.92486,40.66745],[-73.92481,40.66733],[-73.9245,40.66661],[-73.92441,40.66642],[-73.92436,40.66633],[-73.92429,40.66625],[-73.92424,40.66618],[-73.92418,40.66612],[-73.92261,40.66472],[-73.91909,40.66157],[-73.91896,40.66145],[-73.91879,40.66134],[-73.91861,40.66127],[-73.91844,40.66122],[-73.91824,40.6612],[-73.91804,40.6612],[-73.91763,40.66126],[-73.91633,40.66145],[-73.90895,40.66255],[-73.90245,40.66351],[-73.8949,40.66463],[-73.88939,40.66545],[-73.88408,40.66624]]}},{"type":"Feature","properties":{"route":"2","color":"#D82233"},"geometry":{"type":"LineString","coordinates":[[-73.88408,40.66624],[-73.88939,40.66545],[-73.8949,40.66463],[-73.90245,40.66351],[-73.90895,40.66255],[-73.91633,40.66145],[-73.91763,40.66126],[-73.91804,40.6612],[-73.91824,40.6612],[-73.91844,40.66122],[-73.91861,40.66127],[-73.91879,40.66134],[-73.91896,40.66145],[-73.91909,40.66157],[-73.92261,40.66472],[-73.92418,40.66612],[-73.92424,40.66618],[-73.92429,40.66625],[-73.92436,40.66633],[-73.92441,40.66642],[-73.9245,40.66661],[-73.92481,40.66733],[-73.92486,40.66745],[-73.92491,40.66755],[-73.92497,40.66765],[-73.92504,40.66774],[-73.92516,40.66788],[-73.92536,40.66809],[-73.92549,40.66821],[-73.92555,40.66827],[-73.92562,40.66833],[-73.92571,40.66837],[-73.9258,40.66842],[-73.92599,40.66847],[-73.92617,40.66851],[-73.92637,40.66854],[-73.92659,40.66855],[-73.93294,40.6689],[-73.94216,40.6694],[-73.95047,40.66985],[-73.95171,40.66992],[-73.95471,40.67008],[-73.95498,40.6701],[-73.95526,40.67012],[-73.95554,40.67016],[-73.95582,40.67021],[-73.95813,40.67068],[-73.96438,40.67199],[-73.96846,40.67292],[-73.96863,40.67296],[-73.96878,40.673],[-73.96895,40.67306],[-73.96909,40.67312],[-73.96926,40.67321],[-73.9694,40.6733],[-73.96955,40.67341],[-73.96969,40.67355],[-73.96981,40.67368],[-73.97105,40.67524],[-73.9751,40.68083],[-73.97767,40.68436],[-73.97871,40.68578],[-73.98049,40.68825],[-73.98065,40.68847],[-73.9807,40.68853],[-73.98074,40.68859],[-73.98078,40.68865],[-73.98083,40.6887],[-73.98088,40.68876],[-73.98094,40.68881],[-73.981,40.68886],[-73.98107,40.6889],[-73.98113,40.68894],[-73.98121,40.68899],[-73.98128,40.68903],[-73.98136,40.68906],[-73.98144,40.6891],[-73.98153,40.68913],[-73.98162,40.68916],[-73.98507,40.69055],[-73.98919,40.69219],[-73.98923,40.69222],[-73.98928,40.69225],[-73.98932,40.69227],[-73.98937,40.6923],[-73.98941,40.69233],[-73.98945,40.69236],[-73.98949,40.69239],[-73.98952,40.69243],[-73.98956,40.69246],[-73.98959,40.6925],[-73.98962,40.69253],[-73.98965,40.69257],[-73.98968,40.69262],[-73.98971,40.69266],[-73.98973,40.6927],[-73.99,40.69322],[-73.99034,40.69391],[-73.99036,40.69394],[-73.99037,40.69398],[-73.99039,40.69401],[-73.99041,40.69405],[-73.99042,40.69409],[-73.99044,40.69412],[-73.99045,40.69416],[-73.99047,40.6942],[-73.99048,40.69424],[-73.9905,40.69428],[-73.99051,40.69432],[-73.99053,40.69436],[-73.99054,40.69439],[-73.99055,40.69443],[-73.99057,40.69447],[-73.99116,40.69637],[-73.99118,40.69644],[-73.9912,40.69651],[-73.99123,40.69658],[-73.99125,40.69664],[-73.99129,40.69671],[-73.99133,40.69676],[-73.99137,40.69682],[-73.99142,40.69687],[-73.99148,40.69692],[-73.99154,40.69696],[-73.9916,40.69701],[-73.99167,40.69705],[-73.99174,40.69708],[-73.99182,40.69712],[-73.9919,40.69715],[-73.99202,40.69718],[-73.99309,40.69747],[-74.00291,40.70017],[-74.00365,40.70042],[-74.00426,40.70063],[-74.00471,40.70083],[-74.00518,40.70107],[-74.00566,40.70135],[-74.00607,40.7016],[-74.00651,40.70192],[-74.00713,40.70246],[-74.0095,40.70457],[-74.00974,40.70477],[-74.00989,40.70497],[-74.00996,40.70508],[-74.00999,40.70518],[-74.01,40.70528],[-74.00998,40.70538],[-74.00994,40.70557],[-74.00989,40.70573],[-74.0098,40.70592],[-74.00967,40.70614],[-74.00949,40.70638],[-74.0091,40.70682],[-74.00859,40.70738],[-74.00817,40.70781],[-74.00657,40.70942],[-74.00587,40.71015],[-74.00584,40.71019],[-74.0058,40.71025],[-74.00578,40.71032],[-74.00576,40.71038],[-74.00576,40.71044],[-74.00577,40.7105],[-74.0058,40.71056],[-74.00585,40.71062],[-74.00595,40.71073],[-74.00685,40.71158],[-74.00695,40.71169],[-74.00704,40.71179],[-74.00729,40.71214],[-74.00737,40.71224],[-74.00745,40.71234],[-74.00755,40.71243],[-74.00767,40.71252],[-74.00781,40.7126],[-74.00796,40.71266],[-74.00881,40.71305],[-74.01003,40.7136],[-74.0101,40.71363],[-74.01016,40.71366],[-74.01021,40.7137],[-74.01026,40.71374],[-74.01029,40.71378],[-74.01032,40.71382],[-74.01034,40.71386],[-74.01035,40.71391],[-74.01035,40.71396],[-74.01035,40.71401],[-74.01033,40.71407],[-74.01031,40.71412],[-74.01028,40.71418],[-74.01024,40.71424],[-74.01019,40.7143],[-74.0093,40.71544],[-74.00927,40.71548],[-74.00725,40.71803],[-74.00723,40.71806],[-74.00721,40.71809],[-74.00719,40.71813],[-74.00717,40.71816],[-74.00715,40.71819],[-74.00713,40.71823],[-74.00712,40.71826],[-74.0071,40.7183],[-74.00709,40.71833],[-74.00708,40.71837],[-74.00707,40.71841],[-74.00705,40.71845],[-74.00705,40.71848],[-74.00704,40.71852],[-74.00703,40.71856],[-74.00689,40.71932],[-74.00628,40.72285],[-74.00537,40.72825],[-74.00526,40.72893],[-74.00522,40.72917],[-74.0052,40.72928],[-74.00516,40.72941],[-74.00511,40.72953],[-74.00506,40.72964],[-74.00494,40.72988],[-74.00468,40.73032],[-74.00291,40.73342],[-74.00145,40.73597],[-74.00135,40.73616],[-74.00123,40.73636],[-74.00109,40.73658],[-74.00097,40.73676],[-74.0002,40.73783],[-73.99787,40.74104],[-73.99566,40.74408],[-73.99336,40.74721],[-73.99106,40.75037],[-73.98749,40.75529],[-73.98601,40.75734],[-73.98579,40.75764],[-73.98571,40.75776],[-73.98564,40.75788],[-73.98557,40.75801],[-73.98551,40.75816],[-73.98542,40.75838],[-73.98533,40.75863],[-73.98506,40.75941],[-73.98496,40.75971],[-73.98484,40.76002],[-73.98472,40.76028],[-73.98458,40.76059],[-73.98444,40.76082],[-73.98429,40.76104],[-73.98385,40.76173],[-73.98336,40.76249],[-73.98304,40.76298],[-73.98279,40.76341],[-73.98263,40.76371],[-73.98246,40.76403],[-73.98232,40.76439],[-73.98216,40.76482],[-73.98206,40.76512],[-73.98198,40.76546],[-73.98191,40.76581],[-73.98176,40.76681],[-73.9817,40.76717],[-73.98169,40.76732],[-73.98169,40.76744],[-73.9817,40.76756],[-73.98172,40.76768],[-73.98175,40.76778],[-73.98178,40.7679],[-73.98193,40.76825],[-73.98201,40.76845],[-73.98205,40.76858],[-73.98208,40.7687],[-73.98209,40.76879],[-73.9821,40.76922],[-73.98221,40.77344],[-73.98221,40.77417],[-73.98209,40.7775],[-73.98206,40.77787],[-73.98201,40.77821],[-73.98197,40.77845],[-73.98191,40.77882],[-73.98176,40.77943],[-73.98131,40.781],[-73.98092,40.78216],[-73.98085,40.78237],[-73.98075,40.78262],[-73.98066,40.78279],[-73.98057,40.78297],[-73.98047,40.78315],[-73.98037,40.78331],[-73.97992,40.78393],[-73.97766,40.78695],[-73.97711,40.7876],[-73.97622,40.78864],[-73.97594,40.78896],[-73.97232,40.79392],[-73.97226,40.794],[-73.96898,40.79851],[-73.96885,40.79865],[-73.96872,40.79878],[-73.96858,40.7989],[-73.96844,40.799],[-73.96829,40.79908],[-73.96814,40.79915],[-73.96799,40.7992],[-73.96783,40.79924],[-73.96766,40.79927],[-73.96749,40.79928],[-73.96732,40.79927],[-73.96714,40.79925],[-73.96696,40.79921],[-73.96677,40.79916],[-73.96658,40.7991],[-73.96205,40.79718],[-73.96182,40.79709],[-73.96159,40.797],[-73.96139,40.79693],[-73.96119,40.79689],[-73.96098,40.79687],[-73.9608,40.79688],[-73.96057,40.7969],[-73.95674,40.79754],[-73.95368,40.79811],[-73.95331,40.79818],[-73.95301,40.79825],[-73.9527,40.79836],[-73.95247,40.79847],[-73.95232,40.79856],[-73.95217,40.79866],[-73.95201,40.79884],[-73.95182,40.79908],[-73.94962,40.8021],[-73.94549,40.80775],[-73.94077,40.81423],[-73.93775,40.81837],[-73.93762,40.81849],[-73.93748,40.81861],[-73.93734,40.81871],[-73.93719,40.81881],[-73.93703,40.8189],[-73.93688,40.81898],[-73.93672,40.81905],[-73.93655,40.81911],[-73.93638,40.81916],[-73.9362,40.81921],[-73.93602,40.81924],[-73.93584,40.81927],[-73.93565,40.81929],[-73.93546,40.8193],[-73.93526,40.8193],[-73.9315,40.81934],[-73.93133,40.81933],[-73.93116,40.81932],[-73.931,40.81931],[-73.93083,40.8193],[-73.93066,40.81928],[-73.93049,40.81926],[-73.93032,40.81924],[-73.93014,40.81922],[-73.92997,40.81919],[-73.9298,40.81916],[-73.92963,40.81913],[-73.92946,40.8191],[-73.92928,40.81906],[-73.92911,40.81903],[-73.92893,40.81898],[-73.92778,40.81869],[-73.92672,40.81841],[-73.91776,40.81611],[-73.91667,40.81578],[-73.91649,40.81573],[-73.91628,40.8157],[-73.91593,40.81568],[-73.91568,40.8157],[-73.91547,40.81574],[-73.9152,40.81582],[-73.91495,40.81591],[-73.91483,40.81596],[-73.91473,40.816],[-73.91445,40.81611],[-73.91423,40.81617],[-73.91403,40.8162],[-73.9138,40.81621],[-73.91357,40.8162],[-73.91333,40.81618],[-73.91267,40.81611],[-73.91184,40.81603],[-73.91114,40.81597],[-73.91073,40.81595],[-73.91036,40.81593],[-73.91008,40.81593],[-73.90981,40.81593],[-73.9094,40.81594],[-73.90911,40.81596],[-73.9089,40.816],[-73.90868,40.81605],[-73.90838,40.81617],[-73.90781,40.81649],[-73.90595,40.81758],[-73.90552,40.81781],[-73.90511,40.818],[-73.90421,40.8184],[-73.90327,40.81882],[-73.90269,40.81911],[-73.90177,40.81958],[-73.89674,40.82218],[-73.89306,40.82407],[-73.89277,40.82422],[-73.89237,40.82443],[-73.89226,40.82449],[-73.89218,40.82455],[-73.89209,40.82465],[-73.89202,40.82474],[-73.89198,40.82482],[-73.89195,40.8249],[-73.89193,40.82498],[-73.89192,40.82507],[-73.89192,40.82552],[-73.89187,40.82984],[-73.89186,40.82999],[-73.89185,40.83011],[-73.89183,40.83023],[-73.89179,40.8304],[-73.8917,40.83067],[-73.89161,40.83089],[-73.89147,40.83115],[-73.89134,40.83136],[-73.88819,40.83662],[-73.88807,40.83683],[-73.88794,40.83703],[-73.8878,40.83722],[-73.88773,40.83729],[-73.88765,40.83737],[-73.88754,40.83746],[-73.88718,40.83771],[-73.88512,40.83893],[-73.88489,40.83906],[-73.88465,40.83917],[-73.88444,40.83925],[-73.88417,40.83934],[-73.88389,40.83942],[-73.88357,40.83948],[-73.88329,40.83952],[-73.88303,40.83955],[-73.8826,40.83957],[-73.88219,40.83959],[-73.88197,40.83961],[-73.88176,40.83964],[-73.88141,40.83972],[-73.88115,40.8398],[-73.88085,40.83991],[-73.8805,40.84006],[-73.88028,40.84016],[-73.88015,40.84023],[-73.88005,40.84029],[-73.8799,40.84042],[-73.87973,40.84058],[-73.87928,40.84105],[-73.87918,40.84115],[-73.87908,40.84121],[-73.87897,40.84125],[-73.87883,40.84127],[-73.87871,40.84128],[-73.8786,40.84127],[-73.87851,40.84125],[-73.87842,40.84121],[-73.87822,40.84113],[-73.87803,40.84105],[-73.87778,40.84094],[-73.87764,40.8409],[-73.87747,40.84085],[-73.87733,40.84082],[-73.87717,40.84079],[-73.87701,40.84079],[-73.87684,40.84078],[-73.87662,40.8408],[-73.87631,40.84085],[-73.87474,40.84112],[-73.87454,40.84117],[-73.87443,40.84121],[-73.87433,40.84125],[-73.87422,40.84132],[-73.87411,40.8414],[-73.87349,40.84189],[-73.87179,40.84325],[-73.87139,40.84357],[-73.87103,40.84391],[-73.87086,40.8441],[-73.87072,40.84429],[-73.8706,40.8445],[-73.87047,40.84477],[-73.87014,40.84553],[-73.86995,40.84597],[-73.86961,40.84677],[-73.86943,40.84715],[-73.86919,40.84757],[-73.86846,40.84883],[-73.86815,40.84934],[-73.86799,40.84963],[-73.86792,40.84977],[-73.86787,40.84993],[-73.86785,40.85007],[-73.86783,40.85025],[-73.86762,40.85719],[-73.86735,40.86546],[-73.86716,40.87136],[-73.86702,40.87583],[-73.86702,40.87619],[-73.867,40.87637],[-73.86697,40.87652],[-73.86693,40.87669],[-73.86686,40.87686],[-73.86679,40.87699],[-73.86626,40.87785],[-73.86385,40.88171],[-73.86263,40.8839],[-73.86034,40.88802],[-73.85747,40.89319],[-73.85512,40.89745],[-73.85494,40.89772],[-73.85478,40.8979],[-73.85438,40.89838],[-73.85333,40.89959],[-73.85304,40.89993],[-73.85277,40.90026],[-73.85245,40.90065],[-73.85234,40.9008],[-73.85203,40.90126],[-73.85177,40.90167],[-73.85163,40.9019],[-73.85151,40.90207],[-73.85136,40.90226],[-73.85062,40.90313]]}},{"type":"Feature","properties":{"route":"4","color":"#009952"},"geometry":{"type":"LineString","coordinates":[[-73.87875,40.88604],[-73.88088,40.88318],[-73.88092,40.88312],[-73.88097,40.88306],[-73.88102,40.883],[-73.88107,40.88294],[-73.88112,40.88289],[-73.88117,40.88283],[-73.88122,40.88277],[-73.88128,40.88271],[-73.88133,40.88266],[-73.88139,40.8826],[-73.88145,40.88254],[-73.88151,40.88248],[-73.88157,40.88243],[-73.88163,40.88237],[-73.88169,40.88231],[-73.88465,40.87975],[-73.88727,40.8775],[-73.88732,40.87745],[-73.88736,40.87741],[-73.88741,40.87736],[-73.88745,40.87732],[-73.8875,40.87727],[-73.88754,40.87723],[-73.88758,40.87718],[-73.88762,40.87713],[-73.88766,40.87708],[-73.88769,40.87703],[-73.88773,40.87698],[-73.88776,40.87693],[-73.8878,40.87687],[-73.88783,40.87682],[-73.88786,40.87676],[-73.88882,40.87463],[-73.88885,40.87458],[-73.88887,40.87454],[-73.8889,40.87449],[-73.88894,40.87444],[-73.88897,40.8744],[-73.889,40.87436],[-73.88903,40.87432],[-73.88907,40.87427],[-73.8891,40.87423],[-73.88914,40.87419],[-73.88917,40.87415],[-73.88921,40.87412],[-73.88925,40.87408],[-73.88929,40.87404],[-73.88934,40.874],[-73.89006,40.87341],[-73.89155,40.87225],[-73.89162,40.8722],[-73.89169,40.87215],[-73.89176,40.8721],[-73.89183,40.87206],[-73.8919,40.87201],[-73.89197,40.87197],[-73.89204,40.87193],[-73.8921,40.87189],[-73.89217,40.87185],[-73.89223,40.87181],[-73.8923,40.87178],[-73.89236,40.87174],[-73.89242,40.87171],[-73.89248,40.87168],[-73.89254,40.87164],[-73.89477,40.87057],[-73.89482,40.87054],[-73.89487,40.87051],[-73.89491,40.87048],[-73.89496,40.87045],[-73.89501,40.87041],[-73.89505,40.87038],[-73.89509,40.87034],[-73.89514,40.87031],[-73.89518,40.87027],[-73.89522,40.87023],[-73.89526,40.87019],[-73.8953,40.87015],[-73.89534,40.87011],[-73.89538,40.87007],[-73.89541,40.87003],[-73.89717,40.86776],[-73.90103,40.8628],[-73.90164,40.86203],[-73.90166,40.862],[-73.90168,40.86196],[-73.90171,40.86192],[-73.90174,40.86189],[-73.90176,40.86184],[-73.90179,40.8618],[-73.90182,40.86176],[-73.90185,40.86171],[-73.90188,40.86166],[-73.90192,40.86161],[-73.90195,40.86156],[-73.90198,40.8615],[-73.90202,40.86144],[-73.90205,40.86138],[-73.90209,40.86132],[-73.90388,40.85841],[-73.90493,40.85667],[-73.90498,40.8566],[-73.90503,40.85652],[-73.90508,40.85645],[-73.90513,40.85637],[-73.90518,40.8563],[-73.90524,40.85622],[-73.90529,40.85614],[-73.90535,40.85607],[-73.90541,40.85599],[-73.90547,40.85592],[-73.90553,40.85584],[-73.9056,40.85576],[-73.90566,40.85569],[-73.90573,40.85561],[-73.9058,40.85554],[-73.90768,40.85345],[-73.90973,40.85122],[-73.9098,40.85115],[-73.90986,40.85107],[-73.90993,40.851],[-73.90999,40.85093],[-73.91006,40.85085],[-73.91012,40.85078],[-73.91018,40.8507],[-73.91024,40.85063],[-73.9103,40.85056],[-73.91036,40.85048],[-73.91042,40.85041],[-73.91047,40.85033],[-73.91053,40.85026],[-73.91058,40.85018],[-73.91063,40.8501],[-73.91179,40.84848],[-73.91469,40.84443],[-73.91779,40.84007],[-73.91877,40.8387],[-73.91895,40.83846],[-73.91911,40.83829],[-73.91931,40.83813],[-73.91955,40.83797],[-73.91995,40.8377],[-73.92013,40.83756],[-73.92031,40.83736],[-73.92048,40.83711],[-73.9214,40.83554],[-73.92583,40.82799],[-73.92684,40.82629],[-73.92697,40.82606],[-73.92707,40.82585],[-73.92715,40.82562],[-73.92721,40.82532],[-73.92721,40.82511],[-73.92719,40.82491],[-73.92717,40.82477],[-73.92713,40.82465],[-73.92711,40.82456],[-73.92707,40.82447],[-73.92703,40.82437],[-73.92635,40.82239],[-73.9263,40.82226],[-73.92626,40.82213],[-73.92623,40.82199],[-73.9262,40.82186],[-73.92618,40.82172],[-73.92617,40.82158],[-73.92617,40.82144],[-73.92618,40.8213],[-73.92619,40.82115],[-73.92622,40.82101],[-73.92625,40.82086],[-73.92629,40.82071],[-73.92634,40.82056],[-73.9264,40.82041],[-73.92647,40.82026],[-73.92735,40.81838],[-73.92778,40.81747],[-73.92781,40.81742],[-73.92783,40.81736],[-73.92786,40.8173],[-73.92789,40.81725],[-73.92791,40.81719],[-73.92794,40.81713],[-73.92796,40.81708],[-73.92799,40.81702],[-73.92801,40.81696],[-73.92803,40.8169],[-73.92805,40.81685],[-73.92808,40.81679],[-73.9281,40.81673],[-73.92812,40.81667],[-73.92814,40.81662],[-73.92887,40.81468],[-73.92889,40.81462],[-73.92891,40.81457],[-73.92893,40.81451],[-73.92895,40.81446],[-73.92897,40.8144],[-73.929,40.81435],[-73.92902,40.8143],[-73.92905,40.81424],[-73.92908,40.81419],[-73.92911,40.81414],[-73.92914,40.81408],[-73.92917,40.81403],[-73.92921,40.81398],[-73.92924,40.81393],[-73.92928,40.81388],[-73.92985,40.81322],[-73.93093,40.81209],[-73.93434,40.80853],[-73.93437,40.8085],[-73.93439,40.80848],[-73.93441,40.80845],[-73.93443,40.80843],[-73.93445,40.8084],[-73.93448,40.80838],[-73.9345,40.80835],[-73.93452,40.80832],[-73.93455,40.8083],[-73.93457,40.80827],[-73.93459,40.80824],[-73.93462,40.80821],[-73.93464,40.80818],[-73.93466,40.80815],[-73.93469,40.80812],[-73.93757,40.80417],[-73.93759,40.80414],[-73.94162,40.79863],[-73.94425,40.79502],[-73.94748,40.7906],[-73.95107,40.78567],[-73.95559,40.77949],[-73.95987,40.77362],[-73.96387,40.76814],[-73.96797,40.76253],[-73.97192,40.75711],[-73.9754,40.75234],[-73.97543,40.7523],[-73.97546,40.75227],[-73.97549,40.75223],[-73.97552,40.7522],[-73.97556,40.75217],[-73.97559,40.75214],[-73.97563,40.75212],[-73.97568,40.75209],[-73.97572,40.75207],[-73.97577,40.75205],[-73.97582,40.75203],[-73.97587,40.75201],[-73.97592,40.752],[-73.97598,40.75198],[-73.97604,40.75197],[-73.97685,40.75178],[-73.97776,40.75158],[-73.9778,40.75156],[-73.97784,40.75155],[-73.97788,40.75154],[-73.97792,40.75153],[-73.97796,40.75151],[-73.978,40.75149],[-73.97804,40.75147],[-73.97807,40.75145],[-73.97811,40.75143],[-73.97814,40.75141],[-73.97817,40.75138],[-73.9782,40.75135],[-73.97823,40.75133],[-73.97826,40.7513],[-73.97829,40.75127],[-73.98208,40.74608],[-73.98426,40.74307],[-73.9866,40.73986],[-73.98985,40.73541],[-73.98987,40.73537],[-73.98989,40.73532],[-73.9899,40.73527],[-73.98992,40.73523],[-73.98993,40.73518],[-73.98994,40.73513],[-73.98995,40.73508],[-73.98996,40.73504],[-73.98996,40.73499],[-73.98997,40.73494],[-73.98997,40.73488],[-73.98997,40.73483],[-73.98996,40.73478],[-73.98996,40.73473],[-73.98995,40.73467],[-73.98993,40.73458],[-73.98991,40.73449],[-73.98989,40.7344],[-73.98988,40.73431],[-73.98987,40.73423],[-73.98986,40.73414],[-73.98985,40.73406],[-73.98984,40.73398],[-73.98984,40.73391],[-73.98984,40.73383],[-73.98984,40.73376],[-73.98984,40.73368],[-73.98985,40.73361],[-73.98985,40.73354],[-73.98986,40.73348],[-73.99045,40.73101],[-73.99047,40.73092],[-73.99049,40.73084],[-73.99051,40.73076],[-73.99054,40.73069],[-73.99057,40.73062],[-73.9906,40.73055],[-73.99064,40.73048],[-73.99068,40.73042],[-73.99073,40.73036],[-73.99077,40.7303],[-73.99083,40.73025],[-73.99088,40.73019],[-73.99094,40.73014],[-73.991,40.7301],[-73.99107,40.73005],[-73.99112,40.73002],[-73.99118,40.72999],[-73.99123,40.72996],[-73.99128,40.72993],[-73.99133,40.72989],[-73.99138,40.72986],[-73.99142,40.72982],[-73.99147,40.72978],[-73.99151,40.72975],[-73.99155,40.72971],[-73.99159,40.72967],[-73.99163,40.72963],[-73.99167,40.7296],[-73.9917,40.72955],[-73.99174,40.72951],[-73.99362,40.72731],[-73.99466,40.72592],[-73.9965,40.72365],[-73.99652,40.72363],[-73.99654,40.72361],[-73.99656,40.72358],[-73.99658,40.72356],[-73.9966,40.72354],[-73.99661,40.72351],[-73.99663,40.72349],[-73.99665,40.72346],[-73.99666,40.72344],[-73.99668,40.72342],[-73.99669,40.72339],[-73.9967,40.72337],[-73.99671,40.72334],[-73.99673,40.72331],[-73.99674,40.72329],[-73.99703,40.72252],[-73.99703,40.72251],[-73.99704,40.72249],[-73.99705,40.72248],[-73.99705,40.72246],[-73.99706,40.72245],[-73.99707,40.72243],[-73.99707,40.72242],[-73.99708,40.72241],[-73.99709,40.72239],[-73.9971,40.72238],[-73.9971,40.72236],[-73.99711,40.72235],[-73.99712,40.72234],[-73.99713,40.72232],[-73.99714,40.7223],[-73.99715,40.72228],[-73.99716,40.72227],[-73.99717,40.72226],[-73.99717,40.72225],[-73.99718,40.72224],[-73.99719,40.72223],[-73.9972,40.72221],[-73.99721,40.7222],[-73.99722,40.72219],[-73.99723,40.72218],[-73.99724,40.72216],[-73.99725,40.72215],[-73.99726,40.72214],[-73.99728,40.72212],[-73.99905,40.72006],[-74.00019,40.7188],[-74.00286,40.71583],[-74.00288,40.7158],[-74.0029,40.71577],[-74.00293,40.71574],[-74.00294,40.71572],[-74.00296,40.71569],[-74.00298,40.71566],[-74.00299,40.71563],[-74.00301,40.7156],[-74.00302,40.71557],[-74.00303,40.71554],[-74.00304,40.7155],[-74.00305,40.71547],[-74.00305,40.71544],[-74.00306,40.7154],[-74.00306,40.71537],[-74.00316,40.71456],[-74.00317,40.7145],[-74.00317,40.71445],[-74.00318,40.7144],[-74.00318,40.71435],[-74.0032,40.71429],[-74.00321,40.71424],[-74.00322,40.7142],[-74.00324,40.71415],[-74.00326,40.7141],[-74.00329,40.71406],[-74.00331,40.71401],[-74.00334,40.71397],[-74.00337,40.71393],[-74.0034,40.71389],[-74.00344,40.71385],[-74.00413,40.71307],[-74.00463,40.71256],[-74.00467,40.71253],[-74.0047,40.7125],[-74.00473,40.71247],[-74.00477,40.71244],[-74.00481,40.71241],[-74.00485,40.71239],[-74.00489,40.71236],[-74.00493,40.71234],[-74.00498,40.71232],[-74.00502,40.7123],[-74.00507,40.71228],[-74.00512,40.71226],[-74.00518,40.71224],[-74.00523,40.71223],[-74.00529,40.71221],[-74.00834,40.71145],[-74.00837,40.71144],[-74.00841,40.71143],[-74.00844,40.71142],[-74.00847,40.71141],[-74.0085,40.71139],[-74.00854,40.71138],[-74.00857,40.71136],[-74.00859,40.71135],[-74.00862,40.71133],[-74.00865,40.71131],[-74.00867,40.7113],[-74.0087,40.71128],[-74.00872,40.71126],[-74.00875,40.71124],[-74.00877,40.71122],[-74.00951,40.71037],[-74.01186,40.70756],[-74.01376,40.7053],[-74.01385,40.70517],[-74.01393,40.70505],[-74.01407,40.70482],[-74.01443,40.70412],[-74.0145,40.70396],[-74.01457,40.70379],[-74.01461,40.70363],[-74.01464,40.70348],[-74.01466,40.70332],[-74.01466,40.70318],[-74.01465,40.70303],[-74.01462,40.70289],[-74.01457,40.70275],[-74.01451,40.70262],[-74.01443,40.70249],[-74.01434,40.70236],[-74.01423,40.70224],[-74.01411,40.70212],[-74.01397,40.702],[-74.01254,40.70094],[-74.0062,40.69606],[-74.00576,40.69581],[-74.00518,40.69559],[-74.00459,40.69537],[-74.00399,40.69513],[-74.00327,40.69491],[-74.00264,40.69474],[-74.00188,40.69456],[-74.00111,40.69437],[-74.00052,40.69422],[-73.99921,40.69388],[-73.99899,40.69384],[-73.99508,40.69315],[-73.99015,40.6924],[-73.99007,40.69239],[-73.98999,40.69238],[-73.98991,40.69237],[-73.98983,40.69235],[-73.98976,40.69234],[-73.98969,40.69233],[-73.98962,40.69231],[-73.98956,40.6923],[-73.9895,40.69229],[-73.98944,40.69227],[-73.98938,40.69226],[-73.98933,40.69224],[-73.98928,40.69223],[-73.98923,40.69221],[-73.98919,40.69219],[-73.98507,40.69055],[-73.98162,40.68916],[-73.98153,40.68913],[-73.98144,40.6891],[-73.98136,40.68906],[-73.98128,40.68903],[-73.98121,40.68899],[-73.98113,40.68894],[-73.98107,40.6889],[-73.981,40.68886],[-73.98094,40.68881],[-73.98088,40.68876],[-73.98083,40.6887],[-73.98078,40.68865],[-73.98074,40.68859],[-73.9807,40.68853],[-73.98065,40.68847],[-73.98049,40.68825],[-73.97871,40.68578],[-73.97767,40.68436],[-73.9751,40.68083],[-73.97105,40.67524],[-73.96981,40.67368],[-73.96969,40.67355],[-73.96955,40.67341],[-73.9694,40.6733],[-73.96926,40.67321],[-73.96909,40.67312],[-73.96895,40.67306],[-73.96878,40.673],[-73.96863,40.67296],[-73.96846,40.67292],[-73.96438,40.67199],[-73.95813,40.67068],[-73.95582,40.67021],[-73.95554,40.67016],[-73.95526,40.67012],[-73.95498,40.6701],[-73.95471,40.67008],[-73.95171,40.66992],[-73.95047,40.66985],[-73.94216,40.6694],[-73.93294,40.6689],[-73.92659,40.66855],[-73.92637,40.66854],[-73.92617,40.66851],[-73.92599,40.66847],[-73.9258,40.66842],[-73.92571,40.66837],[-73.92562,40.66833],[-73.92555,40.66827],[-73.92549,40.66821],[-73.92536,40.66809],[-73.92516,40.66788],[-73.92504,40.66774],[-73.92497,40.66765],[-73.92491,40.66755],[-73.92486,40.66745],[-73.92481,40.66733],[-73.9245,40.66661],[-73.92441,40.66642],[-73.92436,40.66633],[-73.92429,40.66625],[-73.92424,40.66618],[-73.92418,40.66612],[-73.92261,40.66472],[-73.91909,40.66157],[-73.91896,40.66145],[-73.91879,40.66134],[-73.91861,40.66127],[-73.91844,40.66122],[-73.91824,40.6612],[-73.91804,40.6612],[-73.91763,40.66126],[-73.91633,40.66145],[-73.90895,40.66255],[-73.90245,40.66351],[-73.8949,40.66463],[-73.88939,40.66545],[-73.88408,40.66624]]}},{"type":"Feature","properties":{"route":"4","color":"#009952"},"geometry":{"type":"LineString","coordinates":[[-73.88408,40.66624],[-73.88939,40.66545],[-73.8949,40.66463],[-73.90245,40.66351],[-73.90895,40.66255],[-73.91633,40.66145],[-73.91763,40.66126],[-73.91804,40.6612],[-73.91824,40.6612],[-73.91844,40.66122],[-73.91861,40.66127],[-73.91879,40.66134],[-73.91896,40.66145],[-73.91909,40.66157],[-73.92261,40.66472],[-73.92418,40.66612],[-73.92424,40.66618],[-73.92429,40.66625],[-73.92436,40.66633],[-73.92441,40.66642],[-73.9245,40.66661],[-73.92481,40.66733],[-73.92486,40.66745],[-73.92491,40.66755],[-73.92497,40.66765],[-73.92504,40.66774],[-73.92516,40.66788],[-73.92536,40.66809],[-73.92549,40.66821],[-73.92555,40.66827],[-73.92562,40.66833],[-73.92571,40.66837],[-73.9258,40.66842],[-73.92599,40.66847],[-73.92617,40.66851],[-73.92637,40.66854],[-73.92659,40.66855],[-73.93294,40.6689],[-73.94216,40.6694],[-73.95047,40.66985],[-73.95171,40.66992],[-73.95471,40.67008],[-73.95498,40.6701],[-73.95526,40.67012],[-73.95554,40.67016],[-73.95582,40.67021],[-73.95813,40.67068],[-73.96438,40.67199],[-73.96846,40.67292],[-73.96863,40.67296],[-73.96878,40.673],[-73.96895,40.67306],[-73.96909,40.67312],[-73.96926,40.67321],[-73.9694,40.6733],[-73.96955,40.67341],[-73.96969,40.67355],[-73.96981,40.67368],[-73.97105,40.67524],[-73.9751,40.68083],[-73.97767,40.68436],[-73.97871,40.68578],[-73.98049,40.68825],[-73.98065,40.68847],[-73.9807,40.68853],[-73.98074,40.68859],[-73.98078,40.68865],[-73.98083,40.6887],[-73.98088,40.68876],[-73.98094,40.68881],[-73.981,40.68886],[-73.98107,40.6889],[-73.98113,40.68894],[-73.98121,40.68899],[-73.98128,40.68903],[-73.98136,40.68906],[-73.98144,40.6891],[-73.98153,40.68913],[-73.98162,40.68916],[-73.98507,40.69055],[-73.98919,40.69219],[-73.98923,40.69221],[-73.98928,40.69223],[-73.98933,40.69224],[-73.98938,40.69226],[-73.98944,40.69227],[-73.9895,40.69229],[-73.98956,40.6923],[-73.98962,40.69231],[-73.98969,40.69233],[-73.98976,40.69234],[-73.98983,40.69235],[-73.98991,40.69237],[-73.98999,40.69238],[-73.99007,40.69239],[-73.99015,40.6924],[-73.99508,40.69315],[-73.99899,40.69384],[-73.99921,40.69388],[-74.00052,40.69422],[-74.00111,40.69437],[-74.00188,40.69456],[-74.00264,40.69474],[-74.00327,40.69491],[-74.00399,40.69513],[-74.00459,40.69537],[-74.00518,40.69559],[-74.00576,40.69581],[-74.0062,40.69606],[-74.01254,40.70094],[-74.01397,40.702],[-74.01411,40.70212],[-74.01423,40.70224],[-74.01434,40.70236],[-74.01443,40.70249],[-74.01451,40.70262],[-74.01457,40.70275],[-74.01462,40.70289],[-74.01465,40.70303],[-74.01466,40.70318],[-74.01466,40.70332],[-74.01464,40.70348],[-74.01461,40.70363],[-74.01457,40.70379],[-74.0145,40.70396],[-74.01443,40.70412],[-74.01407,40.70482],[-74.01393,40.70505],[-74.01385,40.70517],[-74.01376,40.7053],[-74.01186,40.70756],[-74.00951,40.71037],[-74.00877,40.71122],[-74.00875,40.71124],[-74.00872,40.71126],[-74.0087,40.71128],[-74.00867,40.7113],[-74.00865,40.71131],[-74.00862,40.71133],[-74.00859,40.71135],[-74.00857,40.71136],[-74.00854,40.71138],[-74.0085,40.71139],[-74.00847,40.71141],[-74.00844,40.71142],[-74.00841,40.71143],[-74.00837,40.71144],[-74.00834,40.71145],[-74.00529,40.71221],[-74.00523,40.71223],[-74.00518,40.71224],[-74.00512,40.71226],[-74.00507,40.71228],[-74.00502,40.7123],[-74.00498,40.71232],[-74.00493,40.71234],[-74.00489,40.71236],[-74.00485,40.71239],[-74.00481,40.71241],[-74.00477,40.71244],[-74.00473,40.71247],[-74.0047,40.7125],[-74.00467,40.71253],[-74.00463,40.71256],[-74.00413,40.71307],[-74.00344,40.71385],[-74.0034,40.71389],[-74.00337,40.71393],[-74.00334,40.71397],[-74.00331,40.71401],[-74.00329,40.71406],[-74.00326,40.7141],[-74.00324,40.71415],[-74.00322,40.7142],[-74.00321,40.71424],[-74.0032,40.71429],[-74.00318,40.71435],[-74.00318,40.7144],[-74.00317,40.71445],[-74.00317,40.7145],[-74.00316,40.71456],[-74.00306,40.71537],[-74.00306,40.7154],[-74.00305,40.71544],[-74.00305,40.71547],[-74.00304,40.7155],[-74.00303,40.71554],[-74.00302,40.71557],[-74.00301,40.7156],[-74.00299,40.71563],[-74.00298,40.71566],[-74.00296,40.71569],[-74.00294,40.71572],[-74.00293,40.71574],[-74.0029,40.71577],[-74.00288,40.7158],[-74.00286,40.71583],[-74.00019,40.7188],[-73.99905,40.72006],[-73.99728,40.72212],[-73.99726,40.72214],[-73.99725,40.72215],[-73.99724,40.72216],[-73.99723,40.72218],[-73.99722,40.72219],[-73.99721,40.7222],[-73.9972,40.72221],[-73.99719,40.72223],[-73.99718,40.72224],[-73.99717,40.72225],[-73.99717,40.72226],[-73.99716,40.72227],[-73.99715,40.72228],[-73.99714,40.7223],[-73.99713,40.72232],[-73.99712,40.72234],[-73.99711,40.72235],[-73.9971,40.72236],[-73.9971,40.72238],[-73.99709,40.72239],[-73.99708,40.72241],[-73.99707,40.72242],[-73.99707,40.72243],[-73.99706,40.72245],[-73.99705,40.72246],[-73.99705,40.72248],[-73.99704,40.72249],[-73.99703,40.72251],[-73.99703,40.72252],[-73.99674,40.72329],[-73.99673,40.72331],[-73.99671,40.72334],[-73.9967,40.72337],[-73.99669,40.72339],[-73.99668,40.72342],[-73.99666,40.72344],[-73.99665,40.72346],[-73.99663,40.72349],[-73.99661,40.72351],[-73.9966,40.72354],[-73.99658,40.72356],[-73.99656,40.72358],[-73.99654,40.72361],[-73.99652,40.72363],[-73.9965,40.72365],[-73.99466,40.72592],[-73.99362,40.72731],[-73.99174,40.72951],[-73.9917,40.72955],[-73.99167,40.7296],[-73.99163,40.72963],[-73.99159,40.72967],[-73.99155,40.72971],[-73.99151,40.72975],[-73.99147,40.72978],[-73.99142,40.72982],[-73.99138,40.72986],[-73.99133,40.72989],[-73.99128,40.72993],[-73.99123,40.72996],[-73.99118,40.72999],[-73.99112,40.73002],[-73.99107,40.73005],[-73.991,40.7301],[-73.99094,40.73014],[-73.99088,40.73019],[-73.99083,40.73025],[-73.99077,40.7303],[-73.99073,40.73036],[-73.99068,40.73042],[-73.99064,40.73048],[-73.9906,40.73055],[-73.99057,40.73062],[-73.99054,40.73069],[-73.99051,40.73076],[-73.99049,40.73084],[-73.99047,40.73092],[-73.99045,40.73101],[-73.98986,40.73348],[-73.98985,40.73354],[-73.98985,40.73361],[-73.98984,40.73368],[-73.98984,40.73376],[-73.98984,40.73383],[-73.98984,40.73391],[-73.98984,40.73398],[-73.98985,40.73406],[-73.98986,40.73414],[-73.98987,40.73423],[-73.98988,40.73431],[-73.98989,40.7344],[-73.98991,40.73449],[-73.98993,40.73458],[-73.98995,40.73467],[-73.98996,40.73473],[-73.98996,40.73478],[-73.98997,40.73483],[-73.98997,40.73488],[-73.98997,40.73494],[-73.98996,40.73499],[-73.98996,40.73504],[-73.98995,40.73508],[-73.98994,40.73513],[-73.98993,40.73518],[-73.98992,40.73523],[-73.9899,40.73527],[-73.98989,40.73532],[-73.98987,40.73537],[-73.98985,40.73541],[-73.9866,40.73986],[-73.98426,40.74307],[-73.98208,40.74608],[-73.97829,40.75127],[-73.97826,40.7513],[-73.97823,40.75133],[-73.9782,40.75135],[-73.97817,40.75138],[-73.97814,40.75141],[-73.97811,40.75143],[-73.97807,40.75145],[-73.97804,40.75147],[-73.978,40.75149],[-73.97796,40.75151],[-73.97792,40.75153],[-73.97788,40.75154],[-73.97784,40.75155],[-73.9778,40.75156],[-73.97776,40.75158],[-73.97685,40.75178],[-73.97604,40.75197],[-73.97598,40.75198],[-73.97592,40.752],[-73.97587,40.75201],[-73.97582,40.75203],[-73.97577,40.75205],[-73.97572,40.75207],[-73.97568,40.75209],[-73.97563,40.75212],[-73.97559,40.75214],[-73.97556,40.75217],[-73.97552,40.7522],[-73.97549,40.75223],[-73.97546,40.75227],[-73.97543,40.7523],[-73.9754,40.75234],[-73.97192,40.75711],[-73.96797,40.76253],[-73.96387,40.76814],[-73.95987,40.77362],[-73.95559,40.77949],[-73.95107,40.78567],[-73.94748,40.7906],[-73.94425,40.79502],[-73.94162,40.79863],[-73.93759,40.80414],[-73.93757,40.80417],[-73.93469,40.80812],[-73.93466,40.80815],[-73.93464,40.80818],[-73.93462,40.80821],[-73.93459,40.80824],[-73.93457,40.80827],[-73.93455,40.8083],[-73.93452,40.80832],[-73.9345,40.80835],[-73.93448,40.80838],[-73.93445,40.8084],[-73.93443,40.80843],[-73.93441,40.80845],[-73.93439,40.80848],[-73.93437,40.8085],[-73.93434,40.80853],[-73.93093,40.81209],[-73.92985,40.81322],[-73.92928,40.81388],[-73.92924,40.81393],[-73.92921,40.81398],[-73.92917,40.81403],[-73.92914,40.81408],[-73.92911,40.81414],[-73.92908,40.81419],[-73.92905,40.81424],[-73.92902,40.8143],[-73.929,40.81435],[-73.92897,40.8144],[-73.92895,40.81446],[-73.92893,40.81451],[-73.92891,40.81457],[-73.92889,40.81462],[-73.92887,40.81468],[-73.92814,40.81662],[-73.92812,40.81667],[-73.9281,40.81673],[-73.92808,40.81679],[-73.92805,40.81685],[-73.92803,40.8169],[-73.92801,40.81696],[-73.92799,40.81702],[-73.92796,40.81708],[-73.92794,40.81713],[-73.92791,40.81719],[-73.92789,40.81725],[-73.92786,40.8173],[-73.92783,40.81736],[-73.92781,40.81742],[-73.92778,40.81747],[-73.92735,40.81838],[-73.92647,40.82026],[-73.9264,40.82041],[-73.92634,40.82056],[-73.92629,40.82071],[-73.92625,40.82086],[-73.92622,40.82101],[-73.92619,40.82115],[-73.92618,40.8213],[-73.92617,40.82144],[-73.92617,40.82158],[-73.92618,40.82172],[-73.9262,40.82186],[-73.92623,40.82199],[-73.92626,40.82213],[-73.9263,40.82226],[-73.92635,40.82239],[-73.92703,40.82437],[-73.92707,40.82447],[-73.92711,40.82456],[-73.92713,40.82465],[-73.92717,40.82477],[-73.92719,40.82491],[-73.92721,40.82511],[-73.92721,40.82532],[-73.92715,40.82562],[-73.92707,40.82585],[-73.92697,40.82606],[-73.92684,40.82629],[-73.92583,40.82799],[-73.9214,40.83554],[-73.92048,40.83711],[-73.92031,40.83736],[-73.92013,40.83756],[-73.91995,40.8377],[-73.91955,40.83797],[-73.91931,40.83813],[-73.91911,40.83829],[-73.91895,40.83846],[-73.91877,40.8387],[-73.91779,40.84007],[-73.91469,40.84443],[-73.91179,40.84848],[-73.91063,40.8501],[-73.91058,40.85018],[-73.91053,40.85026],[-73.91047,40.85033],[-73.91042,40.85041],[-73.91036,40.85048],[-73.9103,40.85056],[-73.91024,40.85063],[-73.91018,40.8507],[-73.91012,40.85078],[-73.91006,40.85085],[-73.90999,40.85093],[-73.90993,40.851],[-73.90986,40.85107],[-73.9098,40.85115],[-73.90973,40.85122],[-73.90768,40.85345],[-73.9058,40.85554],[-73.90573,40.85561],[-73.90566,40.85569],[-73.9056,40.85576],[-73.90553,40.85584],[-73.90547,40.85592],[-73.90541,40.85599],[-73.90535,40.85607],[-73.90529,40.85614],[-73.90524,40.85622],[-73.90518,40.8563],[-73.90513,40.85637],[-73.90508,40.85645],[-73.90503,40.85652],[-73.90498,40.8566],[-73.90493,40.85667],[-73.90388,40.85841],[-73.90209,40.86132],[-73.90205,40.86138],[-73.90202,40.86144],[-73.90198,40.8615],[-73.90195,40.86156],[-73.90192,40.86161],[-73.90188,40.86166],[-73.90185,40.86171],[-73.90182,40.86176],[-73.90179,40.8618],[-73.90176,40.86184],[-73.90174,40.86189],[-73.90171,40.86192],[-73.90168,40.86196],[-73.90166,40.862],[-73.90164,40.86203],[-73.90103,40.8628],[-73.89717,40.86776],[-73.89541,40.87003],[-73.89538,40.87007],[-73.89534,40.87011],[-73.8953,40.87015],[-73.89526,40.87019],[-73.89522,40.87023],[-73.89518,40.87027],[-73.89514,40.87031],[-73.89509,40.87034],[-73.89505,40.87038],[-73.89501,40.87041],[-73.89496,40.87045],[-73.89491,40.87048],[-73.89487,40.87051],[-73.89482,40.87054],[-73.89477,40.87057],[-73.89254,40.87164],[-73.89248,40.87168],[-73.89242,40.87171],[-73.89236,40.87174],[-73.8923,40.87178],[-73.89223,40.87181],[-73.89217,40.87185],[-73.8921,40.87189],[-73.89204,40.87193],[-73.89197,40.87197],[-73.8919,40.87201],[-73.89183,40.87206],[-73.89176,40.8721],[-73.89169,40.87215],[-73.89162,40.8722],[-73.89155,40.87225],[-73.89006,40.87341],[-73.88934,40.874],[-73.88929,40.87404],[-73.88925,40.87408],[-73.88921,40.87412],[-73.88917,40.87415],[-73.88914,40.87419],[-73.8891,40.87423],[-73.88907,40.87427],[-73.88903,40.87432],[-73.889,40.87436],[-73.88897,40.8744],[-73.88894,40.87444],[-73.8889,40.87449],[-73.88887,40.87454],[-73.88885,40.87458],[-73.88882,40.87463],[-73.88786,40.87676],[-73.88783,40.87682],[-73.8878,40.87687],[-73.88776,40.87693],[-73.88773,40.87698],[-73.88769,40.87703],[-73.88766,40.87708],[-73.88762,40.87713],[-73.88758,40.87718],[-73.88754,40.87723],[-73.8875,40.87727],[-73.88745,40.87732],[-73.88741,40.87736],[-73.88736,40.87741],[-73.88732,40.87745],[-73.88727,40.8775],[-73.88465,40.87975],[-73.88169,40.88231],[-73.88163,40.88237],[-73.88157,40.88243],[-73.88151,40.88248],[-73.88145,40.88254],[-73.88139,40.8826],[-73.88133,40.88266],[-73.88128,40.88271],[-73.88122,40.88277],[-73.88117,40.88283],[-73.88112,40.88289],[-73.88107,40.88294],[-73.88102,40.883],[-73.88097,40.88306],[-73.88092,40.88312],[-73.88088,40.88318],[-73.87875,40.88604]]}},{"type":"Feature","properties":{"route":"5","color":"#009952"},"geometry":{"type":"LineString","coordinates":[[-73.83083,40.8883],[-73.83132,40.88751],[-73.83155,40.88714],[-73.83229,40.88611],[-73.83271,40.88558],[-73.83424,40.88377],[-73.83655,40.88107],[-73.83859,40.87866],[-73.84638,40.86953],[-73.85536,40.85898],[-73.85606,40.85815],[-73.85613,40.85807],[-73.8562,40.85799],[-73.85627,40.85791],[-73.85634,40.85784],[-73.85641,40.85777],[-73.85648,40.85769],[-73.85654,40.85762],[-73.85662,40.85755],[-73.85668,40.85749],[-73.85675,40.85742],[-73.85682,40.85735],[-73.85689,40.85729],[-73.85696,40.85723],[-73.85703,40.85717],[-73.8571,40.85711],[-73.8605,40.85436],[-73.86811,40.84821],[-73.86834,40.84801],[-73.86848,40.8479],[-73.86862,40.84778],[-73.86871,40.84768],[-73.86882,40.84757],[-73.8689,40.84748],[-73.86898,40.84738],[-73.86919,40.84706],[-73.8694,40.84677],[-73.86963,40.84645],[-73.86972,40.84633],[-73.8698,40.84619],[-73.86988,40.84608],[-73.86995,40.84597],[-73.87014,40.84553],[-73.87047,40.84477],[-73.8706,40.8445],[-73.87072,40.84429],[-73.87086,40.8441],[-73.87103,40.84391],[-73.87139,40.84357],[-73.87179,40.84325],[-73.87349,40.84189],[-73.87411,40.8414],[-73.87422,40.84132],[-73.87433,40.84125],[-73.87443,40.84121],[-73.87454,40.84117],[-73.87474,40.84112],[-73.87631,40.84085],[-73.87662,40.8408],[-73.87684,40.84078],[-73.87701,40.84079],[-73.87717,40.84079],[-73.87733,40.84082],[-73.87747,40.84085],[-73.87764,40.8409],[-73.87778,40.84094],[-73.87803,40.84105],[-73.87822,40.84113],[-73.87842,40.84121],[-73.87851,40.84125],[-73.8786,40.84127],[-73.87871,40.84128],[-73.87883,40.84127],[-73.87897,40.84125],[-73.87908,40.84121],[-73.87918,40.84115],[-73.87928,40.84105],[-73.87973,40.84058],[-73.8799,40.84042],[-73.88005,40.84029],[-73.88015,40.84023],[-73.88028,40.84016],[-73.8805,40.84006],[-73.88085,40.83991],[-73.88115,40.8398],[-73.88141,40.83972],[-73.88176,40.83964],[-73.88197,40.83961],[-73.88219,40.83959],[-73.8826,40.83957],[-73.88303,40.83955],[-73.88329,40.83952],[-73.88357,40.83948],[-73.88389,40.83942],[-73.88417,40.83934],[-73.88444,40.83925],[-73.88465,40.83917],[-73.88489,40.83906],[-73.88512,40.83893],[-73.88718,40.83771],[-73.88754,40.83746],[-73.88765,40.83737],[-73.88773,40.83729],[-73.8878,40.83722],[-73.88794,40.83703],[-73.88807,40.83683],[-73.88819,40.83662],[-73.89134,40.83136],[-73.89147,40.83115],[-73.89161,40.83089],[-73.8917,40.83067],[-73.89179,40.8304],[-73.89183,40.83023],[-73.89185,40.83011],[-73.89186,40.82999],[-73.89187,40.82984],[-73.89192,40.82552],[-73.89192,40.82507],[-73.89193,40.82498],[-73.89195,40.8249],[-73.89198,40.82482],[-73.89202,40.82474],[-73.89209,40.82465],[-73.89218,40.82455],[-73.89226,40.82449],[-73.89237,40.82443],[-73.89277,40.82422],[-73.89306,40.82407],[-73.89674,40.82218],[-73.90177,40.81958],[-73.90269,40.81911],[-73.90327,40.81882],[-73.90421,40.8184],[-73.90511,40.818],[-73.90552,40.81781],[-73.90595,40.81758],[-73.90781,40.81649],[-73.90838,40.81617],[-73.90868,40.81605],[-73.9089,40.816],[-73.90911,40.81596],[-73.9094,40.81594],[-73.90981,40.81593],[-73.91008,40.81593],[-73.91036,40.81593],[-73.91073,40.81595],[-73.91114,40.81597],[-73.91184,40.81603],[-73.91267,40.81611],[-73.91333,40.81618],[-73.91357,40.8162],[-73.9138,40.81621],[-73.91403,40.8162],[-73.91423,40.81617],[-73.91445,40.81611],[-73.91473,40.816],[-73.91483,40.81596],[-73.91495,40.81591],[-73.9152,40.81582],[-73.91547,40.81574],[-73.91568,40.8157],[-73.91593,40.81568],[-73.91628,40.8157],[-73.91649,40.81573],[-73.91667,40.81578],[-73.91776,40.81611],[-73.92672,40.81841],[-73.92778,40.81869],[-73.92787,40.8187],[-73.92794,40.81871],[-73.92801,40.81871],[-73.92808,40.81871],[-73.92814,40.8187],[-73.92819,40.81869],[-73.92824,40.81867],[-73.92828,40.81865],[-73.92832,40.81862],[-73.92835,40.81858],[-73.92838,40.81854],[-73.9284,40.8185],[-73.92842,40.81844],[-73.92843,40.81839],[-73.92843,40.81832],[-73.92842,40.8183],[-73.92842,40.81827],[-73.9284,40.81824],[-73.92839,40.81821],[-73.92838,40.81819],[-73.92836,40.81816],[-73.92834,40.81813],[-73.92832,40.81811],[-73.9283,40.81808],[-73.92827,40.81805],[-73.92825,40.81803],[-73.92822,40.818],[-73.92819,40.81798],[-73.92816,40.81795],[-73.92811,40.81793],[-73.92806,40.8179],[-73.92801,40.81788],[-73.92796,40.81785],[-73.92792,40.81783],[-73.92788,40.8178],[-73.92784,40.81777],[-73.92782,40.81774],[-73.92779,40.81771],[-73.92778,40.81768],[-73.92776,40.81765],[-73.92776,40.81762],[-73.92776,40.81758],[-73.92776,40.81755],[-73.92777,40.81751],[-73.92778,40.81747],[-73.92781,40.81742],[-73.92783,40.81736],[-73.92786,40.8173],[-73.92789,40.81725],[-73.92791,40.81719],[-73.92794,40.81713],[-73.92796,40.81708],[-73.92799,40.81702],[-73.92801,40.81696],[-73.92803,40.8169],[-73.92805,40.81685],[-73.92808,40.81679],[-73.9281,40.81673],[-73.92812,40.81667],[-73.92814,40.81662],[-73.92887,40.81468],[-73.92889,40.81462],[-73.92891,40.81457],[-73.92893,40.81451],[-73.92895,40.81446],[-73.92897,40.8144],[-73.929,40.81435],[-73.92902,40.8143],[-73.92905,40.81424],[-73.92908,40.81419],[-73.92911,40.81414],[-73.92914,40.81408],[-73.92917,40.81403],[-73.92921,40.81398],[-73.92924,40.81393],[-73.92928,40.81388],[-73.92985,40.81322],[-73.93093,40.81209],[-73.93434,40.80853],[-73.93437,40.8085],[-73.93439,40.80848],[-73.93441,40.80845],[-73.93443,40.80843],[-73.93445,40.8084],[-73.93448,40.80838],[-73.9345,40.80835],[-73.93452,40.80832],[-73.93455,40.8083],[-73.93457,40.80827],[-73.93459,40.80824],[-73.93462,40.80821],[-73.93464,40.80818],[-73.93466,40.80815],[-73.93469,40.80812],[-73.93757,40.80417],[-73.93759,40.80414],[-73.94162,40.79863],[-73.94425,40.79502],[-73.94748,40.7906],[-73.95107,40.78567],[-73.95559,40.77949],[-73.95987,40.77362],[-73.96387,40.76814],[-73.96797,40.76253],[-73.97192,40.75711],[-73.9754,40.75234],[-73.97543,40.7523],[-73.97546,40.75227],[-73.97549,40.75223],[-73.97552,40.7522],[-73.97556,40.75217],[-73.97559,40.75214],[-73.97563,40.75212],[-73.97568,40.75209],[-73.97572,40.75207],[-73.97577,40.75205],[-73.97582,40.75203],[-73.97587,40.75201],[-73.97592,40.752],[-73.97598,40.75198],[-73.97604,40.75197],[-73.97685,40.75178],[-73.97776,40.75158],[-73.9778,40.75156],[-73.97784,40.75155],[-73.97788,40.75154],[-73.97792,40.75153],[-73.97796,40.75151],[-73.978,40.75149],[-73.97804,40.75147],[-73.97807,40.75145],[-73.97811,40.75143],[-73.97814,40.75141],[-73.97817,40.75138],[-73.9782,40.75135],[-73.97823,40.75133],[-73.97826,40.7513],[-73.97829,40.75127],[-73.98208,40.74608],[-73.98426,40.74307],[-73.9866,40.73986],[-73.98985,40.73541],[-73.98987,40.73537],[-73.98989,40.73532],[-73.9899,40.73527],[-73.98992,40.73523],[-73.98993,40.73518],[-73.98994,40.73513],[-73.98995,40.73508],[-73.98996,40.73504],[-73.98996,40.73499],[-73.98997,40.73494],[-73.98997,40.73488],[-73.98997,40.73483],[-73.98996,40.73478],[-73.98996,40.73473],[-73.98995,40.73467],[-73.98993,40.73458],[-73.98991,40.73449],[-73.98989,40.7344],[-73.98988,40.73431],[-73.98987,40.73423],[-73.98986,40.73414],[-73.98985,40.73406],[-73.98984,40.73398],[-73.98984,40.73391],[-73.98984,40.73383],[-73.98984,40.73376],[-73.98984,40.73368],[-73.98985,40.73361],[-73.98985,40.73354],[-73.98986,40.73348],[-73.99045,40.73101],[-73.99047,40.73092],[-73.99049,40.73084],[-73.99051,40.73076],[-73.99054,40.73069],[-73.99057,40.73062],[-73.9906,40.73055],[-73.99064,40.73048],[-73.99068,40.73042],[-73.99073,40.73036],[-73.99077,40.7303],[-73.99083,40.73025],[-73.99088,40.73019],[-73.99094,40.73014],[-73.991,40.7301],[-73.99107,40.73005],[-73.99112,40.73002],[-73.99118,40.72999],[-73.99123,40.72996],[-73.99128,40.72993],[-73.99133,40.72989],[-73.99138,40.72986],[-73.99142,40.72982],[-73.99147,40.72978],[-73.99151,40.72975],[-73.99155,40.72971],[-73.99159,40.72967],[-73.99163,40.72963],[-73.99167,40.7296],[-73.9917,40.72955],[-73.99174,40.72951],[-73.99362,40.72731],[-73.99466,40.72592],[-73.9965,40.72365],[-73.99652,40.72363],[-73.99654,40.72361],[-73.99656,40.72358],[-73.99658,40.72356],[-73.9966,40.72354],[-73.99661,40.72351],[-73.99663,40.72349],[-73.99665,40.72346],[-73.99666,40.72344],[-73.99668,40.72342],[-73.99669,40.72339],[-73.9967,40.72337],[-73.99671,40.72334],[-73.99673,40.72331],[-73.99674,40.72329],[-73.99703,40.72252],[-73.99703,40.72251],[-73.99704,40.72249],[-73.99705,40.72248],[-73.99705,40.72246],[-73.99706,40.72245],[-73.99707,40.72243],[-73.99707,40.72242],[-73.99708,40.72241],[-73.99709,40.72239],[-73.9971,40.72238],[-73.9971,40.72236],[-73.99711,40.72235],[-73.99712,40.72234],[-73.99713,40.72232],[-73.99714,40.7223],[-73.99715,40.72228],[-73.99716,40.72227],[-73.99717,40.72226],[-73.99717,40.72225],[-73.99718,40.72224],[-73.99719,40.72223],[-73.9972,40.72221],[-73.99721,40.7222],[-73.99722,40.72219],[-73.99723,40.72218],[-73.99724,40.72216],[-73.99725,40.72215],[-73.99726,40.72214],[-73.99728,40.72212],[-73.99905,40.72006],[-74.00019,40.7188],[-74.00286,40.71583],[-74.00288,40.7158],[-74.0029,40.71577],[-74.00293,40.71574],[-74.00294,40.71572],[-74.00296,40.71569],[-74.00298,40.71566],[-74.00299,40.71563],[-74.00301,40.7156],[-74.00302,40.71557],[-74.00303,40.71554],[-74.00304,40.7155],[-74.00305,40.71547],[-74.00305,40.71544],[-74.00306,40.7154],[-74.00306,40.71537],[-74.00316,40.71456],[-74.00317,40.7145],[-74.00317,40.71445],[-74.00318,40.7144],[-74.00318,40.71435],[-74.0032,40.71429],[-74.00321,40.71424],[-74.00322,40.7142],[-74.00324,40.71415],[-74.00326,40.7141],[-74.00329,40.71406],[-74.00331,40.71401],[-74.00334,40.71397],[-74.00337,40.71393],[-74.0034,40.71389],[-74.00344,40.71385],[-74.00413,40.71307],[-74.00463,40.71256],[-74.00467,40.71253],[-74.0047,40.7125],[-74.00473,40.71247],[-74.00477,40.71244],[-74.00481,40.71241],[-74.00485,40.71239],[-74.00489,40.71236],[-74.00493,40.71234],[-74.00498,40.71232],[-74.00502,40.7123],[-74.00507,40.71228],[-74.00512,40.71226],[-74.00518,40.71224],[-74.00523,40.71223],[-74.00529,40.71221],[-74.00834,40.71145],[-74.00837,40.71144],[-74.00841,40.71143],[-74.00844,40.71142],[-74.00847,40.71141],[-74.0085,40.71139],[-74.00854,40.71138],[-74.00857,40.71136],[-74.00859,40.71135],[-74.00862,40.71133],[-74.00865,40.71131],[-74.00867,40.7113],[-74.0087,40.71128],[-74.00872,40.71126],[-74.00875,40.71124],[-74.00877,40.71122],[-74.00951,40.71037],[-74.01186,40.70756],[-74.01376,40.7053],[-74.01385,40.70517],[-74.01393,40.70505],[-74.01407,40.70482],[-74.01443,40.70412],[-74.0145,40.70396],[-74.01457,40.70379],[-74.01461,40.70363],[-74.01464,40.70348],[-74.01466,40.70332],[-74.01466,40.70318],[-74.01465,40.70303],[-74.01462,40.70289],[-74.01457,40.70275],[-74.01451,40.70262],[-74.01443,40.70249],[-74.01434,40.70236],[-74.01423,40.70224],[-74.01411,40.70212],[-74.01397,40.702],[-74.01254,40.70094],[-74.0062,40.69606],[-74.00576,40.69581],[-74.00518,40.69559],[-74.00459,40.69537],[-74.00399,40.69513],[-74.00327,40.69491],[-74.00264,40.69474],[-74.00188,40.69456],[-74.00111,40.69437],[-74.00052,40.69422],[-73.99921,40.69388],[-73.99899,40.69384],[-73.99508,40.69315],[-73.99015,40.6924],[-73.99007,40.69239],[-73.98999,40.69238],[-73.98991,40.69237],[-73.98983,40.69235],[-73.98976,40.69234],[-73.98969,40.69233],[-73.98962,40.69231],[-73.98956,40.6923],[-73.9895,40.69229],[-73.98944,40.69227],[-73.98938,40.69226],[-73.98933,40.69224],[-73.98928,40.69223],[-73.98923,40.69221],[-73.98919,40.69219],[-73.98507,40.69055],[-73.98162,40.68916],[-73.98153,40.68913],[-73.98144,40.6891],[-73.98136,40.68906],[-73.98128,40.68903],[-73.98121,40.68899],[-73.98113,40.68894],[-73.98107,40.6889],[-73.981,40.68886],[-73.98094,40.68881],[-73.98088,40.68876],[-73.98083,40.6887],[-73.98078,40.68865],[-73.98074,40.68859],[-73.9807,40.68853],[-73.98065,40.68847],[-73.98049,40.68825],[-73.97871,40.68578],[-73.97767,40.68436],[-73.9751,40.68083],[-73.97105,40.67524],[-73.96981,40.67368],[-73.96969,40.67355],[-73.96955,40.67341],[-73.9694,40.6733],[-73.96926,40.67321],[-73.96909,40.67312],[-73.96895,40.67306],[-73.96878,40.673],[-73.96863,40.67296],[-73.96846,40.67292],[-73.96438,40.67199],[-73.95813,40.67068],[-73.95582,40.67021],[-73.95554,40.67016],[-73.95526,40.67012],[-73.95498,40.6701],[-73.95471,40.67008],[-73.95171,40.66992],[-73.95154,40.66991],[-73.95139,40.66989],[-73.95125,40.66986],[-73.95113,40.66983],[-73.95101,40.6698],[-73.95091,40.66975],[-73.95082,40.66971],[-73.95075,40.66965],[-73.95068,40.66959],[-73.95063,40.66953],[-73.9506,40.66946],[-73.95057,40.66938],[-73.95056,40.6693],[-73.95056,40.66921],[-73.95057,40.66912],[-73.95063,40.66847],[-73.95068,40.66788],[-73.95094,40.6651],[-73.95095,40.665],[-73.95096,40.66491],[-73.95097,40.66482],[-73.95098,40.66474],[-73.95098,40.66465],[-73.95099,40.66457],[-73.95099,40.66449],[-73.95099,40.66441],[-73.95099,40.66433],[-73.95099,40.66426],[-73.95099,40.66419],[-73.95099,40.66412],[-73.95098,40.66405],[-73.95097,40.66399],[-73.95097,40.66393],[-73.95085,40.66274],[-73.9502,40.65665],[-73.94957,40.65084],[-73.94896,40.6451],[-73.94841,40.63997],[-73.94764,40.63284]]}},{"type":"Feature","properties":{"route":"5","color":"#009952"},"geometry":{"type":"LineString","coordinates":[[-73.88408,40.66624],[-73.88939,40.66545],[-73.8949,40.66463],[-73.90245,40.66351],[-73.90895,40.66255],[-73.91633,40.66145],[-73.91763,40.66126],[-73.91804,40.6612],[-73.91824,40.6612],[-73.91844,40.66122],[-73.91861,40.66127],[-73.91879,40.66134],[-73.91896,40.66145],[-73.91909,40.66157],[-73.92261,40.66472],[-73.92418,40.66612],[-73.92424,40.66618],[-73.92429,40.66625],[-73.92436,40.66633],[-73.92441,40.66642],[-73.9245,40.66661],[-73.92481,40.66733],[-73.92486,40.66745],[-73.92491,40.66755],[-73.92497,40.66765],[-73.92504,40.66774],[-73.92516,40.66788],[-73.92536,40.66809],[-73.92549,40.66821],[-73.92555,40.66827],[-73.92562,40.66833],[-73.92571,40.66837],[-73.9258,40.66842],[-73.92599,40.66847],[-73.92617,40.66851],[-73.92637,40.66854],[-73.92659,40.66855],[-73.93294,40.6689],[-73.94216,40.6694],[-73.95047,40.66985],[-73.95171,40.66992],[-73.95471,40.67008],[-73.95498,40.6701],[-73.95526,40.67012],[-73.95554,40.67016],[-73.95582,40.67021],[-73.95813,40.67068],[-73.96438,40.67199],[-73.96846,40.67292],[-73.96863,40.67296],[-73.96878,40.673],[-73.96895,40.67306],[-73.96909,40.67312],[-73.96926,40.67321],[-73.9694,40.6733],[-73.96955,40.67341],[-73.96969,40.67355],[-73.96981,40.67368],[-73.97105,40.67524],[-73.9751,40.68083],[-73.97767,40.68436],[-73.97871,40.68578],[-73.98049,40.68825],[-73.98065,40.68847],[-73.9807,40.68853],[-73.98074,40.68859],[-73.98078,40.68865],[-73.98083,40.6887],[-73.98088,40.68876],[-73.98094,40.68881],[-73.981,40.68886],[-73.98107,40.6889],[-73.98113,40.68894],[-73.98121,40.68899],[-73.98128,40.68903],[-73.98136,40.68906],[-73.98144,40.6891],[-73.98153,40.68913],[-73.98162,40.68916],[-73.98507,40.69055],[-73.98919,40.69219],[-73.98923,40.69221],[-73.98928,40.69223],[-73.98933,40.69224],[-73.98938,40.69226],[-73.98944,40.69227],[-73.9895,40.69229],[-73.98956,40.6923],[-73.98962,40.69231],[-73.98969,40.69233],[-73.98976,40.69234],[-73.98983,40.69235],[-73.98991,40.69237],[-73.98999,40.69238],[-73.99007,40.69239],[-73.99015,40.6924],[-73.99508,40.69315],[-73.99899,40.69384],[-73.99921,40.69388],[-74.00052,40.69422],[-74.00111,40.69437],[-74.00188,40.69456],[-74.00264,40.69474],[-74.00327,40.69491],[-74.00399,40.69513],[-74.00459,40.69537],[-74.00518,40.69559],[-74.00576,40.69581],[-74.0062,40.69606],[-74.01254,40.70094],[-74.01397,40.702],[-74.01411,40.70212],[-74.01423,40.70224],[-74.01434,40.70236],[-74.01443,40.70249],[-74.01451,40.70262],[-74.01457,40.70275],[-74.01462,40.70289],[-74.01465,40.70303],[-74.01466,40.70318],[-74.01466,40.70332],[-74.01464,40.70348],[-74.01461,40.70363],[-74.01457,40.70379],[-74.0145,40.70396],[-74.01443,40.70412],[-74.01407,40.70482],[-74.01393,40.70505],[-74.01385,40.70517],[-74.01376,40.7053],[-74.01186,40.70756],[-74.00951,40.71037],[-74.00877,40.71122],[-74.00875,40.71124],[-74.00872,40.71126],[-74.0087,40.71128],[-74.00867,40.7113],[-74.00865,40.71131],[-74.00862,40.71133],[-74.00859,40.71135],[-74.00857,40.71136],[-74.00854,40.71138],[-74.0085,40.71139],[-74.00847,40.71141],[-74.00844,40.71142],[-74.00841,40.71143],[-74.00837,40.71144],[-74.00834,40.71145],[-74.00529,40.71221],[-74.00523,40.71223],[-74.00518,40.71224],[-74.00512,40.71226],[-74.00507,40.71228],[-74.00502,40.7123],[-74.00498,40.71232],[-74.00493,40.71234],[-74.00489,40.71236],[-74.00485,40.71239],[-74.00481,40.71241],[-74.00477,40.71244],[-74.00473,40.71247],[-74.0047,40.7125],[-74.00467,40.71253],[-74.00463,40.71256],[-74.00413,40.71307],[-74.00344,40.71385],[-74.0034,40.71389],[-74.00337,40.71393],[-74.00334,40.71397],[-74.00331,40.71401],[-74.00329,40.71406],[-74.00326,40.7141],[-74.00324,40.71415],[-74.00322,40.7142],[-74.00321,40.71424],[-74.0032,40.71429],[-74.00318,40.71435],[-74.00318,40.7144],[-74.00317,40.71445],[-74.00317,40.7145],[-74.00316,40.71456],[-74.00306,40.71537],[-74.00306,40.7154],[-74.00305,40.71544],[-74.00305,40.71547],[-74.00304,40.7155],[-74.00303,40.71554],[-74.00302,40.71557],[-74.00301,40.7156],[-74.00299,40.71563],[-74.00298,40.71566],[-74.00296,40.71569],[-74.00294,40.71572],[-74.00293,40.71574],[-74.0029,40.71577],[-74.00288,40.7158],[-74.00286,40.71583],[-74.00019,40.7188],[-73.99905,40.72006],[-73.99728,40.72212],[-73.99726,40.72214],[-73.99725,40.72215],[-73.99724,40.72216],[-73.99723,40.72218],[-73.99722,40.72219],[-73.99721,40.7222],[-73.9972,40.72221],[-73.99719,40.72223],[-73.99718,40.72224],[-73.99717,40.72225],[-73.99717,40.72226],[-73.99716,40.72227],[-73.99715,40.72228],[-73.99714,40.7223],[-73.99713,40.72232],[-73.99712,40.72234],[-73.99711,40.72235],[-73.9971,40.72236],[-73.9971,40.72238],[-73.99709,40.72239],[-73.99708,40.72241],[-73.99707,40.72242],[-73.99707,40.72243],[-73.99706,40.72245],[-73.99705,40.72246],[-73.99705,40.72248],[-73.99704,40.72249],[-73.99703,40.72251],[-73.99703,40.72252],[-73.99674,40.72329],[-73.99673,40.72331],[-73.99671,40.72334],[-73.9967,40.72337],[-73.99669,40.72339],[-73.99668,40.72342],[-73.99666,40.72344],[-73.99665,40.72346],[-73.99663,40.72349],[-73.99661,40.72351],[-73.9966,40.72354],[-73.99658,40.72356],[-73.99656,40.72358],[-73.99654,40.72361],[-73.99652,40.72363],[-73.9965,40.72365],[-73.99466,40.72592],[-73.99362,40.72731],[-73.99174,40.72951],[-73.9917,40.72955],[-73.99167,40.7296],[-73.99163,40.72963],[-73.99159,40.72967],[-73.99155,40.72971],[-73.99151,40.72975],[-73.99147,40.72978],[-73.99142,40.72982],[-73.99138,40.72986],[-73.99133,40.72989],[-73.99128,40.72993],[-73.99123,40.72996],[-73.99118,40.72999],[-73.99112,40.73002],[-73.99107,40.73005],[-73.991,40.7301],[-73.99094,40.73014],[-73.99088,40.73019],[-73.99083,40.73025],[-73.99077,40.7303],[-73.99073,40.73036],[-73.99068,40.73042],[-73.99064,40.73048],[-73.9906,40.73055],[-73.99057,40.73062],[-73.99054,40.73069],[-73.99051,40.73076],[-73.99049,40.73084],[-73.99047,40.73092],[-73.99045,40.73101],[-73.98986,40.73348],[-73.98985,40.73354],[-73.98985,40.73361],[-73.98984,40.73368],[-73.98984,40.73376],[-73.98984,40.73383],[-73.98984,40.73391],[-73.98984,40.73398],[-73.98985,40.73406],[-73.98986,40.73414],[-73.98987,40.73423],[-73.98988,40.73431],[-73.98989,40.7344],[-73.98991,40.73449],[-73.98993,40.73458],[-73.98995,40.73467],[-73.98996,40.73473],[-73.98996,40.73478],[-73.98997,40.73483],[-73.98997,40.73488],[-73.98997,40.73494],[-73.98996,40.73499],[-73.98996,40.73504],[-73.98995,40.73508],[-73.98994,40.73513],[-73.98993,40.73518],[-73.98992,40.73523],[-73.9899,40.73527],[-73.98989,40.73532],[-73.98987,40.73537],[-73.98985,40.73541],[-73.9866,40.73986],[-73.98426,40.74307],[-73.98208,40.74608],[-73.97829,40.75127],[-73.97826,40.7513],[-73.97823,40.75133],[-73.9782,40.75135],[-73.97817,40.75138],[-73.97814,40.75141],[-73.97811,40.75143],[-73.97807,40.75145],[-73.97804,40.75147],[-73.978,40.75149],[-73.97796,40.75151],[-73.97792,40.75153],[-73.97788,40.75154],[-73.97784,40.75155],[-73.9778,40.75156],[-73.97776,40.75158],[-73.97685,40.75178],[-73.97604,40.75197],[-73.97598,40.75198],[-73.97592,40.752],[-73.97587,40.75201],[-73.97582,40.75203],[-73.97577,40.75205],[-73.97572,40.75207],[-73.97568,40.75209],[-73.97563,40.75212],[-73.97559,40.75214],[-73.97556,40.75217],[-73.97552,40.7522],[-73.97549,40.75223],[-73.97546,40.75227],[-73.97543,40.7523],[-73.9754,40.75234],[-73.97192,40.75711],[-73.96797,40.76253],[-73.96387,40.76814],[-73.95987,40.77362],[-73.95559,40.77949],[-73.95107,40.78567],[-73.94748,40.7906],[-73.94425,40.79502],[-73.94162,40.79863],[-73.93759,40.80414],[-73.93757,40.80417],[-73.93469,40.80812],[-73.93466,40.80815],[-73.93464,40.80818],[-73.93462,40.80821],[-73.93459,40.80824],[-73.93457,40.80827],[-73.93455,40.8083],[-73.93452,40.80832],[-73.9345,40.80835],[-73.93448,40.80838],[-73.93445,40.8084],[-73.93443,40.80843],[-73.93441,40.80845],[-73.93439,40.80848],[-73.93437,40.8085],[-73.93434,40.80853],[-73.93093,40.81209],[-73.92985,40.81322],[-73.92928,40.81388],[-73.92924,40.81393],[-73.92921,40.81398],[-73.92917,40.81403],[-73.92914,40.81408],[-73.92911,40.81414],[-73.92908,40.81419],[-73.92905,40.81424],[-73.92902,40.8143],[-73.929,40.81435],[-73.92897,40.8144],[-73.92895,40.81446],[-73.92893,40.81451],[-73.92891,40.81457],[-73.92889,40.81462],[-73.92887,40.81468],[-73.92814,40.81662],[-73.92812,40.81667],[-73.9281,40.81673],[-73.92808,40.81679],[-73.92805,40.81685],[-73.92803,40.8169],[-73.92801,40.81696],[-73.92799,40.81702],[-73.92796,40.81708],[-73.92794,40.81713],[-73.92791,40.81719],[-73.92789,40.81725],[-73.92786,40.8173],[-73.92783,40.81736],[-73.92781,40.81742],[-73.92778,40.81747],[-73.92777,40.81751],[-73.92776,40.81755],[-73.92776,40.81758],[-73.92776,40.81762],[-73.92776,40.81765],[-73.92778,40.81768],[-73.92779,40.81771],[-73.92782,40.81774],[-73.92784,40.81777],[-73.92788,40.8178],[-73.92792,40.81783],[-73.92796,40.81785],[-73.92801,40.81788],[-73.92806,40.8179],[-73.92811,40.81793],[-73.92816,40.81795],[-73.92819,40.81798],[-73.92822,40.818],[-73.92825,40.81803],[-73.92827,40.81805],[-73.9283,40.81808],[-73.92832,40.81811],[-73.92834,40.81813],[-73.92836,40.81816],[-73.92838,40.81819],[-73.92839,40.81821],[-73.9284,40.81824],[-73.92842,40.81827],[-73.92842,40.8183],[-73.92843,40.81832],[-73.92843,40.81839],[-73.92842,40.81844],[-73.9284,40.8185],[-73.92838,40.81854],[-73.92835,40.81858],[-73.92832,40.81862],[-73.92828,40.81865],[-73.92824,40.81867],[-73.92819,40.81869],[-73.92814,40.8187],[-73.92808,40.81871],[-73.92801,40.81871],[-73.92794,40.81871],[-73.92787,40.8187],[-73.92778,40.81869],[-73.92672,40.81841],[-73.91776,40.81611],[-73.91667,40.81578],[-73.91649,40.81573],[-73.91628,40.8157],[-73.91593,40.81568],[-73.91568,40.8157],[-73.91547,40.81574],[-73.9152,40.81582],[-73.91495,40.81591],[-73.91483,40.81596],[-73.91473,40.816],[-73.91445,40.81611],[-73.91423,40.81617],[-73.91403,40.8162],[-73.9138,40.81621],[-73.91357,40.8162],[-73.91333,40.81618],[-73.91267,40.81611],[-73.91184,40.81603],[-73.91114,40.81597],[-73.91073,40.81595],[-73.91036,40.81593],[-73.91008,40.81593],[-73.90981,40.81593],[-73.9094,40.81594],[-73.90911,40.81596],[-73.9089,40.816],[-73.90868,40.81605],[-73.90838,40.81617],[-73.90781,40.81649],[-73.90595,40.81758],[-73.90552,40.81781],[-73.90511,40.818],[-73.90421,40.8184],[-73.90327,40.81882],[-73.90269,40.81911],[-73.90177,40.81958],[-73.89674,40.82218],[-73.89306,40.82407],[-73.89277,40.82422],[-73.89237,40.82443],[-73.89226,40.82449],[-73.89218,40.82455],[-73.89209,40.82465],[-73.89202,40.82474],[-73.89198,40.82482],[-73.89195,40.8249],[-73.89193,40.82498],[-73.89192,40.82507],[-73.89192,40.82552],[-73.89187,40.82984],[-73.89186,40.82999],[-73.89185,40.83011],[-73.89183,40.83023],[-73.89179,40.8304],[-73.8917,40.83067],[-73.89161,40.83089],[-73.89147,40.83115],[-73.89134,40.83136],[-73.88819,40.83662],[-73.88807,40.83683],[-73.88794,40.83703],[-73.8878,40.83722],[-73.88773,40.83729],[-73.88765,40.83737],[-73.88754,40.83746],[-73.88718,40.83771],[-73.88512,40.83893],[-73.88489,40.83906],[-73.88465,40.83917],[-73.88444,40.83925],[-73.88417,40.83934],[-73.88389,40.83942],[-73.88357,40.83948],[-73.88329,40.83952],[-73.88303,40.83955],[-73.8826,40.83957],[-73.88219,40.83959],[-73.88197,40.83961],[-73.88176,40.83964],[-73.88141,40.83972],[-73.88115,40.8398],[-73.88085,40.83991],[-73.8805,40.84006],[-73.88028,40.84016],[-73.88015,40.84023],[-73.88005,40.84029],[-73.8799,40.84042],[-73.87973,40.84058],[-73.87928,40.84105],[-73.87918,40.84115],[-73.87908,40.84121],[-73.87897,40.84125],[-73.87883,40.84127],[-73.87871,40.84128],[-73.8786,40.84127],[-73.87851,40.84125],[-73.87842,40.84121],[-73.87822,40.84113],[-73.87803,40.84105],[-73.87778,40.84094],[-73.87764,40.8409],[-73.87747,40.84085],[-73.87733,40.84082],[-73.87717,40.84079],[-73.87701,40.84079],[-73.87684,40.84078],[-73.87662,40.8408],[-73.87631,40.84085],[-73.87474,40.84112],[-73.87454,40.84117],[-73.87443,40.84121],[-73.87433,40.84125],[-73.87422,40.84132],[-73.87411,40.8414],[-73.87349,40.84189],[-73.87179,40.84325],[-73.87139,40.84357],[-73.87103,40.84391],[-73.87086,40.8441],[-73.87072,40.84429],[-73.8706,40.8445],[-73.87047,40.84477],[-73.87014,40.84553],[-73.86995,40.84597],[-73.86988,40.84608],[-73.8698,40.84619],[-73.86972,40.84633],[-73.86963,40.84645],[-73.8694,40.84677],[-73.86919,40.84706],[-73.86898,40.84738],[-73.8689,40.84748],[-73.86882,40.84757],[-73.86871,40.84768],[-73.86862,40.84778],[-73.86848,40.8479],[-73.86834,40.84801],[-73.86811,40.84821],[-73.8605,40.85436],[-73.8571,40.85711],[-73.85703,40.85717],[-73.85696,40.85723],[-73.85689,40.85729],[-73.85682,40.85735],[-73.85675,40.85742],[-73.85668,40.85749],[-73.85662,40.85755],[-73.85654,40.85762],[-73.85648,40.85769],[-73.85641,40.85777],[-73.85634,40.85784],[-73.85627,40.85791],[-73.8562,40.85799],[-73.85613,40.85807],[-73.85606,40.85815],[-73.85536,40.85898],[-73.84638,40.86953],[-73.83859,40.87866],[-73.83655,40.88107],[-73.83424,40.88377],[-73.83271,40.88558],[-73.83229,40.88611],[-73.83155,40.88714],[-73.83132,40.88751],[-73.83083,40.8883]]}},{"type":"Feature","properties":{"route":"6","color":"#009952"},"geometry":{"type":"LineString","coordinates":[[-73.82812,40.85246],[-73.82915,40.85199],[-73.82924,40.85195],[-73.82932,40.85191],[-73.82939,40.85186],[-73.82946,40.85181],[-73.82953,40.85175],[-73.82959,40.85169],[-73.82965,40.85163],[-73.8297,40.85157],[-73.82975,40.8515],[-73.8298,40.85143],[-73.82984,40.85136],[-73.82988,40.85128],[-73.82991,40.85121],[-73.82994,40.85112],[-73.82997,40.85104],[-73.83032,40.84976],[-73.83034,40.84969],[-73.83036,40.84963],[-73.83038,40.84957],[-73.8304,40.84951],[-73.83043,40.84945],[-73.83045,40.84938],[-73.83048,40.84932],[-73.83051,40.84926],[-73.83054,40.8492],[-73.83057,40.84913],[-73.8306,40.84907],[-73.83063,40.849],[-73.83067,40.84894],[-73.8307,40.84887],[-73.83074,40.84881],[-73.8311,40.84821],[-73.83113,40.84815],[-73.83116,40.8481],[-73.83119,40.84806],[-73.83122,40.84801],[-73.83126,40.84796],[-73.83129,40.84791],[-73.83133,40.84787],[-73.83137,40.84782],[-73.83141,40.84778],[-73.83145,40.84773],[-73.83149,40.84769],[-73.83153,40.84765],[-73.83157,40.84761],[-73.83162,40.84757],[-73.83166,40.84752],[-73.83257,40.84681],[-73.83632,40.84386],[-73.83699,40.84334],[-73.83701,40.84332],[-73.83704,40.8433],[-73.83707,40.84328],[-73.8371,40.84326],[-73.83713,40.84324],[-73.83715,40.84322],[-73.83718,40.8432],[-73.83721,40.84318],[-73.83724,40.84316],[-73.83727,40.84314],[-73.83731,40.84312],[-73.83733,40.8431],[-73.83737,40.84308],[-73.8374,40.84306],[-73.83743,40.84304],[-73.84172,40.84082],[-73.84175,40.8408],[-73.84178,40.84079],[-73.84182,40.84077],[-73.84185,40.84075],[-73.84188,40.84073],[-73.84192,40.84071],[-73.84195,40.84069],[-73.84198,40.84067],[-73.84202,40.84065],[-73.84205,40.84062],[-73.84209,40.8406],[-73.84212,40.84057],[-73.84216,40.84055],[-73.84219,40.84052],[-73.84223,40.8405],[-73.84295,40.83989],[-73.84704,40.83649],[-73.84904,40.83482],[-73.8491,40.83477],[-73.84916,40.83472],[-73.84923,40.83468],[-73.84929,40.83464],[-73.84936,40.8346],[-73.84942,40.83457],[-73.84949,40.83454],[-73.84955,40.83451],[-73.84962,40.83448],[-73.84969,40.83446],[-73.84976,40.83443],[-73.84983,40.83442],[-73.84991,40.8344],[-73.84998,40.83439],[-73.85005,40.83438],[-73.85122,40.83425],[-73.86082,40.83323],[-73.86189,40.83311],[-73.86192,40.83311],[-73.86195,40.8331],[-73.86198,40.8331],[-73.86202,40.8331],[-73.86205,40.83309],[-73.86208,40.83309],[-73.86211,40.83308],[-73.86214,40.83307],[-73.86218,40.83307],[-73.86221,40.83306],[-73.86225,40.83305],[-73.86228,40.83304],[-73.86231,40.83304],[-73.86235,40.83303],[-73.86238,40.83302],[-73.86762,40.83151],[-73.87452,40.82952],[-73.87669,40.82889],[-73.87677,40.82887],[-73.87684,40.82886],[-73.87691,40.82884],[-73.87698,40.82882],[-73.87705,40.82881],[-73.87712,40.82879],[-73.87718,40.82878],[-73.87725,40.82877],[-73.87731,40.82876],[-73.87738,40.82874],[-73.87744,40.82874],[-73.8775,40.82873],[-73.87756,40.82872],[-73.87761,40.82871],[-73.87767,40.82871],[-73.87916,40.82858],[-73.88152,40.82839],[-73.88157,40.82839],[-73.88162,40.82838],[-73.88168,40.82838],[-73.88173,40.82838],[-73.88178,40.82837],[-73.88183,40.82837],[-73.88189,40.82836],[-73.88194,40.82836],[-73.88199,40.82836],[-73.88204,40.82836],[-73.8821,40.82835],[-73.88215,40.82835],[-73.8822,40.82835],[-73.88225,40.82834],[-73.8823,40.82834],[-73.88476,40.82821],[-73.88492,40.8282],[-73.88506,40.82818],[-73.88519,40.82815],[-73.88532,40.82812],[-73.88544,40.82808],[-73.88555,40.82803],[-73.88565,40.82797],[-73.88575,40.82791],[-73.88583,40.82784],[-73.88591,40.82776],[-73.88598,40.82768],[-73.88603,40.82759],[-73.88608,40.82749],[-73.88613,40.82739],[-73.88616,40.82728],[-73.88628,40.82652],[-73.8866,40.82453],[-73.88665,40.82421],[-73.88669,40.82399],[-73.88674,40.82384],[-73.88679,40.82368],[-73.88685,40.82353],[-73.88692,40.82339],[-73.88696,40.82332],[-73.88699,40.82324],[-73.88703,40.82317],[-73.88708,40.8231],[-73.88713,40.82303],[-73.88717,40.82296],[-73.88723,40.82289],[-73.88729,40.82282],[-73.88735,40.82275],[-73.88741,40.82268],[-73.88748,40.82262],[-73.88755,40.82256],[-73.88762,40.82249],[-73.8877,40.82243],[-73.88778,40.82237],[-73.88901,40.82156],[-73.88906,40.82152],[-73.88912,40.82149],[-73.88917,40.82145],[-73.88923,40.82142],[-73.88928,40.82139],[-73.88933,40.82136],[-73.88939,40.82133],[-73.88944,40.82131],[-73.88949,40.82128],[-73.88953,40.82126],[-73.88958,40.82124],[-73.88963,40.82122],[-73.88968,40.8212],[-73.88972,40.82119],[-73.88977,40.82117],[-73.89055,40.82095],[-73.8914,40.82072],[-73.89144,40.82071],[-73.89149,40.82069],[-73.89153,40.82067],[-73.89157,40.82066],[-73.89161,40.82064],[-73.89165,40.82062],[-73.89169,40.82061],[-73.89173,40.82059],[-73.89176,40.82057],[-73.8918,40.82055],[-73.89183,40.82053],[-73.89186,40.82051],[-73.8919,40.82049],[-73.89193,40.82047],[-73.89195,40.82044],[-73.89643,40.8161],[-73.89888,40.81374],[-73.89891,40.81371],[-73.89894,40.81369],[-73.89898,40.81366],[-73.89901,40.81364],[-73.89905,40.81362],[-73.89909,40.8136],[-73.89913,40.81358],[-73.89917,40.81356],[-73.89921,40.81354],[-73.89925,40.81352],[-73.89929,40.8135],[-73.89934,40.81349],[-73.89939,40.81347],[-73.89944,40.81346],[-73.89948,40.81345],[-73.90378,40.81224],[-73.9038,40.81223],[-73.90382,40.81223],[-73.90384,40.81222],[-73.90386,40.81221],[-73.90388,40.81221],[-73.9039,40.8122],[-73.90392,40.81219],[-73.90395,40.81218],[-73.90397,40.81217],[-73.90399,40.81217],[-73.90401,40.81216],[-73.90403,40.81215],[-73.90405,40.81214],[-73.90408,40.81213],[-73.9041,40.81212],[-73.90413,40.8121],[-73.90417,40.81208],[-73.90421,40.81206],[-73.90425,40.81203],[-73.90429,40.81201],[-73.90432,40.81199],[-73.90436,40.81196],[-73.90441,40.81194],[-73.90445,40.81191],[-73.90449,40.81188],[-73.90453,40.81186],[-73.90458,40.81183],[-73.90462,40.8118],[-73.90467,40.81177],[-73.90471,40.81173],[-73.90691,40.8103],[-73.90695,40.81027],[-73.90699,40.81023],[-73.90703,40.81019],[-73.90707,40.81016],[-73.9071,40.81012],[-73.90713,40.81008],[-73.90716,40.81003],[-73.90719,40.80999],[-73.90722,40.80995],[-73.90727,40.80983],[-73.90733,40.80965],[-73.90766,40.80872],[-73.90822,40.80708],[-73.90824,40.80701],[-73.90827,40.80695],[-73.9083,40.80689],[-73.90833,40.80683],[-73.90837,40.80677],[-73.90841,40.80672],[-73.90845,40.80667],[-73.90849,40.80662],[-73.90854,40.80657],[-73.9086,40.80653],[-73.90865,40.80648],[-73.90871,40.80644],[-73.90877,40.8064],[-73.90884,40.80637],[-73.90891,40.80633],[-73.91212,40.80488],[-73.91217,40.80486],[-73.91221,40.80484],[-73.91226,40.80483],[-73.91232,40.80481],[-73.91237,40.80481],[-73.91242,40.8048],[-73.91247,40.8048],[-73.91253,40.8048],[-73.91258,40.80481],[-73.91264,40.80481],[-73.9127,40.80483],[-73.91275,40.80484],[-73.91281,40.80486],[-73.91287,40.80488],[-73.91293,40.8049],[-73.91404,40.80537],[-73.91924,40.80757],[-73.92614,40.81048],[-73.92653,40.81064],[-73.92658,40.81066],[-73.92663,40.81068],[-73.92668,40.8107],[-73.92673,40.81073],[-73.92677,40.81075],[-73.92682,40.81077],[-73.92686,40.81079],[-73.9269,40.81082],[-73.92694,40.81084],[-73.92698,40.81086],[-73.92701,40.81089],[-73.92705,40.81091],[-73.92708,40.81093],[-73.92712,40.81096],[-73.92715,40.81098],[-73.92859,40.81208],[-73.92874,40.81218],[-73.92889,40.81227],[-73.92905,40.81234],[-73.9292,40.8124],[-73.92935,40.81244],[-73.92951,40.81247],[-73.92966,40.81249],[-73.92982,40.81249],[-73.92997,40.81247],[-73.93013,40.81245],[-73.93028,40.81241],[-73.93044,40.81235],[-73.9306,40.81228],[-73.93076,40.8122],[-73.93093,40.81209],[-73.93434,40.80853],[-73.93437,40.8085],[-73.93439,40.80848],[-73.93441,40.80845],[-73.93443,40.80843],[-73.93445,40.8084],[-73.93448,40.80838],[-73.9345,40.80835],[-73.93452,40.80832],[-73.93455,40.8083],[-73.93457,40.80827],[-73.93459,40.80824],[-73.93462,40.80821],[-73.93464,40.80818],[-73.93466,40.80815],[-73.93469,40.80812],[-73.93757,40.80417],[-73.93759,40.80414],[-73.94162,40.79863],[-73.94425,40.79502],[-73.94748,40.7906],[-73.95107,40.78567],[-73.95559,40.77949],[-73.95987,40.77362],[-73.96387,40.76814],[-73.96797,40.76253],[-73.97192,40.75711],[-73.9754,40.75234],[-73.97543,40.7523],[-73.97546,40.75227],[-73.97549,40.75223],[-73.97552,40.7522],[-73.97556,40.75217],[-73.97559,40.75214],[-73.97563,40.75212],[-73.97568,40.75209],[-73.97572,40.75207],[-73.97577,40.75205],[-73.97582,40.75203],[-73.97587,40.75201],[-73.97592,40.752],[-73.97598,40.75198],[-73.97604,40.75197],[-73.97685,40.75178],[-73.97776,40.75158],[-73.9778,40.75156],[-73.97784,40.75155],[-73.97788,40.75154],[-73.97792,40.75153],[-73.97796,40.75151],[-73.978,40.75149],[-73.97804,40.75147],[-73.97807,40.75145],[-73.97811,40.75143],[-73.97814,40.75141],[-73.97817,40.75138],[-73.9782,40.75135],[-73.97823,40.75133],[-73.97826,40.7513],[-73.97829,40.75127],[-73.98208,40.74608],[-73.98426,40.74307],[-73.9866,40.73986],[-73.98985,40.73541],[-73.98987,40.73537],[-73.98989,40.73532],[-73.9899,40.73527],[-73.98992,40.73523],[-73.98993,40.73518],[-73.98994,40.73513],[-73.98995,40.73508],[-73.98996,40.73504],[-73.98996,40.73499],[-73.98997,40.73494],[-73.98997,40.73488],[-73.98997,40.73483],[-73.98996,40.73478],[-73.98996,40.73473],[-73.98995,40.73467],[-73.98993,40.73458],[-73.98991,40.73449],[-73.98989,40.7344],[-73.98988,40.73431],[-73.98987,40.73423],[-73.98986,40.73414],[-73.98985,40.73406],[-73.98984,40.73398],[-73.98984,40.73391],[-73.98984,40.73383],[-73.98984,40.73376],[-73.98984,40.73368],[-73.98985,40.73361],[-73.98985,40.73354],[-73.98986,40.73348],[-73.99045,40.73101],[-73.99047,40.73092],[-73.99049,40.73084],[-73.99051,40.73076],[-73.99054,40.73069],[-73.99057,40.73062],[-73.9906,40.73055],[-73.99064,40.73048],[-73.99068,40.73042],[-73.99073,40.73036],[-73.99077,40.7303],[-73.99083,40.73025],[-73.99088,40.73019],[-73.99094,40.73014],[-73.991,40.7301],[-73.99107,40.73005],[-73.99112,40.73002],[-73.99118,40.72999],[-73.99123,40.72996],[-73.99128,40.72993],[-73.99133,40.72989],[-73.99138,40.72986],[-73.99142,40.72982],[-73.99147,40.72978],[-73.99151,40.72975],[-73.99155,40.72971],[-73.99159,40.72967],[-73.99163,40.72963],[-73.99167,40.7296],[-73.9917,40.72955],[-73.99174,40.72951],[-73.99362,40.72731],[-73.99466,40.72592],[-73.9965,40.72365],[-73.99652,40.72363],[-73.99654,40.72361],[-73.99656,40.72358],[-73.99658,40.72356],[-73.9966,40.72354],[-73.99661,40.72351],[-73.99663,40.72349],[-73.99665,40.72346],[-73.99666,40.72344],[-73.99668,40.72342],[-73.99669,40.72339],[-73.9967,40.72337],[-73.99671,40.72334],[-73.99673,40.72331],[-73.99674,40.72329],[-73.99703,40.72252],[-73.99703,40.72251],[-73.99704,40.72249],[-73.99705,40.72248],[-73.99705,40.72246],[-73.99706,40.72245],[-73.99707,40.72243],[-73.99707,40.72242],[-73.99708,40.72241],[-73.99709,40.72239],[-73.9971,40.72238],[-73.9971,40.72236],[-73.99711,40.72235],[-73.99712,40.72234],[-73.99713,40.72232],[-73.99714,40.7223],[-73.99715,40.72228],[-73.99716,40.72227],[-73.99717,40.72226],[-73.99717,40.72225],[-73.99718,40.72224],[-73.99719,40.72223],[-73.9972,40.72221],[-73.99721,40.7222],[-73.99722,40.72219],[-73.99723,40.72218],[-73.99724,40.72216],[-73.99725,40.72215],[-73.99726,40.72214],[-73.99728,40.72212],[-73.99905,40.72006],[-74.00019,40.7188],[-74.00286,40.71583],[-74.00288,40.7158],[-74.0029,40.71577],[-74.00293,40.71574],[-74.00294,40.71572],[-74.00296,40.71569],[-74.00298,40.71566],[-74.00299,40.71563],[-74.00301,40.7156],[-74.00302,40.71557],[-74.00303,40.71554],[-74.00304,40.7155],[-74.00305,40.71547],[-74.00305,40.71544],[-74.00306,40.7154],[-74.00306,40.71537],[-74.00316,40.71456],[-74.00317,40.7145],[-74.00317,40.71445],[-74.00318,40.7144],[-74.00318,40.71435],[-74.0032,40.71429],[-74.00321,40.71424],[-74.00322,40.7142],[-74.00324,40.71415],[-74.00326,40.7141],[-74.00329,40.71406],[-74.00331,40.71401],[-74.00334,40.71397],[-74.00337,40.71393],[-74.0034,40.71389],[-74.00344,40.71385],[-74.00413,40.71307]]}},{"type":"Feature","properties":{"route":"6","color":"#009952"},"geometry":{"type":"LineString","coordinates":[[-74.00413,40.71307],[-74.00344,40.71385],[-74.0034,40.71389],[-74.00337,40.71393],[-74.00334,40.71397],[-74.00331,40.71401],[-74.00329,40.71406],[-74.00326,40.7141],[-74.00324,40.71415],[-74.00322,40.7142],[-74.00321,40.71424],[-74.0032,40.71429],[-74.00318,40.71435],[-74.00318,40.7144],[-74.00317,40.71445],[-74.00317,40.7145],[-74.00316,40.71456],[-74.00306,40.71537],[-74.00306,40.7154],[-74.00305,40.71544],[-74.00305,40.71547],[-74.00304,40.7155],[-74.00303,40.71554],[-74.00302,40.71557],[-74.00301,40.7156],[-74.00299,40.71563],[-74.00298,40.71566],[-74.00296,40.71569],[-74.00294,40.71572],[-74.00293,40.71574],[-74.0029,40.71577],[-74.00288,40.7158],[-74.00286,40.71583],[-74.00019,40.7188],[-73.99905,40.72006],[-73.99728,40.72212],[-73.99726,40.72214],[-73.99725,40.72215],[-73.99724,40.72216],[-73.99723,40.72218],[-73.99722,40.72219],[-73.99721,40.7222],[-73.9972,40.72221],[-73.99719,40.72223],[-73.99718,40.72224],[-73.99717,40.72225],[-73.99717,40.72226],[-73.99716,40.72227],[-73.99715,40.72228],[-73.99714,40.7223],[-73.99713,40.72232],[-73.99712,40.72234],[-73.99711,40.72235],[-73.9971,40.72236],[-73.9971,40.72238],[-73.99709,40.72239],[-73.99708,40.72241],[-73.99707,40.72242],[-73.99707,40.72243],[-73.99706,40.72245],[-73.99705,40.72246],[-73.99705,40.72248],[-73.99704,40.72249],[-73.99703,40.72251],[-73.99703,40.72252],[-73.99674,40.72329],[-73.99673,40.72331],[-73.99671,40.72334],[-73.9967,40.72337],[-73.99669,40.72339],[-73.99668,40.72342],[-73.99666,40.72344],[-73.99665,40.72346],[-73.99663,40.72349],[-73.99661,40.72351],[-73.9966,40.72354],[-73.99658,40.72356],[-73.99656,40.72358],[-73.99654,40.72361],[-73.99652,40.72363],[-73.9965,40.72365],[-73.99466,40.72592],[-73.99362,40.72731],[-73.99174,40.72951],[-73.9917,40.72955],[-73.99167,40.7296],[-73.99163,40.72963],[-73.99159,40.72967],[-73.99155,40.72971],[-73.99151,40.72975],[-73.99147,40.72978],[-73.99142,40.72982],[-73.99138,40.72986],[-73.99133,40.72989],[-73.99128,40.72993],[-73.99123,40.72996],[-73.99118,40.72999],[-73.99112,40.73002],[-73.99107,40.73005],[-73.991,40.7301],[-73.99094,40.73014],[-73.99088,40.73019],[-73.99083,40.73025],[-73.99077,40.7303],[-73.99073,40.73036],[-73.99068,40.73042],[-73.99064,40.73048],[-73.9906,40.73055],[-73.99057,40.73062],[-73.99054,40.73069],[-73.99051,40.73076],[-73.99049,40.73084],[-73.99047,40.73092],[-73.99045,40.73101],[-73.98986,40.73348],[-73.98985,40.73354],[-73.98985,40.73361],[-73.98984,40.73368],[-73.98984,40.73376],[-73.98984,40.73383],[-73.98984,40.73391],[-73.98984,40.73398],[-73.98985,40.73406],[-73.98986,40.73414],[-73.98987,40.73423],[-73.98988,40.73431],[-73.98989,40.7344],[-73.98991,40.73449],[-73.98993,40.73458],[-73.98995,40.73467],[-73.98996,40.73473],[-73.98996,40.73478],[-73.98997,40.73483],[-73.98997,40.73488],[-73.98997,40.73494],[-73.98996,40.73499],[-73.98996,40.73504],[-73.98995,40.73508],[-73.98994,40.73513],[-73.98993,40.73518],[-73.98992,40.73523],[-73.9899,40.73527],[-73.98989,40.73532],[-73.98987,40.73537],[-73.98985,40.73541],[-73.9866,40.73986],[-73.98426,40.74307],[-73.98208,40.74608],[-73.97829,40.75127],[-73.97826,40.7513],[-73.97823,40.75133],[-73.9782,40.75135],[-73.97817,40.75138],[-73.97814,40.75141],[-73.97811,40.75143],[-73.97807,40.75145],[-73.97804,40.75147],[-73.978,40.75149],[-73.97796,40.75151],[-73.97792,40.75153],[-73.97788,40.75154],[-73.97784,40.75155],[-73.9778,40.75156],[-73.97776,40.75158],[-73.97685,40.75178],[-73.97604,40.75197],[-73.97598,40.75198],[-73.97592,40.752],[-73.97587,40.75201],[-73.97582,40.75203],[-73.97577,40.75205],[-73.97572,40.75207],[-73.97568,40.75209],[-73.97563,40.75212],[-73.97559,40.75214],[-73.97556,40.75217],[-73.97552,40.7522],[-73.97549,40.75223],[-73.97546,40.75227],[-73.97543,40.7523],[-73.9754,40.75234],[-73.97192,40.75711],[-73.96797,40.76253],[-73.96387,40.76814],[-73.95987,40.77362],[-73.95559,40.77949],[-73.95107,40.78567],[-73.94748,40.7906],[-73.94425,40.79502],[-73.94162,40.79863],[-73.93759,40.80414],[-73.93757,40.80417],[-73.93469,40.80812],[-73.93466,40.80815],[-73.93464,40.80818],[-73.93462,40.80821],[-73.93459,40.80824],[-73.93457,40.80827],[-73.93455,40.8083],[-73.93452,40.80832],[-73.9345,40.80835],[-73.93448,40.80838],[-73.93445,40.8084],[-73.93443,40.80843],[-73.93441,40.80845],[-73.93439,40.80848],[-73.93437,40.8085],[-73.93434,40.80853],[-73.93093,40.81209],[-73.93076,40.8122],[-73.9306,40.81228],[-73.93044,40.81235],[-73.93028,40.81241],[-73.93013,40.81245],[-73.92997,40.81247],[-73.92982,40.81249],[-73.92966,40.81249],[-73.92951,40.81247],[-73.92935,40.81244],[-73.9292,40.8124],[-73.92905,40.81234],[-73.92889,40.81227],[-73.92874,40.81218],[-73.92859,40.81208],[-73.92715,40.81098],[-73.92712,40.81096],[-73.92708,40.81093],[-73.92705,40.81091],[-73.92701,40.81089],[-73.92698,40.81086],[-73.92694,40.81084],[-73.9269,40.81082],[-73.92686,40.81079],[-73.92682,40.81077],[-73.92677,40.81075],[-73.92673,40.81073],[-73.92668,40.8107],[-73.92663,40.81068],[-73.92658,40.81066],[-73.92653,40.81064],[-73.92614,40.81048],[-73.91924,40.80757],[-73.91404,40.80537],[-73.91293,40.8049],[-73.91287,40.80488],[-73.91281,40.80486],[-73.91275,40.80484],[-73.9127,40.80483],[-73.91264,40.80481],[-73.91258,40.80481],[-73.91253,40.8048],[-73.91247,40.8048],[-73.91242,40.8048],[-73.91237,40.80481],[-73.91232,40.80481],[-73.91226,40.80483],[-73.91221,40.80484],[-73.91217,40.80486],[-73.91212,40.80488],[-73.90891,40.80633],[-73.90884,40.80637],[-73.90877,40.8064],[-73.90871,40.80644],[-73.90865,40.80648],[-73.9086,40.80653],[-73.90854,40.80657],[-73.90849,40.80662],[-73.90845,40.80667],[-73.90841,40.80672],[-73.90837,40.80677],[-73.90833,40.80683],[-73.9083,40.80689],[-73.90827,40.80695],[-73.90824,40.80701],[-73.90822,40.80708],[-73.90766,40.80872],[-73.90733,40.80965],[-73.90727,40.80983],[-73.90722,40.80995],[-73.90719,40.80999],[-73.90716,40.81003],[-73.90713,40.81008],[-73.9071,40.81012],[-73.90707,40.81016],[-73.90703,40.81019],[-73.90699,40.81023],[-73.90695,40.81027],[-73.90691,40.8103],[-73.90471,40.81173],[-73.90467,40.81177],[-73.90462,40.8118],[-73.90458,40.81183],[-73.90453,40.81186],[-73.90449,40.81188],[-73.90445,40.81191],[-73.90441,40.81194],[-73.90436,40.81196],[-73.90432,40.81199],[-73.90429,40.81201],[-73.90425,40.81203],[-73.90421,40.81206],[-73.90417,40.81208],[-73.90413,40.8121],[-73.9041,40.81212],[-73.90408,40.81213],[-73.90405,40.81214],[-73.90403,40.81215],[-73.90401,40.81216],[-73.90399,40.81217],[-73.90397,40.81217],[-73.90395,40.81218],[-73.90392,40.81219],[-73.9039,40.8122],[-73.90388,40.81221],[-73.90386,40.81221],[-73.90384,40.81222],[-73.90382,40.81223],[-73.9038,40.81223],[-73.90378,40.81224],[-73.89948,40.81345],[-73.89944,40.81346],[-73.89939,40.81347],[-73.89934,40.81349],[-73.89929,40.8135],[-73.89925,40.81352],[-73.89921,40.81354],[-73.89917,40.81356],[-73.89913,40.81358],[-73.89909,40.8136],[-73.89905,40.81362],[-73.89901,40.81364],[-73.89898,40.81366],[-73.89894,40.81369],[-73.89891,40.81371],[-73.89888,40.81374],[-73.89643,40.8161],[-73.89195,40.82044],[-73.89193,40.82047],[-73.8919,40.82049],[-73.89186,40.82051],[-73.89183,40.82053],[-73.8918,40.82055],[-73.89176,40.82057],[-73.89173,40.82059],[-73.89169,40.82061],[-73.89165,40.82062],[-73.89161,40.82064],[-73.89157,40.82066],[-73.89153,40.82067],[-73.89149,40.82069],[-73.89144,40.82071],[-73.8914,40.82072],[-73.89055,40.82095],[-73.88977,40.82117],[-73.88972,40.82119],[-73.88968,40.8212],[-73.88963,40.82122],[-73.88958,40.82124],[-73.88953,40.82126],[-73.88949,40.82128],[-73.88944,40.82131],[-73.88939,40.82133],[-73.88933,40.82136],[-73.88928,40.82139],[-73.88923,40.82142],[-73.88917,40.82145],[-73.88912,40.82149],[-73.88906,40.82152],[-73.88901,40.82156],[-73.88778,40.82237],[-73.8877,40.82243],[-73.88762,40.82249],[-73.88755,40.82256],[-73.88748,40.82262],[-73.88741,40.82268],[-73.88735,40.82275],[-73.88729,40.82282],[-73.88723,40.82289],[-73.88717,40.82296],[-73.88713,40.82303],[-73.88708,40.8231],[-73.88703,40.82317],[-73.88699,40.82324],[-73.88696,40.82332],[-73.88692,40.82339],[-73.88685,40.82353],[-73.88679,40.82368],[-73.88674,40.82384],[-73.88669,40.82399],[-73.88665,40.82421],[-73.8866,40.82453],[-73.88628,40.82652],[-73.88616,40.82728],[-73.88613,40.82739],[-73.88608,40.82749],[-73.88603,40.82759],[-73.88598,40.82768],[-73.88591,40.82776],[-73.88583,40.82784],[-73.88575,40.82791],[-73.88565,40.82797],[-73.88555,40.82803],[-73.88544,40.82808],[-73.88532,40.82812],[-73.88519,40.82815],[-73.88506,40.82818],[-73.88492,40.8282],[-73.88476,40.82821],[-73.8823,40.82834],[-73.88225,40.82834],[-73.8822,40.82835],[-73.88215,40.82835],[-73.8821,40.82835],[-73.88204,40.82836],[-73.88199,40.82836],[-73.88194,40.82836],[-73.88189,40.82836],[-73.88183,40.82837],[-73.88178,40.82837],[-73.88173,40.82838],[-73.88168,40.82838],[-73.88162,40.82838],[-73.88157,40.82839],[-73.88152,40.82839],[-73.87916,40.82858],[-73.87767,40.82871],[-73.87761,40.82871],[-73.87756,40.82872],[-73.8775,40.82873],[-73.87744,40.82874],[-73.87738,40.82874],[-73.87731,40.82876],[-73.87725,40.82877],[-73.87718,40.82878],[-73.87712,40.82879],[-73.87705,40.82881],[-73.87698,40.82882],[-73.87691,40.82884],[-73.87684,40.82886],[-73.87677,40.82887],[-73.87669,40.82889],[-73.87452,40.82952],[-73.86762,40.83151],[-73.86238,40.83302],[-73.86235,40.83303],[-73.86231,40.83304],[-73.86228,40.83304],[-73.86225,40.83305],[-73.86221,40.83306],[-73.86218,40.83307],[-73.86214,40.83307],[-73.86211,40.83308],[-73.86208,40.83309],[-73.86205,40.83309],[-73.86202,40.8331],[-73.86198,40.8331],[-73.86195,40.8331],[-73.86192,40.83311],[-73.86189,40.83311],[-73.86082,40.83323],[-73.85122,40.83425],[-73.85005,40.83438],[-73.84998,40.83439],[-73.84991,40.8344],[-73.84983,40.83442],[-73.84976,40.83443],[-73.84969,40.83446],[-73.84962,40.83448],[-73.84955,40.83451],[-73.84949,40.83454],[-73.84942,40.83457],[-73.84936,40.8346],[-73.84929,40.83464],[-73.84923,40.83468],[-73.84916,40.83472],[-73.8491,40.83477],[-73.84904,40.83482],[-73.84704,40.83649],[-73.84295,40.83989],[-73.84223,40.8405],[-73.84219,40.84052],[-73.84216,40.84055],[-73.84212,40.84057],[-73.84209,40.8406],[-73.84205,40.84062],[-73.84202,40.84065],[-73.84198,40.84067],[-73.84195,40.84069],[-73.84192,40.84071],[-73.84188,40.84073],[-73.84185,40.84075],[-73.84182,40.84077],[-73.84178,40.84079],[-73.84175,40.8408],[-73.84172,40.84082],[-73.83743,40.84304],[-73.8374,40.84306],[-73.83737,40.84308],[-73.83733,40.8431],[-73.83731,40.84312],[-73.83727,40.84314],[-73.83724,40.84316],[-73.83721,40.84318],[-73.83718,40.8432],[-73.83715,40.84322],[-73.83713,40.84324],[-73.8371,40.84326],[-73.83707,40.84328],[-73.83704,40.8433],[-73.83701,40.84332],[-73.83699,40.84334],[-73.83632,40.84386],[-73.83257,40.84681],[-73.83166,40.84752],[-73.83162,40.84757],[-73.83157,40.84761],[-73.83153,40.84765],[-73.83149,40.84769],[-73.83145,40.84773],[-73.83141,40.84778],[-73.83137,40.84782],[-73.83133,40.84787],[-73.83129,40.84791],[-73.83126,40.84796],[-73.83122,40.84801],[-73.83119,40.84806],[-73.83116,40.8481],[-73.83113,40.84815],[-73.8311,40.84821],[-73.83074,40.84881],[-73.8307,40.84887],[-73.83067,40.84894],[-73.83063,40.849],[-73.8306,40.84907],[-73.83057,40.84913],[-73.83054,40.8492],[-73.83051,40.84926],[-73.83048,40.84932],[-73.83045,40.84938],[-73.83043,40.84945],[-73.8304,40.84951],[-73.83038,40.84957],[-73.83036,40.84963],[-73.83034,40.84969],[-73.83032,40.84976],[-73.82997,40.85104],[-73.82994,40.85112],[-73.82991,40.85121],[-73.82988,40.85128],[-73.82984,40.85136],[-73.8298,40.85143],[-73.82975,40.8515],[-73.8297,40.85157],[-73.82965,40.85163],[-73.82959,40.85169],[-73.82953,40.85175],[-73.82946,40.85181],[-73.82939,40.85186],[-73.82932,40.85191],[-73.82924,40.85195],[-73.82915,40.85199],[-73.82812,40.85246]]}},{"type":"Feature","properties":{"route":"6X","color":"#009952"},"geometry":{"type":"LineString","coordinates":[[-73.82812,40.85246],[-73.82915,40.85199],[-73.82924,40.85195],[-73.82932,40.85191],[-73.82939,40.85186],[-73.82946,40.85181],[-73.82953,40.85175],[-73.82959,40.85169],[-73.82965,40.85163],[-73.8297,40.85157],[-73.82975,40.8515],[-73.8298,40.85143],[-73.82984,40.85136],[-73.82988,40.85128],[-73.82991,40.85121],[-73.82994,40.85112],[-73.82997,40.85104],[-73.83032,40.84976],[-73.83034,40.84969],[-73.83036,40.84963],[-73.83038,40.84957],[-73.8304,40.84951],[-73.83043,40.84945],[-73.83045,40.84938],[-73.83048,40.84932],[-73.83051,40.84926],[-73.83054,40.8492],[-73.83057,40.84913],[-73.8306,40.84907],[-73.83063,40.849],[-73.83067,40.84894],[-73.8307,40.84887],[-73.83074,40.84881],[-73.8311,40.84821],[-73.83113,40.84815],[-73.83116,40.8481],[-73.83119,40.84806],[-73.83122,40.84801],[-73.83126,40.84796],[-73.83129,40.84791],[-73.83133,40.84787],[-73.83137,40.84782],[-73.83141,40.84778],[-73.83145,40.84773],[-73.83149,40.84769],[-73.83153,40.84765],[-73.83157,40.84761],[-73.83162,40.84757],[-73.83166,40.84752],[-73.83257,40.84681],[-73.83632,40.84386],[-73.83699,40.84334],[-73.83701,40.84332],[-73.83704,40.8433],[-73.83707,40.84328],[-73.8371,40.84326],[-73.83713,40.84324],[-73.83715,40.84322],[-73.83718,40.8432],[-73.83721,40.84318],[-73.83724,40.84316],[-73.83727,40.84314],[-73.83731,40.84312],[-73.83733,40.8431],[-73.83737,40.84308],[-73.8374,40.84306],[-73.83743,40.84304],[-73.84172,40.84082],[-73.84175,40.8408],[-73.84178,40.84079],[-73.84182,40.84077],[-73.84185,40.84075],[-73.84188,40.84073],[-73.84192,40.84071],[-73.84195,40.84069],[-73.84198,40.84067],[-73.84202,40.84065],[-73.84205,40.84062],[-73.84209,40.8406],[-73.84212,40.84057],[-73.84216,40.84055],[-73.84219,40.84052],[-73.84223,40.8405],[-73.84295,40.83989],[-73.84704,40.83649],[-73.84904,40.83482],[-73.8491,40.83477],[-73.84916,40.83472],[-73.84923,40.83468],[-73.84929,40.83464],[-73.84936,40.8346],[-73.84942,40.83457],[-73.84949,40.83454],[-73.84955,40.83451],[-73.84962,40.83448],[-73.84969,40.83446],[-73.84976,40.83443],[-73.84983,40.83442],[-73.84991,40.8344],[-73.84998,40.83439],[-73.85005,40.83438],[-73.85122,40.83425],[-73.86082,40.83323],[-73.86189,40.83311],[-73.86192,40.83311],[-73.86195,40.8331],[-73.86198,40.8331],[-73.86202,40.8331],[-73.86205,40.83309],[-73.86208,40.83309],[-73.86211,40.83308],[-73.86214,40.83307],[-73.86218,40.83307],[-73.86221,40.83306],[-73.86225,40.83305],[-73.86228,40.83304],[-73.86231,40.83304],[-73.86235,40.83303],[-73.86238,40.83302],[-73.86762,40.83151],[-73.87452,40.82952],[-73.87669,40.82889],[-73.87677,40.82887],[-73.87684,40.82886],[-73.87691,40.82884],[-73.87698,40.82882],[-73.87705,40.82881],[-73.87712,40.82879],[-73.87718,40.82878],[-73.87725,40.82877],[-73.87731,40.82876],[-73.87738,40.82874],[-73.87744,40.82874],[-73.8775,40.82873],[-73.87756,40.82872],[-73.87761,40.82871],[-73.87767,40.82871],[-73.87916,40.82858],[-73.88152,40.82839],[-73.88157,40.82839],[-73.88162,40.82838],[-73.88168,40.82838],[-73.88173,40.82838],[-73.88178,40.82837],[-73.88183,40.82837],[-73.88189,40.82836],[-73.88194,40.82836],[-73.88199,40.82836],[-73.88204,40.82836],[-73.8821,40.82835],[-73.88215,40.82835],[-73.8822,40.82835],[-73.88225,40.82834],[-73.8823,40.82834],[-73.88476,40.82821],[-73.88492,40.8282],[-73.88506,40.82818],[-73.88519,40.82815],[-73.88532,40.82812],[-73.88544,40.82808],[-73.88555,40.82803],[-73.88565,40.82797],[-73.88575,40.82791],[-73.88583,40.82784],[-73.88591,40.82776],[-73.88598,40.82768],[-73.88603,40.82759],[-73.88608,40.82749],[-73.88613,40.82739],[-73.88616,40.82728],[-73.88628,40.82652],[-73.8866,40.82453],[-73.88665,40.82421],[-73.88669,40.82399],[-73.88674,40.82384],[-73.88679,40.82368],[-73.88685,40.82353],[-73.88692,40.82339],[-73.88696,40.82332],[-73.88699,40.82324],[-73.88703,40.82317],[-73.88708,40.8231],[-73.88713,40.82303],[-73.88717,40.82296],[-73.88723,40.82289],[-73.88729,40.82282],[-73.88735,40.82275],[-73.88741,40.82268],[-73.88748,40.82262],[-73.88755,40.82256],[-73.88762,40.82249],[-73.8877,40.82243],[-73.88778,40.82237],[-73.88901,40.82156],[-73.88906,40.82152],[-73.88912,40.82149],[-73.88917,40.82145],[-73.88923,40.82142],[-73.88928,40.82139],[-73.88933,40.82136],[-73.88939,40.82133],[-73.88944,40.82131],[-73.88949,40.82128],[-73.88953,40.82126],[-73.88958,40.82124],[-73.88963,40.82122],[-73.88968,40.8212],[-73.88972,40.82119],[-73.88977,40.82117],[-73.89055,40.82095],[-73.8914,40.82072],[-73.89144,40.82071],[-73.89149,40.82069],[-73.89153,40.82067],[-73.89157,40.82066],[-73.89161,40.82064],[-73.89165,40.82062],[-73.89169,40.82061],[-73.89173,40.82059],[-73.89176,40.82057],[-73.8918,40.82055],[-73.89183,40.82053],[-73.89186,40.82051],[-73.8919,40.82049],[-73.89193,40.82047],[-73.89195,40.82044],[-73.89643,40.8161],[-73.89888,40.81374],[-73.89891,40.81371],[-73.89894,40.81369],[-73.89898,40.81366],[-73.89901,40.81364],[-73.89905,40.81362],[-73.89909,40.8136],[-73.89913,40.81358],[-73.89917,40.81356],[-73.89921,40.81354],[-73.89925,40.81352],[-73.89929,40.8135],[-73.89934,40.81349],[-73.89939,40.81347],[-73.89944,40.81346],[-73.89948,40.81345],[-73.90378,40.81224],[-73.9038,40.81223],[-73.90382,40.81223],[-73.90384,40.81222],[-73.90386,40.81221],[-73.90388,40.81221],[-73.9039,40.8122],[-73.90392,40.81219],[-73.90395,40.81218],[-73.90397,40.81217],[-73.90399,40.81217],[-73.90401,40.81216],[-73.90403,40.81215],[-73.90405,40.81214],[-73.90408,40.81213],[-73.9041,40.81212],[-73.90413,40.8121],[-73.90417,40.81208],[-73.90421,40.81206],[-73.90425,40.81203],[-73.90429,40.81201],[-73.90432,40.81199],[-73.90436,40.81196],[-73.90441,40.81194],[-73.90445,40.81191],[-73.90449,40.81188],[-73.90453,40.81186],[-73.90458,40.81183],[-73.90462,40.8118],[-73.90467,40.81177],[-73.90471,40.81173],[-73.90691,40.8103],[-73.90695,40.81027],[-73.90699,40.81023],[-73.90703,40.81019],[-73.90707,40.81016],[-73.9071,40.81012],[-73.90713,40.81008],[-73.90716,40.81003],[-73.90719,40.80999],[-73.90722,40.80995],[-73.90727,40.80983],[-73.90733,40.80965],[-73.90766,40.80872],[-73.90822,40.80708],[-73.90824,40.80701],[-73.90827,40.80695],[-73.9083,40.80689],[-73.90833,40.80683],[-73.90837,40.80677],[-73.90841,40.80672],[-73.90845,40.80667],[-73.90849,40.80662],[-73.90854,40.80657],[-73.9086,40.80653],[-73.90865,40.80648],[-73.90871,40.80644],[-73.90877,40.8064],[-73.90884,40.80637],[-73.90891,40.80633],[-73.91212,40.80488],[-73.91217,40.80486],[-73.91221,40.80484],[-73.91226,40.80483],[-73.91232,40.80481],[-73.91237,40.80481],[-73.91242,40.8048],[-73.91247,40.8048],[-73.91253,40.8048],[-73.91258,40.80481],[-73.91264,40.80481],[-73.9127,40.80483],[-73.91275,40.80484],[-73.91281,40.80486],[-73.91287,40.80488],[-73.91293,40.8049],[-73.91404,40.80537],[-73.91924,40.80757],[-73.92614,40.81048],[-73.92653,40.81064],[-73.92658,40.81066],[-73.92663,40.81068],[-73.92668,40.8107],[-73.92673,40.81073],[-73.92677,40.81075],[-73.92682,40.81077],[-73.92686,40.81079],[-73.9269,40.81082],[-73.92694,40.81084],[-73.92698,40.81086],[-73.92701,40.81089],[-73.92705,40.81091],[-73.92708,40.81093],[-73.92712,40.81096],[-73.92715,40.81098],[-73.92859,40.81208],[-73.92874,40.81218],[-73.92889,40.81227],[-73.92905,40.81234],[-73.9292,40.8124],[-73.92935,40.81244],[-73.92951,40.81247],[-73.92966,40.81249],[-73.92982,40.81249],[-73.92997,40.81247],[-73.93013,40.81245],[-73.93028,40.81241],[-73.93044,40.81235],[-73.9306,40.81228],[-73.93076,40.8122],[-73.93093,40.81209],[-73.93434,40.80853],[-73.93437,40.8085],[-73.93439,40.80848],[-73.93441,40.80845],[-73.93443,40.80843],[-73.93445,40.8084],[-73.93448,40.80838],[-73.9345,40.80835],[-73.93452,40.80832],[-73.93455,40.8083],[-73.93457,40.80827],[-73.93459,40.80824],[-73.93462,40.80821],[-73.93464,40.80818],[-73.93466,40.80815],[-73.93469,40.80812],[-73.93757,40.80417],[-73.93759,40.80414],[-73.94162,40.79863],[-73.94425,40.79502],[-73.94748,40.7906],[-73.95107,40.78567],[-73.95559,40.77949],[-73.95987,40.77362],[-73.96387,40.76814],[-73.96797,40.76253],[-73.97192,40.75711],[-73.9754,40.75234],[-73.97543,40.7523],[-73.97546,40.75227],[-73.97549,40.75223],[-73.97552,40.7522],[-73.97556,40.75217],[-73.97559,40.75214],[-73.97563,40.75212],[-73.97568,40.75209],[-73.97572,40.75207],[-73.97577,40.75205],[-73.97582,40.75203],[-73.97587,40.75201],[-73.97592,40.752],[-73.97598,40.75198],[-73.97604,40.75197],[-73.97685,40.75178],[-73.97776,40.75158],[-73.9778,40.75156],[-73.97784,40.75155],[-73.97788,40.75154],[-73.97792,40.75153],[-73.97796,40.75151],[-73.978,40.75149],[-73.97804,40.75147],[-73.97807,40.75145],[-73.97811,40.75143],[-73.97814,40.75141],[-73.97817,40.75138],[-73.9782,40.75135],[-73.97823,40.75133],[-73.97826,40.7513],[-73.97829,40.75127],[-73.98208,40.74608],[-73.98426,40.74307],[-73.9866,40.73986],[-73.98985,40.73541],[-73.98987,40.73537],[-73.98989,40.73532],[-73.9899,40.73527],[-73.98992,40.73523],[-73.98993,40.73518],[-73.98994,40.73513],[-73.98995,40.73508],[-73.98996,40.73504],[-73.98996,40.73499],[-73.98997,40.73494],[-73.98997,40.73488],[-73.98997,40.73483],[-73.98996,40.73478],[-73.98996,40.73473],[-73.98995,40.73467],[-73.98993,40.73458],[-73.98991,40.73449],[-73.98989,40.7344],[-73.98988,40.73431],[-73.98987,40.73423],[-73.98986,40.73414],[-73.98985,40.73406],[-73.98984,40.73398],[-73.98984,40.73391],[-73.98984,40.73383],[-73.98984,40.73376],[-73.98984,40.73368],[-73.98985,40.73361],[-73.98985,40.73354],[-73.98986,40.73348],[-73.99045,40.73101],[-73.99047,40.73092],[-73.99049,40.73084],[-73.99051,40.73076],[-73.99054,40.73069],[-73.99057,40.73062],[-73.9906,40.73055],[-73.99064,40.73048],[-73.99068,40.73042],[-73.99073,40.73036],[-73.99077,40.7303],[-73.99083,40.73025],[-73.99088,40.73019],[-73.99094,40.73014],[-73.991,40.7301],[-73.99107,40.73005],[-73.99112,40.73002],[-73.99118,40.72999],[-73.99123,40.72996],[-73.99128,40.72993],[-73.99133,40.72989],[-73.99138,40.72986],[-73.99142,40.72982],[-73.99147,40.72978],[-73.99151,40.72975],[-73.99155,40.72971],[-73.99159,40.72967],[-73.99163,40.72963],[-73.99167,40.7296],[-73.9917,40.72955],[-73.99174,40.72951],[-73.99362,40.72731],[-73.99466,40.72592],[-73.9965,40.72365],[-73.99652,40.72363],[-73.99654,40.72361],[-73.99656,40.72358],[-73.99658,40.72356],[-73.9966,40.72354],[-73.99661,40.72351],[-73.99663,40.72349],[-73.99665,40.72346],[-73.99666,40.72344],[-73.99668,40.72342],[-73.99669,40.72339],[-73.9967,40.72337],[-73.99671,40.72334],[-73.99673,40.72331],[-73.99674,40.72329],[-73.99703,40.72252],[-73.99703,40.72251],[-73.99704,40.72249],[-73.99705,40.72248],[-73.99705,40.72246],[-73.99706,40.72245],[-73.99707,40.72243],[-73.99707,40.72242],[-73.99708,40.72241],[-73.99709,40.72239],[-73.9971,40.72238],[-73.9971,40.72236],[-73.99711,40.72235],[-73.99712,40.72234],[-73.99713,40.72232],[-73.99714,40.7223],[-73.99715,40.72228],[-73.99716,40.72227],[-73.99717,40.72226],[-73.99717,40.72225],[-73.99718,40.72224],[-73.99719,40.72223],[-73.9972,40.72221],[-73.99721,40.7222],[-73.99722,40.72219],[-73.99723,40.72218],[-73.99724,40.72216],[-73.99725,40.72215],[-73.99726,40.72214],[-73.99728,40.72212],[-73.99905,40.72006],[-74.00019,40.7188],[-74.00286,40.71583],[-74.00288,40.7158],[-74.0029,40.71577],[-74.00293,40.71574],[-74.00294,40.71572],[-74.00296,40.71569],[-74.00298,40.71566],[-74.00299,40.71563],[-74.00301,40.7156],[-74.00302,40.71557],[-74.00303,40.71554],[-74.00304,40.7155],[-74.00305,40.71547],[-74.00305,40.71544],[-74.00306,40.7154],[-74.00306,40.71537],[-74.00316,40.71456],[-74.00317,40.7145],[-74.00317,40.71445],[-74.00318,40.7144],[-74.00318,40.71435],[-74.0032,40.71429],[-74.00321,40.71424],[-74.00322,40.7142],[-74.00324,40.71415],[-74.00326,40.7141],[-74.00329,40.71406],[-74.00331,40.71401],[-74.00334,40.71397],[-74.00337,40.71393],[-74.0034,40.71389],[-74.00344,40.71385],[-74.00413,40.71307]]}},{"type":"Feature","properties":{"route":"6X","color":"#009952"},"geometry":{"type":"LineString","coordinates":[[-74.00413,40.71307],[-74.00344,40.71385],[-74.0034,40.71389],[-74.00337,40.71393],[-74.00334,40.71397],[-74.00331,40.71401],[-74.00329,40.71406],[-74.00326,40.7141],[-74.00324,40.71415],[-74.00322,40.7142],[-74.00321,40.71424],[-74.0032,40.71429],[-74.00318,40.71435],[-74.00318,40.7144],[-74.00317,40.71445],[-74.00317,40.7145],[-74.00316,40.71456],[-74.00306,40.71537],[-74.00306,40.7154],[-74.00305,40.71544],[-74.00305,40.71547],[-74.00304,40.7155],[-74.00303,40.71554],[-74.00302,40.71557],[-74.00301,40.7156],[-74.00299,40.71563],[-74.00298,40.71566],[-74.00296,40.71569],[-74.00294,40.71572],[-74.00293,40.71574],[-74.0029,40.71577],[-74.00288,40.7158],[-74.00286,40.71583],[-74.00019,40.7188],[-73.99905,40.72006],[-73.99728,40.72212],[-73.99726,40.72214],[-73.99725,40.72215],[-73.99724,40.72216],[-73.99723,40.72218],[-73.99722,40.72219],[-73.99721,40.7222],[-73.9972,40.72221],[-73.99719,40.72223],[-73.99718,40.72224],[-73.99717,40.72225],[-73.99717,40.72226],[-73.99716,40.72227],[-73.99715,40.72228],[-73.99714,40.7223],[-73.99713,40.72232],[-73.99712,40.72234],[-73.99711,40.72235],[-73.9971,40.72236],[-73.9971,40.72238],[-73.99709,40.72239],[-73.99708,40.72241],[-73.99707,40.72242],[-73.99707,40.72243],[-73.99706,40.72245],[-73.99705,40.72246],[-73.99705,40.72248],[-73.99704,40.72249],[-73.99703,40.72251],[-73.99703,40.72252],[-73.99674,40.72329],[-73.99673,40.72331],[-73.99671,40.72334],[-73.9967,40.72337],[-73.99669,40.72339],[-73.99668,40.72342],[-73.99666,40.72344],[-73.99665,40.72346],[-73.99663,40.72349],[-73.99661,40.72351],[-73.9966,40.72354],[-73.99658,40.72356],[-73.99656,40.72358],[-73.99654,40.72361],[-73.99652,40.72363],[-73.9965,40.72365],[-73.99466,40.72592],[-73.99362,40.72731],[-73.99174,40.72951],[-73.9917,40.72955],[-73.99167,40.7296],[-73.99163,40.72963],[-73.99159,40.72967],[-73.99155,40.72971],[-73.99151,40.72975],[-73.99147,40.72978],[-73.99142,40.72982],[-73.99138,40.72986],[-73.99133,40.72989],[-73.99128,40.72993],[-73.99123,40.72996],[-73.99118,40.72999],[-73.99112,40.73002],[-73.99107,40.73005],[-73.991,40.7301],[-73.99094,40.73014],[-73.99088,40.73019],[-73.99083,40.73025],[-73.99077,40.7303],[-73.99073,40.73036],[-73.99068,40.73042],[-73.99064,40.73048],[-73.9906,40.73055],[-73.99057,40.73062],[-73.99054,40.73069],[-73.99051,40.73076],[-73.99049,40.73084],[-73.99047,40.73092],[-73.99045,40.73101],[-73.98986,40.73348],[-73.98985,40.73354],[-73.98985,40.73361],[-73.98984,40.73368],[-73.98984,40.73376],[-73.98984,40.73383],[-73.98984,40.73391],[-73.98984,40.73398],[-73.98985,40.73406],[-73.98986,40.73414],[-73.98987,40.73423],[-73.98988,40.73431],[-73.98989,40.7344],[-73.98991,40.73449],[-73.98993,40.73458],[-73.98995,40.73467],[-73.98996,40.73473],[-73.98996,40.73478],[-73.98997,40.73483],[-73.98997,40.73488],[-73.98997,40.73494],[-73.98996,40.73499],[-73.98996,40.73504],[-73.98995,40.73508],[-73.98994,40.73513],[-73.98993,40.73518],[-73.98992,40.73523],[-73.9899,40.73527],[-73.98989,40.73532],[-73.98987,40.73537],[-73.98985,40.73541],[-73.9866,40.73986],[-73.98426,40.74307],[-73.98208,40.74608],[-73.97829,40.75127],[-73.97826,40.7513],[-73.97823,40.75133],[-73.9782,40.75135],[-73.97817,40.75138],[-73.97814,40.75141],[-73.97811,40.75143],[-73.97807,40.75145],[-73.97804,40.75147],[-73.978,40.75149],[-73.97796,40.75151],[-73.97792,40.75153],[-73.97788,40.75154],[-73.97784,40.75155],[-73.9778,40.75156],[-73.97776,40.75158],[-73.97685,40.75178],[-73.97604,40.75197],[-73.97598,40.75198],[-73.97592,40.752],[-73.97587,40.75201],[-73.97582,40.75203],[-73.97577,40.75205],[-73.97572,40.75207],[-73.97568,40.75209],[-73.97563,40.75212],[-73.97559,40.75214],[-73.97556,40.75217],[-73.97552,40.7522],[-73.97549,40.75223],[-73.97546,40.75227],[-73.97543,40.7523],[-73.9754,40.75234],[-73.97192,40.75711],[-73.96797,40.76253],[-73.96387,40.76814],[-73.95987,40.77362],[-73.95559,40.77949],[-73.95107,40.78567],[-73.94748,40.7906],[-73.94425,40.79502],[-73.94162,40.79863],[-73.93759,40.80414],[-73.93757,40.80417],[-73.93469,40.80812],[-73.93466,40.80815],[-73.93464,40.80818],[-73.93462,40.80821],[-73.93459,40.80824],[-73.93457,40.80827],[-73.93455,40.8083],[-73.93452,40.80832],[-73.9345,40.80835],[-73.93448,40.80838],[-73.93445,40.8084],[-73.93443,40.80843],[-73.93441,40.80845],[-73.93439,40.80848],[-73.93437,40.8085],[-73.93434,40.80853],[-73.93093,40.81209],[-73.93076,40.8122],[-73.9306,40.81228],[-73.93044,40.81235],[-73.93028,40.81241],[-73.93013,40.81245],[-73.92997,40.81247],[-73.92982,40.81249],[-73.92966,40.81249],[-73.92951,40.81247],[-73.92935,40.81244],[-73.9292,40.8124],[-73.92905,40.81234],[-73.92889,40.81227],[-73.92874,40.81218],[-73.92859,40.81208],[-73.92715,40.81098],[-73.92712,40.81096],[-73.92708,40.81093],[-73.92705,40.81091],[-73.92701,40.81089],[-73.92698,40.81086],[-73.92694,40.81084],[-73.9269,40.81082],[-73.92686,40.81079],[-73.92682,40.81077],[-73.92677,40.81075],[-73.92673,40.81073],[-73.92668,40.8107],[-73.92663,40.81068],[-73.92658,40.81066],[-73.92653,40.81064],[-73.92614,40.81048],[-73.91924,40.80757],[-73.91404,40.80537],[-73.91293,40.8049],[-73.91287,40.80488],[-73.91281,40.80486],[-73.91275,40.80484],[-73.9127,40.80483],[-73.91264,40.80481],[-73.91258,40.80481],[-73.91253,40.8048],[-73.91247,40.8048],[-73.91242,40.8048],[-73.91237,40.80481],[-73.91232,40.80481],[-73.91226,40.80483],[-73.91221,40.80484],[-73.91217,40.80486],[-73.91212,40.80488],[-73.90891,40.80633],[-73.90884,40.80637],[-73.90877,40.8064],[-73.90871,40.80644],[-73.90865,40.80648],[-73.9086,40.80653],[-73.90854,40.80657],[-73.90849,40.80662],[-73.90845,40.80667],[-73.90841,40.80672],[-73.90837,40.80677],[-73.90833,40.80683],[-73.9083,40.80689],[-73.90827,40.80695],[-73.90824,40.80701],[-73.90822,40.80708],[-73.90766,40.80872],[-73.90733,40.80965],[-73.90727,40.80983],[-73.90722,40.80995],[-73.90719,40.80999],[-73.90716,40.81003],[-73.90713,40.81008],[-73.9071,40.81012],[-73.90707,40.81016],[-73.90703,40.81019],[-73.90699,40.81023],[-73.90695,40.81027],[-73.90691,40.8103],[-73.90471,40.81173],[-73.90467,40.81177],[-73.90462,40.8118],[-73.90458,40.81183],[-73.90453,40.81186],[-73.90449,40.81188],[-73.90445,40.81191],[-73.90441,40.81194],[-73.90436,40.81196],[-73.90432,40.81199],[-73.90429,40.81201],[-73.90425,40.81203],[-73.90421,40.81206],[-73.90417,40.81208],[-73.90413,40.8121],[-73.9041,40.81212],[-73.90408,40.81213],[-73.90405,40.81214],[-73.90403,40.81215],[-73.90401,40.81216],[-73.90399,40.81217],[-73.90397,40.81217],[-73.90395,40.81218],[-73.90392,40.81219],[-73.9039,40.8122],[-73.90388,40.81221],[-73.90386,40.81221],[-73.90384,40.81222],[-73.90382,40.81223],[-73.9038,40.81223],[-73.90378,40.81224],[-73.89948,40.81345],[-73.89944,40.81346],[-73.89939,40.81347],[-73.89934,40.81349],[-73.89929,40.8135],[-73.89925,40.81352],[-73.89921,40.81354],[-73.89917,40.81356],[-73.89913,40.81358],[-73.89909,40.8136],[-73.89905,40.81362],[-73.89901,40.81364],[-73.89898,40.81366],[-73.89894,40.81369],[-73.89891,40.81371],[-73.89888,40.81374],[-73.89643,40.8161],[-73.89195,40.82044],[-73.89193,40.82047],[-73.8919,40.82049],[-73.89186,40.82051],[-73.89183,40.82053],[-73.8918,40.82055],[-73.89176,40.82057],[-73.89173,40.82059],[-73.89169,40.82061],[-73.89165,40.82062],[-73.89161,40.82064],[-73.89157,40.82066],[-73.89153,40.82067],[-73.89149,40.82069],[-73.89144,40.82071],[-73.8914,40.82072],[-73.89055,40.82095],[-73.88977,40.82117],[-73.88972,40.82119],[-73.88968,40.8212],[-73.88963,40.82122],[-73.88958,40.82124],[-73.88953,40.82126],[-73.88949,40.82128],[-73.88944,40.82131],[-73.88939,40.82133],[-73.88933,40.82136],[-73.88928,40.82139],[-73.88923,40.82142],[-73.88917,40.82145],[-73.88912,40.82149],[-73.88906,40.82152],[-73.88901,40.82156],[-73.88778,40.82237],[-73.8877,40.82243],[-73.88762,40.82249],[-73.88755,40.82256],[-73.88748,40.82262],[-73.88741,40.82268],[-73.88735,40.82275],[-73.88729,40.82282],[-73.88723,40.82289],[-73.88717,40.82296],[-73.88713,40.82303],[-73.88708,40.8231],[-73.88703,40.82317],[-73.88699,40.82324],[-73.88696,40.82332],[-73.88692,40.82339],[-73.88685,40.82353],[-73.88679,40.82368],[-73.88674,40.82384],[-73.88669,40.82399],[-73.88665,40.82421],[-73.8866,40.82453],[-73.88628,40.82652],[-73.88616,40.82728],[-73.88613,40.82739],[-73.88608,40.82749],[-73.88603,40.82759],[-73.88598,40.82768],[-73.88591,40.82776],[-73.88583,40.82784],[-73.88575,40.82791],[-73.88565,40.82797],[-73.88555,40.82803],[-73.88544,40.82808],[-73.88532,40.82812],[-73.88519,40.82815],[-73.88506,40.82818],[-73.88492,40.8282],[-73.88476,40.82821],[-73.8823,40.82834],[-73.88225,40.82834],[-73.8822,40.82835],[-73.88215,40.82835],[-73.8821,40.82835],[-73.88204,40.82836],[-73.88199,40.82836],[-73.88194,40.82836],[-73.88189,40.82836],[-73.88183,40.82837],[-73.88178,40.82837],[-73.88173,40.82838],[-73.88168,40.82838],[-73.88162,40.82838],[-73.88157,40.82839],[-73.88152,40.82839],[-73.87916,40.82858],[-73.87767,40.82871],[-73.87761,40.82871],[-73.87756,40.82872],[-73.8775,40.82873],[-73.87744,40.82874],[-73.87738,40.82874],[-73.87731,40.82876],[-73.87725,40.82877],[-73.87718,40.82878],[-73.87712,40.82879],[-73.87705,40.82881],[-73.87698,40.82882],[-73.87691,40.82884],[-73.87684,40.82886],[-73.87677,40.82887],[-73.87669,40.82889],[-73.87452,40.82952],[-73.86762,40.83151],[-73.86238,40.83302],[-73.86235,40.83303],[-73.86231,40.83304],[-73.86228,40.83304],[-73.86225,40.83305],[-73.86221,40.83306],[-73.86218,40.83307],[-73.86214,40.83307],[-73.86211,40.83308],[-73.86208,40.83309],[-73.86205,40.83309],[-73.86202,40.8331],[-73.86198,40.8331],[-73.86195,40.8331],[-73.86192,40.83311],[-73.86189,40.83311],[-73.86082,40.83323],[-73.85122,40.83425],[-73.85005,40.83438],[-73.84998,40.83439],[-73.84991,40.8344],[-73.84983,40.83442],[-73.84976,40.83443],[-73.84969,40.83446],[-73.84962,40.83448],[-73.84955,40.83451],[-73.84949,40.83454],[-73.84942,40.83457],[-73.84936,40.8346],[-73.84929,40.83464],[-73.84923,40.83468],[-73.84916,40.83472],[-73.8491,40.83477],[-73.84904,40.83482],[-73.84704,40.83649],[-73.84295,40.83989],[-73.84223,40.8405],[-73.84219,40.84052],[-73.84216,40.84055],[-73.84212,40.84057],[-73.84209,40.8406],[-73.84205,40.84062],[-73.84202,40.84065],[-73.84198,40.84067],[-73.84195,40.84069],[-73.84192,40.84071],[-73.84188,40.84073],[-73.84185,40.84075],[-73.84182,40.84077],[-73.84178,40.84079],[-73.84175,40.8408],[-73.84172,40.84082],[-73.83743,40.84304],[-73.8374,40.84306],[-73.83737,40.84308],[-73.83733,40.8431],[-73.83731,40.84312],[-73.83727,40.84314],[-73.83724,40.84316],[-73.83721,40.84318],[-73.83718,40.8432],[-73.83715,40.84322],[-73.83713,40.84324],[-73.8371,40.84326],[-73.83707,40.84328],[-73.83704,40.8433],[-73.83701,40.84332],[-73.83699,40.84334],[-73.83632,40.84386],[-73.83257,40.84681],[-73.83166,40.84752],[-73.83162,40.84757],[-73.83157,40.84761],[-73.83153,40.84765],[-73.83149,40.84769],[-73.83145,40.84773],[-73.83141,40.84778],[-73.83137,40.84782],[-73.83133,40.84787],[-73.83129,40.84791],[-73.83126,40.84796],[-73.83122,40.84801],[-73.83119,40.84806],[-73.83116,40.8481],[-73.83113,40.84815],[-73.8311,40.84821],[-73.83074,40.84881],[-73.8307,40.84887],[-73.83067,40.84894],[-73.83063,40.849],[-73.8306,40.84907],[-73.83057,40.84913],[-73.83054,40.8492],[-73.83051,40.84926],[-73.83048,40.84932],[-73.83045,40.84938],[-73.83043,40.84945],[-73.8304,40.84951],[-73.83038,40.84957],[-73.83036,40.84963],[-73.83034,40.84969],[-73.83032,40.84976],[-73.82997,40.85104],[-73.82994,40.85112],[-73.82991,40.85121],[-73.82988,40.85128],[-73.82984,40.85136],[-73.8298,40.85143],[-73.82975,40.8515],[-73.8297,40.85157],[-73.82965,40.85163],[-73.82959,40.85169],[-73.82953,40.85175],[-73.82946,40.85181],[-73.82939,40.85186],[-73.82932,40.85191],[-73.82924,40.85195],[-73.82915,40.85199],[-73.82812,40.85246]]}},{"type":"Feature","properties":{"route":"7","color":"#9A38A1"},"geometry":{"type":"LineString","coordinates":[[-74.00191,40.75588],[-74.00173,40.75613],[-74.00011,40.75835],[-73.99993,40.75858],[-73.99975,40.75879],[-73.99955,40.75897],[-73.99935,40.75912],[-73.99914,40.75925],[-73.99891,40.75936],[-73.99868,40.75944],[-73.99843,40.75949],[-73.99818,40.75952],[-73.99791,40.75952],[-73.99764,40.7595],[-73.99735,40.75945],[-73.99706,40.75938],[-73.99675,40.75928],[-73.99643,40.75916],[-73.98769,40.75548],[-73.98476,40.75424],[-73.9847,40.75422],[-73.98465,40.75421],[-73.98459,40.75419],[-73.98454,40.75418],[-73.98448,40.75417],[-73.98442,40.75417],[-73.98436,40.75416],[-73.9843,40.75416],[-73.98424,40.75417],[-73.98418,40.75417],[-73.98411,40.75418],[-73.98405,40.75419],[-73.98398,40.7542],[-73.98391,40.75422],[-73.98385,40.75423],[-73.98375,40.75426],[-73.98371,40.75426],[-73.98366,40.75427],[-73.98362,40.75427],[-73.98357,40.75428],[-73.98352,40.75428],[-73.98347,40.75428],[-73.98343,40.75427],[-73.98338,40.75427],[-73.98332,40.75426],[-73.98327,40.75426],[-73.98322,40.75425],[-73.98317,40.75424],[-73.98311,40.75423],[-73.98305,40.75421],[-73.983,40.7542],[-73.98294,40.75418],[-73.98287,40.75416],[-73.98281,40.75414],[-73.98274,40.75412],[-73.98268,40.75409],[-73.98261,40.75407],[-73.98254,40.75404],[-73.98247,40.75402],[-73.9824,40.75399],[-73.98233,40.75397],[-73.98226,40.75394],[-73.98219,40.75391],[-73.98211,40.75388],[-73.98204,40.75385],[-73.98196,40.75382],[-73.98115,40.75348],[-73.98108,40.75346],[-73.98101,40.75343],[-73.98097,40.75342],[-73.98093,40.75341],[-73.98089,40.7534],[-73.98085,40.75339],[-73.98077,40.75336],[-73.98069,40.75333],[-73.97872,40.75251],[-73.97865,40.75248],[-73.97858,40.75246],[-73.97852,40.75245],[-73.97846,40.75243],[-73.9784,40.75241],[-73.97834,40.75239],[-73.97604,40.75143],[-73.95703,40.74343],[-73.95695,40.7434],[-73.95688,40.74337],[-73.9568,40.74334],[-73.95672,40.74331],[-73.95664,40.74328],[-73.95657,40.74326],[-73.95649,40.74323],[-73.9564,40.74321],[-73.95632,40.74318],[-73.95624,40.74316],[-73.95616,40.74314],[-73.95607,40.74312],[-73.95599,40.7431],[-73.9559,40.74308],[-73.95582,40.74306],[-73.95358,40.74263],[-73.95032,40.74199],[-73.95029,40.74198],[-73.95026,40.74198],[-73.95022,40.74198],[-73.95019,40.74197],[-73.95016,40.74197],[-73.95012,40.74197],[-73.95009,40.74197],[-73.95006,40.74197],[-73.95003,40.74197],[-73.95,40.74197],[-73.94997,40.74198],[-73.94994,40.74198],[-73.94991,40.74198],[-73.94988,40.74199],[-73.94985,40.742],[-73.94892,40.74222],[-73.94784,40.74247],[-73.94729,40.74263],[-73.94701,40.74273],[-73.94671,40.74284],[-73.94631,40.743],[-73.94519,40.74345],[-73.94509,40.7435],[-73.945,40.74355],[-73.94492,40.7436],[-73.94486,40.74366],[-73.9448,40.74372],[-73.94475,40.74378],[-73.94471,40.74384],[-73.94468,40.7439],[-73.94466,40.74397],[-73.94465,40.74404],[-73.94465,40.74412],[-73.94466,40.74419],[-73.94469,40.74427],[-73.94472,40.74435],[-73.94477,40.74443],[-73.94555,40.74557],[-73.94557,40.7456],[-73.94558,40.74563],[-73.94559,40.74566],[-73.9456,40.74569],[-73.94561,40.74572],[-73.94562,40.74576],[-73.94562,40.74579],[-73.94563,40.74583],[-73.94563,40.74586],[-73.94562,40.74589],[-73.94562,40.74593],[-73.94561,40.74597],[-73.9456,40.746],[-73.94559,40.74604],[-73.94558,40.74608],[-73.94526,40.74702],[-73.94491,40.74811],[-73.9449,40.74815],[-73.94488,40.74819],[-73.94486,40.74823],[-73.94485,40.74827],[-73.94483,40.74831],[-73.94481,40.74835],[-73.94479,40.74838],[-73.94477,40.74842],[-73.94475,40.74845],[-73.94472,40.74849],[-73.9447,40.74852],[-73.94468,40.74856],[-73.94465,40.74859],[-73.94463,40.74862],[-73.9446,40.74866],[-73.94262,40.75093],[-73.94257,40.75098],[-73.9425,40.75104],[-73.94244,40.75108],[-73.94237,40.75112],[-73.94229,40.75115],[-73.94222,40.75118],[-73.94214,40.75119],[-73.94205,40.7512],[-73.94197,40.75121],[-73.94188,40.75121],[-73.94179,40.7512],[-73.94169,40.75118],[-73.9416,40.75116],[-73.9415,40.75113],[-73.94139,40.75109],[-73.94109,40.75096],[-73.9402,40.75058],[-73.93917,40.75013],[-73.93903,40.75006],[-73.93889,40.74998],[-73.93875,40.74991],[-73.93862,40.74983],[-73.93849,40.74975],[-73.93837,40.74968],[-73.93825,40.7496],[-73.93814,40.74953],[-73.93803,40.74945],[-73.93792,40.74937],[-73.93782,40.7493],[-73.93772,40.74922],[-73.93763,40.74914],[-73.93754,40.74907],[-73.93745,40.74899],[-73.93356,40.74522],[-73.9335,40.74517],[-73.93344,40.74513],[-73.93337,40.74508],[-73.9333,40.74504],[-73.93323,40.745],[-73.93316,40.74497],[-73.93309,40.74493],[-73.93301,40.7449],[-73.93294,40.74487],[-73.93286,40.74484],[-73.93277,40.74482],[-73.93269,40.7448],[-73.9326,40.74478],[-73.93251,40.74477],[-73.93242,40.74475],[-73.931,40.74459],[-73.92402,40.74378],[-73.91844,40.74313],[-73.91706,40.74298],[-73.917,40.74297],[-73.91693,40.74297],[-73.91686,40.74297],[-73.9168,40.74297],[-73.91673,40.74297],[-73.91666,40.74297],[-73.9166,40.74297],[-73.91654,40.74298],[-73.91647,40.74299],[-73.91641,40.743],[-73.91635,40.74301],[-73.91629,40.74302],[-73.91622,40.74303],[-73.91616,40.74305],[-73.9161,40.74306],[-73.91255,40.74415],[-73.91082,40.74467],[-73.91076,40.74469],[-73.91071,40.7447],[-73.91065,40.74472],[-73.91059,40.74473],[-73.91053,40.74475],[-73.91048,40.74476],[-73.91042,40.74477],[-73.91036,40.74479],[-73.9103,40.7448],[-73.91024,40.74482],[-73.91018,40.74483],[-73.91012,40.74484],[-73.91005,40.74486],[-73.90999,40.74487],[-73.90993,40.74488],[-73.90733,40.74532],[-73.90727,40.74533],[-73.90722,40.74533],[-73.90717,40.74534],[-73.90711,40.74535],[-73.90706,40.74535],[-73.90701,40.74536],[-73.90696,40.74536],[-73.90691,40.74536],[-73.90686,40.74537],[-73.90681,40.74537],[-73.90676,40.74537],[-73.90672,40.74538],[-73.90667,40.74538],[-73.90663,40.74538],[-73.90658,40.74538],[-73.9057,40.74539],[-73.90553,40.74539],[-73.90549,40.74539],[-73.90546,40.74539],[-73.90542,40.74539],[-73.90538,40.7454],[-73.90534,40.7454],[-73.9053,40.7454],[-73.90526,40.7454],[-73.90521,40.7454],[-73.90517,40.74541],[-73.90512,40.74541],[-73.90508,40.74541],[-73.90503,40.74542],[-73.90498,40.74542],[-73.90493,40.74542],[-73.90488,40.74543],[-73.90298,40.74563],[-73.8964,40.74632],[-73.89139,40.74685],[-73.8837,40.74766],[-73.87661,40.74841],[-73.86953,40.74914],[-73.8627,40.74986],[-73.86162,40.74998],[-73.86152,40.74999],[-73.86143,40.75],[-73.86134,40.75002],[-73.86125,40.75003],[-73.86116,40.75005],[-73.86108,40.75006],[-73.861,40.75008],[-73.86091,40.75009],[-73.86083,40.75011],[-73.86076,40.75013],[-73.86068,40.75014],[-73.86061,40.75016],[-73.86054,40.75018],[-73.86047,40.7502],[-73.8604,40.75023],[-73.85533,40.75173],[-73.84562,40.75462],[-73.84192,40.75573],[-73.84187,40.75574],[-73.84183,40.75576],[-73.84178,40.75577],[-73.84173,40.75579],[-73.84169,40.7558],[-73.84164,40.75582],[-73.84159,40.75584],[-73.84154,40.75586],[-73.84148,40.75588],[-73.84143,40.7559],[-73.84138,40.75592],[-73.84132,40.75594],[-73.84126,40.75596],[-73.84121,40.75599],[-73.84115,40.75601],[-73.83715,40.75762],[-73.8371,40.75764],[-73.83706,40.75765],[-73.83701,40.75767],[-73.83697,40.75768],[-73.83693,40.75769],[-73.83688,40.75771],[-73.83684,40.75772],[-73.8368,40.75773],[-73.83675,40.75775],[-73.83671,40.75776],[-73.83667,40.75777],[-73.83662,40.75778],[-73.83658,40.75779],[-73.83654,40.7578],[-73.83649,40.75781],[-73.83449,40.75815],[-73.83442,40.75817],[-73.83434,40.75818],[-73.83427,40.7582],[-73.8342,40.75821],[-73.83413,40.75823],[-73.83406,40.75825],[-73.83399,40.75826],[-73.83392,40.75828],[-73.83386,40.7583],[-73.8338,40.75831],[-73.83374,40.75833],[-73.83368,40.75835],[-73.83362,40.75837],[-73.83357,40.75839],[-73.83352,40.75841],[-73.83062,40.75941],[-73.83059,40.75942],[-73.83055,40.75943],[-73.83052,40.75944],[-73.83049,40.75946],[-73.83045,40.75947],[-73.83042,40.75948],[-73.83039,40.75949],[-73.83036,40.7595],[-73.83033,40.75951],[-73.8303,40.75952],[-73.83027,40.75953],[-73.83024,40.75953],[-73.83021,40.75954],[-73.83019,40.75955],[-73.83016,40.75956],[-73.83003,40.7596]]}},{"type":"Feature","properties":{"route":"S","color":"#7C858C"},"geometry":{"type":"LineString","coordinates":[[-73.98623,40.75598],[-73.98621,40.75594],[-73.98619,40.75591],[-73.98617,40.75587],[-73.98614,40.75584],[-73.98612,40.7558],[-73.98609,40.75577],[-73.98605,40.75574],[-73.98602,40.75571],[-73.98599,40.75568],[-73.98595,40.75565],[-73.98591,40.75562],[-73.98587,40.75559],[-73.98582,40.75557],[-73.98578,40.75554],[-73.98573,40.75552],[-73.97919,40.75277]]}},{"type":"Feature","properties":{"route":"A","color":"#0062CF"},"geometry":{"type":"LineString","coordinates":[[-73.7554,40.60399],[-73.7559,40.60373],[-73.75593,40.60372],[-73.75595,40.6037],[-73.75598,40.60369],[-73.75601,40.60367],[-73.75603,40.60366],[-73.75606,40.60364],[-73.75609,40.60363],[-73.75612,40.60361],[-73.75614,40.6036],[-73.75617,40.60358],[-73.7562,40.60357],[-73.75623,40.60355],[-73.75625,40.60353],[-73.75628,40.60352],[-73.75631,40.6035],[-73.75658,40.60335],[-73.75662,40.60333],[-73.75666,40.6033],[-73.7567,40.60328],[-73.75674,40.60326],[-73.75678,40.60323],[-73.75682,40.60321],[-73.75687,40.60319],[-73.75691,40.60316],[-73.75695,40.60314],[-73.757,40.60311],[-73.75705,40.60309],[-73.75709,40.60306],[-73.75714,40.60304],[-73.75719,40.60301],[-73.75724,40.60298],[-73.75838,40.60238],[-73.75861,40.60225],[-73.75883,40.60212],[-73.75905,40.60199],[-73.75926,40.60186],[-73.75947,40.60172],[-73.75966,40.60159],[-73.75986,40.60145],[-73.76005,40.60131],[-73.76023,40.60116],[-73.7604,40.60102],[-73.76057,40.60087],[-73.76073,40.60072],[-73.76089,40.60057],[-73.76104,40.60042],[-73.76118,40.60026],[-73.76135,40.60007],[-73.76205,40.59926],[-73.7621,40.5992],[-73.76215,40.59915],[-73.76221,40.5991],[-73.76226,40.59904],[-73.76232,40.59899],[-73.76238,40.59894],[-73.76244,40.59889],[-73.7625,40.59884],[-73.76256,40.5988],[-73.76263,40.59875],[-73.7627,40.5987],[-73.76277,40.59865],[-73.76284,40.59861],[-73.76291,40.59856],[-73.76299,40.59852],[-73.76817,40.5954],[-73.7704,40.59405],[-73.77054,40.59397],[-73.77068,40.5939],[-73.77082,40.59383],[-73.77097,40.59376],[-73.77111,40.59369],[-73.77127,40.59363],[-73.77142,40.59358],[-73.77158,40.59352],[-73.77175,40.59348],[-73.77191,40.59343],[-73.77208,40.59339],[-73.77226,40.59336],[-73.77243,40.59332],[-73.77261,40.59329],[-73.7728,40.59327],[-73.77601,40.59294],[-73.78316,40.59222],[-73.78333,40.59221],[-73.7835,40.59219],[-73.78367,40.59218],[-73.78384,40.59217],[-73.784,40.59216],[-73.78417,40.59215],[-73.78434,40.59215],[-73.7845,40.59215],[-73.78467,40.59215],[-73.78483,40.59215],[-73.78499,40.59215],[-73.78516,40.59216],[-73.78532,40.59217],[-73.78548,40.59218],[-73.78564,40.59219],[-73.78729,40.59232],[-73.78736,40.59233],[-73.78744,40.59233],[-73.78752,40.59234],[-73.7876,40.59234],[-73.78768,40.59235],[-73.78776,40.59235],[-73.78784,40.59235],[-73.78792,40.59236],[-73.788,40.59236],[-73.78809,40.59236],[-73.78817,40.59237],[-73.78826,40.59237],[-73.78835,40.59237],[-73.78843,40.59237],[-73.78852,40.59237],[-73.78873,40.59237],[-73.78893,40.59237],[-73.78913,40.59237],[-73.78932,40.59236],[-73.7895,40.59235],[-73.78967,40.59234],[-73.78984,40.59233],[-73.78999,40.59232],[-73.79014,40.59231],[-73.79029,40.59229],[-73.79042,40.59227],[-73.79055,40.59225],[-73.79067,40.59223],[-73.79078,40.59221],[-73.79089,40.59219],[-73.79425,40.59134],[-73.79433,40.59132],[-73.7944,40.5913],[-73.79448,40.59128],[-73.79456,40.59127],[-73.79464,40.59125],[-73.79472,40.59124],[-73.79479,40.59122],[-73.79488,40.59121],[-73.79496,40.59119],[-73.79504,40.59118],[-73.79512,40.59116],[-73.7952,40.59115],[-73.79528,40.59114],[-73.79536,40.59112],[-73.79545,40.59111],[-73.79692,40.59093],[-73.80273,40.59021],[-73.80286,40.5902],[-73.80299,40.59019],[-73.80312,40.59018],[-73.80325,40.59018],[-73.80339,40.59018],[-73.80353,40.59018],[-73.80367,40.59019],[-73.80381,40.5902],[-73.80396,40.59021],[-73.8041,40.59023],[-73.80425,40.59025],[-73.80441,40.59027],[-73.80456,40.5903],[-73.80472,40.59033],[-73.80488,40.59037],[-73.80633,40.59071],[-73.80665,40.59079],[-73.80694,40.59088],[-73.80723,40.59098],[-73.80749,40.59109],[-73.80775,40.59121],[-73.80798,40.59135],[-73.8082,40.5915],[-73.80841,40.59166],[-73.8086,40.59183],[-73.80877,40.59202],[-73.80894,40.59222],[-73.80908,40.59242],[-73.80921,40.59265],[-73.80932,40.59288],[-73.80942,40.59313],[-73.81565,40.60768],[-73.81566,40.6077],[-73.81567,40.60772],[-73.81568,40.60774],[-73.81569,40.60776],[-73.8157,40.60778],[-73.8157,40.6078],[-73.81571,40.60782],[-73.81572,40.60784],[-73.81573,40.60786],[-73.81574,40.60788],[-73.81575,40.6079],[-73.81575,40.60792],[-73.81576,40.60794],[-73.81577,40.60796],[-73.81578,40.60798],[-73.81581,40.60806],[-73.81584,40.60814],[-73.81587,40.60822],[-73.8159,40.6083],[-73.81592,40.60838],[-73.81595,40.60847],[-73.81598,40.60855],[-73.81601,40.60863],[-73.81604,40.60872],[-73.81606,40.6088],[-73.81609,40.60889],[-73.81612,40.60898],[-73.81615,40.60907],[-73.81617,40.60916],[-73.8162,40.60925],[-73.82842,40.65614],[-73.82846,40.65626],[-73.82849,40.65639],[-73.82853,40.65651],[-73.82857,40.65663],[-73.82861,40.65675],[-73.82865,40.65687],[-73.82869,40.65699],[-73.82874,40.65711],[-73.82878,40.65722],[-73.82882,40.65734],[-73.82887,40.65745],[-73.82892,40.65756],[-73.82896,40.65768],[-73.82901,40.65779],[-73.82906,40.6579],[-73.8303,40.66048],[-73.83406,40.66823],[-73.83592,40.6721],[-73.83871,40.67788],[-73.83873,40.67792],[-73.83875,40.67797],[-73.83877,40.67801],[-73.8388,40.67806],[-73.83882,40.6781],[-73.83884,40.67815],[-73.83887,40.6782],[-73.83889,40.67825],[-73.83892,40.6783],[-73.83895,40.67835],[-73.83897,40.67841],[-73.839,40.67846],[-73.83903,40.67852],[-73.83906,40.67857],[-73.8391,40.67863],[-73.84007,40.68027],[-73.84014,40.68037],[-73.84021,40.68046],[-73.84029,40.68053],[-73.84037,40.6806],[-73.84046,40.68067],[-73.84056,40.68072],[-73.84066,40.68077],[-73.84077,40.68081],[-73.84088,40.68084],[-73.841,40.68086],[-73.84113,40.68087],[-73.84126,40.68088],[-73.8414,40.68087],[-73.84154,40.68086],[-73.84169,40.68084],[-73.84385,40.68043],[-73.84422,40.68036],[-73.84429,40.68035],[-73.84436,40.68033],[-73.84442,40.68032],[-73.84449,40.68031],[-73.84456,40.6803],[-73.84463,40.68029],[-73.8447,40.68028],[-73.84476,40.68028],[-73.84484,40.68027],[-73.84491,40.68026],[-73.84498,40.68025],[-73.84505,40.68025],[-73.84512,40.68024],[-73.8452,40.68023],[-73.84527,40.68023],[-73.85147,40.67984],[-73.85899,40.67937],[-73.86034,40.67929],[-73.86037,40.67929],[-73.8604,40.67928],[-73.86043,40.67928],[-73.86046,40.67928],[-73.86049,40.67927],[-73.86052,40.67927],[-73.86055,40.67927],[-73.86058,40.67926],[-73.86061,40.67926],[-73.86064,40.67925],[-73.86067,40.67925],[-73.8607,40.67924],[-73.86073,40.67924],[-73.86076,40.67923],[-73.86079,40.67922],[-73.86187,40.67894],[-73.86195,40.67891],[-73.86202,40.67889],[-73.8621,40.67886],[-73.86217,40.67884],[-73.86224,40.67881],[-73.86231,40.67878],[-73.86239,40.67875],[-73.86246,40.67872],[-73.86253,40.67869],[-73.86259,40.67865],[-73.86266,40.67862],[-73.86272,40.67858],[-73.86279,40.67855],[-73.86285,40.67851],[-73.86292,40.67847],[-73.86505,40.67704],[-73.86574,40.67656],[-73.8658,40.67652],[-73.86585,40.67649],[-73.8659,40.67645],[-73.86596,40.67642],[-73.86602,40.67639],[-73.86608,40.67636],[-73.86613,40.67634],[-73.86619,40.67631],[-73.86625,40.67628],[-73.86632,40.67626],[-73.86638,40.67624],[-73.86644,40.67622],[-73.86651,40.6762],[-73.86657,40.67618],[-73.86664,40.67617],[-73.87211,40.67538],[-73.88075,40.67413],[-73.89036,40.67271],[-73.89383,40.6722],[-73.89409,40.67216],[-73.89434,40.67214],[-73.89457,40.67214],[-73.89479,40.67215],[-73.89499,40.67219],[-73.89518,40.67224],[-73.89536,40.6723],[-73.89552,40.67239],[-73.89567,40.67249],[-73.8958,40.6726],[-73.89593,40.67274],[-73.89603,40.67289],[-73.89612,40.67306],[-73.8962,40.67325],[-73.89626,40.67345],[-73.89655,40.67454],[-73.89709,40.67665],[-73.89716,40.67683],[-73.89726,40.677],[-73.89736,40.67716],[-73.89749,40.6773],[-73.89764,40.67743],[-73.8978,40.67755],[-73.89798,40.67766],[-73.89818,40.67775],[-73.89839,40.67784],[-73.89862,40.67791],[-73.89887,40.67797],[-73.89914,40.67802],[-73.89942,40.67805],[-73.89972,40.67808],[-73.90003,40.67809],[-73.90044,40.67811],[-73.90049,40.67811],[-73.90054,40.67812],[-73.90059,40.67812],[-73.90064,40.67812],[-73.90069,40.67813],[-73.90074,40.67813],[-73.90078,40.67813],[-73.90083,40.67814],[-73.90088,40.67814],[-73.90093,40.67815],[-73.90097,40.67815],[-73.90102,40.67816],[-73.90106,40.67816],[-73.90111,40.67817],[-73.90115,40.67817],[-73.90262,40.67836],[-73.90267,40.67836],[-73.90272,40.67837],[-73.90277,40.67837],[-73.90282,40.67838],[-73.90287,40.67838],[-73.90291,40.67838],[-73.90296,40.67838],[-73.90301,40.67839],[-73.90306,40.67839],[-73.90311,40.67839],[-73.90317,40.67839],[-73.90322,40.67839],[-73.90327,40.67839],[-73.90332,40.67839],[-73.90337,40.67839],[-73.90532,40.67833],[-73.908,40.67823],[-73.90813,40.67822],[-73.90827,40.67822],[-73.90841,40.67821],[-73.90854,40.67821],[-73.90867,40.67821],[-73.90881,40.67821],[-73.90894,40.67821],[-73.90907,40.67821],[-73.90919,40.67821],[-73.90932,40.67821],[-73.90945,40.67821],[-73.90958,40.67822],[-73.9097,40.67822],[-73.90982,40.67822],[-73.90995,40.67823],[-73.91195,40.67834],[-73.92079,40.67882],[-73.93073,40.67936],[-73.94086,40.67992],[-73.95043,40.68044],[-73.95234,40.68054],[-73.95243,40.68055],[-73.95253,40.68055],[-73.95262,40.68056],[-73.95272,40.68057],[-73.95282,40.68058],[-73.95292,40.68059],[-73.95302,40.6806],[-73.95313,40.68062],[-73.95323,40.68063],[-73.95334,40.68065],[-73.95345,40.68067],[-73.95356,40.68069],[-73.95367,40.68071],[-73.95378,40.68073],[-73.95389,40.68076],[-73.95685,40.68138],[-73.96584,40.68326],[-73.96743,40.68359],[-73.9675,40.68361],[-73.96757,40.68362],[-73.96763,40.68364],[-73.9677,40.68366],[-73.96777,40.68368],[-73.96784,40.68369],[-73.9679,40.68371],[-73.96797,40.68374],[-73.96804,40.68376],[-73.96811,40.68378],[-73.96818,40.6838],[-73.96824,40.68383],[-73.96831,40.68386],[-73.96838,40.68388],[-73.96845,40.68391],[-73.97395,40.68611],[-73.97544,40.68672],[-73.97553,40.68675],[-73.97562,40.68679],[-73.97571,40.68682],[-73.9758,40.68684],[-73.97589,40.68687],[-73.97599,40.68689],[-73.97608,40.68691],[-73.97617,40.68692],[-73.97626,40.68694],[-73.97636,40.68695],[-73.97645,40.68696],[-73.97654,40.68697],[-73.97664,40.68697],[-73.97673,40.68697],[-73.97683,40.68697],[-73.97862,40.68676],[-73.97875,40.68675],[-73.97888,40.68673],[-73.979,40.68673],[-73.97912,40.68672],[-73.97925,40.68672],[-73.97936,40.68672],[-73.97948,40.68672],[-73.97959,40.68673],[-73.97971,40.68673],[-73.97982,40.68675],[-73.97992,40.68676],[-73.98003,40.68678],[-73.98013,40.6868],[-73.98024,40.68682],[-73.98034,40.68685],[-73.98074,40.68697],[-73.98077,40.68698],[-73.98081,40.68699],[-73.98085,40.687],[-73.98088,40.687],[-73.98092,40.68701],[-73.98096,40.68702],[-73.981,40.68704],[-73.98103,40.68705],[-73.98107,40.68706],[-73.98111,40.68707],[-73.98115,40.68709],[-73.98119,40.6871],[-73.98123,40.68711],[-73.98127,40.68713],[-73.98131,40.68714],[-73.98188,40.68735],[-73.98195,40.68738],[-73.98202,40.6874],[-73.98209,40.68743],[-73.98216,40.68745],[-73.98223,40.68748],[-73.9823,40.68751],[-73.98237,40.68753],[-73.98244,40.68756],[-73.98251,40.68758],[-73.98258,40.6876],[-73.98265,40.68763],[-73.98272,40.68765],[-73.98279,40.68768],[-73.98286,40.6877],[-73.98293,40.68772],[-73.98301,40.68775],[-73.98308,40.68777],[-73.98315,40.6878],[-73.98323,40.68782],[-73.9833,40.68785],[-73.98338,40.68787],[-73.98345,40.6879],[-73.98353,40.68792],[-73.9836,40.68795],[-73.98368,40.68798],[-73.98375,40.688],[-73.98383,40.68803],[-73.9839,40.68806],[-73.98398,40.68808],[-73.98405,40.68811],[-73.985,40.68848],[-73.98738,40.68941],[-73.98749,40.68947],[-73.98759,40.68954],[-73.98767,40.68961],[-73.98775,40.68968],[-73.98781,40.68976],[-73.98786,40.68984],[-73.98789,40.68992],[-73.98792,40.69001],[-73.98793,40.6901],[-73.98793,40.69019],[-73.98792,40.69029],[-73.98789,40.69039],[-73.98785,40.69049],[-73.9878,40.69059],[-73.98774,40.6907],[-73.98758,40.69094],[-73.98756,40.69099],[-73.98753,40.69104],[-73.98751,40.69109],[-73.98749,40.69114],[-73.98747,40.69119],[-73.98745,40.69124],[-73.98744,40.69129],[-73.98742,40.69134],[-73.98741,40.69139],[-73.9874,40.69144],[-73.98739,40.69149],[-73.98739,40.69154],[-73.98738,40.69159],[-73.98738,40.69164],[-73.98738,40.6917],[-73.98734,40.69233],[-73.98734,40.69234],[-73.98734,40.69235],[-73.98728,40.69368],[-73.98728,40.69371],[-73.98727,40.69375],[-73.98727,40.69378],[-73.98727,40.69382],[-73.98726,40.69385],[-73.98726,40.69388],[-73.98726,40.69392],[-73.98726,40.69395],[-73.98725,40.69399],[-73.98725,40.69402],[-73.98724,40.69406],[-73.98724,40.69409],[-73.98723,40.69413],[-73.98723,40.69417],[-73.98723,40.6942],[-73.98721,40.69433],[-73.98721,40.69436],[-73.9872,40.69439],[-73.9872,40.69442],[-73.98719,40.69445],[-73.98719,40.69449],[-73.98719,40.69452],[-73.98718,40.69455],[-73.98718,40.69458],[-73.98718,40.69462],[-73.98718,40.69465],[-73.98717,40.69469],[-73.98717,40.69472],[-73.98717,40.69476],[-73.98717,40.69479],[-73.98717,40.69483],[-73.98704,40.6974],[-73.98705,40.69763],[-73.98709,40.69785],[-73.98715,40.69805],[-73.98722,40.69824],[-73.98732,40.69841],[-73.98743,40.69857],[-73.98756,40.69871],[-73.98771,40.69884],[-73.98788,40.69895],[-73.98807,40.69905],[-73.98828,40.69913],[-73.98851,40.69919],[-73.98876,40.69924],[-73.98902,40.69928],[-73.98931,40.6993],[-73.99053,40.69934],[-73.9913,40.69937],[-73.99142,40.69938],[-73.99154,40.69938],[-73.99165,40.69939],[-73.99177,40.6994],[-73.99188,40.69941],[-73.99199,40.69943],[-73.9921,40.69944],[-73.99221,40.69946],[-73.99232,40.69948],[-73.99242,40.6995],[-73.99253,40.69952],[-73.99263,40.69955],[-73.99273,40.69957],[-73.99283,40.6996],[-73.99293,40.69963],[-73.99621,40.70054],[-73.99662,40.70068],[-73.99703,40.70082],[-73.99742,40.70098],[-73.9978,40.70114],[-73.99816,40.70131],[-73.99851,40.70149],[-73.99884,40.70168],[-73.99916,40.70188],[-73.99946,40.70208],[-73.99975,40.70229],[-74.00002,40.70251],[-74.00028,40.70274],[-74.00052,40.70298],[-74.00075,40.70322],[-74.00097,40.70347],[-74.00485,40.70846],[-74.00489,40.70853],[-74.00495,40.70859],[-74.005,40.70865],[-74.00506,40.70871],[-74.00512,40.70877],[-74.00519,40.70883],[-74.00525,40.70889],[-74.00532,40.70894],[-74.0054,40.709],[-74.00548,40.70905],[-74.00555,40.7091],[-74.00564,40.70915],[-74.00572,40.7092],[-74.00581,40.70924],[-74.0059,40.70929],[-74.00769,40.7102],[-74.00974,40.71123],[-74.00984,40.71129],[-74.00992,40.71136],[-74.01,40.71143],[-74.01006,40.7115],[-74.01011,40.71157],[-74.01015,40.71164],[-74.01017,40.71172],[-74.01019,40.7118],[-74.01019,40.71188],[-74.01018,40.71196],[-74.01015,40.71205],[-74.01011,40.71213],[-74.01006,40.71222],[-74.01,40.71231],[-74.00993,40.7124],[-74.00858,40.71411],[-74.00549,40.71804],[-74.00545,40.71811],[-74.0054,40.71817],[-74.00536,40.71824],[-74.00533,40.71831],[-74.0053,40.71838],[-74.00527,40.71845],[-74.00524,40.71852],[-74.00522,40.71859],[-74.0052,40.71866],[-74.00519,40.71873],[-74.00518,40.7188],[-74.00517,40.71888],[-74.00517,40.71895],[-74.00516,40.71902],[-74.00516,40.71902],[-74.00517,40.7191],[-74.00523,40.72078],[-74.00523,40.72082],[-74.00529,40.72176],[-74.0053,40.72182],[-74.0053,40.72189],[-74.0053,40.72195],[-74.0053,40.72202],[-74.0053,40.72208],[-74.0053,40.72214],[-74.00529,40.7222],[-74.00529,40.72226],[-74.00528,40.72232],[-74.00527,40.72238],[-74.00526,40.72244],[-74.00524,40.72249],[-74.00522,40.72255],[-74.00521,40.72261],[-74.00519,40.72266],[-74.00374,40.72623],[-74.00272,40.72858],[-74.00271,40.72862],[-74.00269,40.72866],[-74.00267,40.7287],[-74.00266,40.72874],[-74.00264,40.72879],[-74.00262,40.72883],[-74.0026,40.72888],[-74.00257,40.72892],[-74.00255,40.72897],[-74.00253,40.72902],[-74.0025,40.72907],[-74.00248,40.72912],[-74.00245,40.72917],[-74.00242,40.72922],[-74.0024,40.72928],[-74.00155,40.73082],[-74.00154,40.73085],[-74.00153,40.73087],[-74.00151,40.7309],[-74.0015,40.73092],[-74.00148,40.73095],[-74.00147,40.73098],[-74.00145,40.731],[-74.00144,40.73103],[-74.00142,40.73105],[-74.0014,40.73108],[-74.00138,40.73111],[-74.00137,40.73113],[-74.00135,40.73116],[-74.00133,40.73119],[-74.00131,40.73122],[-74.00051,40.73231],[-74.0005,40.73234],[-74.00048,40.73236],[-73.99978,40.73332],[-73.99974,40.73339],[-73.9997,40.73346],[-73.99967,40.73353],[-73.99965,40.7336],[-73.99964,40.73367],[-73.99963,40.73374],[-73.99962,40.73381],[-73.99962,40.73388],[-73.99963,40.73395],[-73.99964,40.73402],[-73.99966,40.73409],[-73.99968,40.73417],[-73.99971,40.73424],[-73.99975,40.73431],[-73.99979,40.73439],[-74.00243,40.73881],[-74.00248,40.73889],[-74.00251,40.73896],[-74.00254,40.73904],[-74.00257,40.73912],[-74.00258,40.7392],[-74.00259,40.73928],[-74.00259,40.73936],[-74.00259,40.73943],[-74.00258,40.73951],[-74.00256,40.73959],[-74.00253,40.73967],[-74.0025,40.73974],[-74.00246,40.73982],[-74.00242,40.7399],[-74.00236,40.73997],[-74.00169,40.74089],[-73.99804,40.74591],[-73.99339,40.75229],[-73.98973,40.75731],[-73.98598,40.76246],[-73.98532,40.76337],[-73.98414,40.76499],[-73.98174,40.7683],[-73.97641,40.77559],[-73.97214,40.78143],[-73.96892,40.78587],[-73.9647,40.79164],[-73.96145,40.79609],[-73.95816,40.8006],[-73.95488,40.80508],[-73.95329,40.80727],[-73.95324,40.80733],[-73.95319,40.80739],[-73.95315,40.80745],[-73.95311,40.80752],[-73.95307,40.80758],[-73.95305,40.80765],[-73.95302,40.80771],[-73.953,40.80778],[-73.95298,40.80784],[-73.95296,40.80791],[-73.95295,40.80797],[-73.95294,40.80804],[-73.95294,40.80811],[-73.95294,40.80818],[-73.95294,40.80824],[-73.95303,40.80964],[-73.95303,40.8097],[-73.95303,40.80976],[-73.95303,40.80982],[-73.95303,40.80987],[-73.95302,40.80993],[-73.95302,40.80998],[-73.95301,40.81003],[-73.953,40.81009],[-73.95298,40.81014],[-73.95296,40.81019],[-73.95294,40.81024],[-73.95292,40.81029],[-73.9529,40.81033],[-73.95287,40.81038],[-73.95284,40.81042],[-73.95234,40.81111],[-73.9523,40.81117],[-73.95226,40.81122],[-73.95221,40.81128],[-73.95216,40.81133],[-73.95212,40.81139],[-73.95207,40.81144],[-73.95202,40.8115],[-73.95197,40.81155],[-73.95192,40.81161],[-73.95186,40.81166],[-73.95181,40.81171],[-73.95176,40.81177],[-73.9517,40.81182],[-73.95164,40.81187],[-73.95159,40.81192],[-73.9506,40.81291],[-73.95057,40.81294],[-73.95053,40.81297],[-73.9505,40.813],[-73.95046,40.81304],[-73.95043,40.81307],[-73.9504,40.81311],[-73.95036,40.81314],[-73.95033,40.81318],[-73.9503,40.81322],[-73.95027,40.81326],[-73.95023,40.8133],[-73.9502,40.81334],[-73.95017,40.81338],[-73.95014,40.81342],[-73.95011,40.81346],[-73.9492,40.8147],[-73.94917,40.81474],[-73.94915,40.81478],[-73.94912,40.81482],[-73.94909,40.81485],[-73.94907,40.81489],[-73.94905,40.81493],[-73.94902,40.81497],[-73.949,40.81501],[-73.94898,40.81505],[-73.94896,40.81509],[-73.94894,40.81513],[-73.94891,40.81517],[-73.94889,40.81521],[-73.94888,40.81525],[-73.94886,40.8153],[-73.94765,40.81789],[-73.94495,40.8237],[-73.94493,40.82374],[-73.9449,40.82378],[-73.94488,40.82382],[-73.94486,40.82386],[-73.94484,40.8239],[-73.94481,40.82394],[-73.94479,40.82398],[-73.94477,40.82402],[-73.94474,40.82406],[-73.94472,40.82409],[-73.94469,40.82413],[-73.94467,40.82416],[-73.94464,40.8242],[-73.94462,40.82423],[-73.94459,40.82426],[-73.94422,40.82478],[-73.94415,40.82488],[-73.9434,40.8259],[-73.94338,40.82594],[-73.94335,40.82597],[-73.94333,40.82601],[-73.94331,40.82605],[-73.94329,40.82609],[-73.94327,40.82612],[-73.94325,40.82616],[-73.94323,40.8262],[-73.94321,40.82624],[-73.94319,40.82628],[-73.94318,40.82632],[-73.94316,40.82636],[-73.94314,40.8264],[-73.94313,40.82644],[-73.94311,40.82649],[-73.94151,40.83052],[-73.94071,40.83291],[-73.9407,40.83294],[-73.94069,40.83297],[-73.94068,40.833],[-73.94067,40.83304],[-73.94066,40.83307],[-73.94065,40.8331],[-73.94064,40.83313],[-73.94062,40.83317],[-73.94061,40.8332],[-73.9406,40.83323],[-73.94059,40.83327],[-73.94057,40.8333],[-73.94056,40.83333],[-73.94055,40.83337],[-73.94053,40.8334],[-73.93991,40.8348],[-73.9399,40.83484],[-73.93988,40.83488],[-73.93987,40.83493],[-73.93985,40.83497],[-73.93984,40.83501],[-73.93983,40.83506],[-73.93982,40.8351],[-73.93982,40.83515],[-73.93981,40.8352],[-73.93981,40.83524],[-73.93981,40.83529],[-73.93981,40.83534],[-73.93981,40.83539],[-73.93981,40.83543],[-73.93982,40.83548],[-73.93989,40.83601],[-73.94003,40.83692],[-73.94004,40.83695],[-73.94004,40.83699],[-73.94005,40.83702],[-73.94005,40.83705],[-73.94005,40.83709],[-73.94005,40.83712],[-73.94006,40.83715],[-73.94006,40.83719],[-73.94006,40.83722],[-73.94006,40.83725],[-73.94006,40.83729],[-73.94006,40.83732],[-73.94005,40.83735],[-73.94005,40.83739],[-73.94005,40.83742],[-73.93988,40.83925],[-73.93988,40.83931],[-73.93987,40.83937],[-73.93986,40.83942],[-73.93986,40.83948],[-73.93985,40.83954],[-73.93984,40.83959],[-73.93983,40.83965],[-73.93982,40.83971],[-73.93981,40.83976],[-73.9398,40.83982],[-73.93979,40.83987],[-73.93978,40.83992],[-73.93976,40.83998],[-73.93975,40.84003],[-73.93973,40.84008],[-73.93956,40.84072],[-73.93939,40.84139],[-73.93938,40.84145],[-73.93936,40.84151],[-73.93935,40.84157],[-73.93934,40.84163],[-73.93933,40.84168],[-73.93932,40.84174],[-73.93931,40.8418],[-73.9393,40.84186],[-73.93929,40.84193],[-73.93928,40.84199],[-73.93928,40.84205],[-73.93927,40.84211],[-73.93927,40.84218],[-73.93926,40.84224],[-73.93926,40.84231],[-73.9392,40.84271],[-73.9392,40.84277],[-73.93919,40.84282],[-73.93918,40.84288],[-73.93917,40.84294],[-73.93916,40.843],[-73.93915,40.84306],[-73.93914,40.84312],[-73.93913,40.84319],[-73.93912,40.84325],[-73.9391,40.84332],[-73.93909,40.84338],[-73.93907,40.84345],[-73.93905,40.84352],[-73.93904,40.84359],[-73.93902,40.84366],[-73.93889,40.84427],[-73.93888,40.84434],[-73.93889,40.84441],[-73.9389,40.84448],[-73.93892,40.84455],[-73.93894,40.84462],[-73.93896,40.84469],[-73.939,40.84476],[-73.93903,40.84483],[-73.93908,40.84489],[-73.93913,40.84496],[-73.93918,40.84502],[-73.93924,40.84508],[-73.9393,40.84515],[-73.93937,40.84521],[-73.93945,40.84527],[-73.93971,40.84547],[-73.93978,40.84552],[-73.93984,40.84558],[-73.93989,40.84564],[-73.93994,40.84571],[-73.93998,40.84577],[-73.94002,40.84584],[-73.94005,40.84591],[-73.94007,40.84598],[-73.94009,40.84605],[-73.9401,40.84613],[-73.9401,40.84621],[-73.9401,40.84629],[-73.94009,40.84637],[-73.94007,40.84645],[-73.94005,40.84654],[-73.9397,40.84739],[-73.93797,40.85169],[-73.93689,40.85511],[-73.93687,40.85517],[-73.93685,40.85522],[-73.93683,40.85528],[-73.93681,40.85534],[-73.93678,40.85539],[-73.93676,40.85544],[-73.93674,40.8555],[-73.93671,40.85555],[-73.93668,40.8556],[-73.93666,40.85565],[-73.93663,40.8557],[-73.9366,40.85575],[-73.93657,40.8558],[-73.93654,40.85585],[-73.9365,40.85589],[-73.93418,40.85902],[-73.93085,40.86331],[-73.93081,40.86336],[-73.93078,40.86341],[-73.93073,40.86345],[-73.93069,40.86349],[-73.93065,40.86354],[-73.9306,40.86358],[-73.93056,40.86362],[-73.93051,40.86366],[-73.93046,40.86371],[-73.93041,40.86375],[-73.93035,40.86379],[-73.9303,40.86383],[-73.93024,40.86387],[-73.93018,40.86391],[-73.93012,40.86395],[-73.92864,40.86479],[-73.92809,40.86508],[-73.92803,40.86511],[-73.92797,40.86514],[-73.92791,40.86517],[-73.92785,40.8652],[-73.9278,40.86523],[-73.92774,40.86526],[-73.92769,40.86529],[-73.92763,40.86532],[-73.92758,40.86534],[-73.92753,40.86537],[-73.92747,40.86539],[-73.92742,40.86542],[-73.92737,40.86545],[-73.92732,40.86547],[-73.92727,40.86549],[-73.92721,40.86552],[-73.92714,40.86554],[-73.92708,40.86557],[-73.92702,40.8656],[-73.92695,40.86563],[-73.92688,40.86565],[-73.92682,40.86568],[-73.92675,40.8657],[-73.92668,40.86573],[-73.92662,40.86576],[-73.92655,40.86578],[-73.92648,40.86581],[-73.92641,40.86583],[-73.92634,40.86586],[-73.92627,40.86588],[-73.92138,40.86763],[-73.92133,40.86765],[-73.92129,40.86767],[-73.92124,40.86769],[-73.92119,40.8677],[-73.92115,40.86772],[-73.9211,40.86773],[-73.92106,40.86775],[-73.92101,40.86776],[-73.92096,40.86778],[-73.92092,40.86779],[-73.92087,40.86781],[-73.92083,40.86782],[-73.92079,40.86783],[-73.92074,40.86785],[-73.9207,40.86786],[-73.9199,40.86807]]}},{"type":"Feature","properties":{"route":"A","color":"#0062CF"},"geometry":{"type":"LineString","coordinates":[[-73.9199,40.86807],[-73.9207,40.86786],[-73.92074,40.86785],[-73.92079,40.86783],[-73.92083,40.86782],[-73.92087,40.86781],[-73.92092,40.86779],[-73.92096,40.86778],[-73.92101,40.86776],[-73.92106,40.86775],[-73.9211,40.86773],[-73.92115,40.86772],[-73.92119,40.8677],[-73.92124,40.86769],[-73.92129,40.86767],[-73.92133,40.86765],[-73.92138,40.86763],[-73.92627,40.86588],[-73.92634,40.86586],[-73.92641,40.86583],[-73.92648,40.86581],[-73.92655,40.86578],[-73.92662,40.86576],[-73.92668,40.86573],[-73.92675,40.8657],[-73.92682,40.86568],[-73.92688,40.86565],[-73.92695,40.86563],[-73.92702,40.8656],[-73.92708,40.86557],[-73.92714,40.86554],[-73.92721,40.86552],[-73.92727,40.86549],[-73.92732,40.86547],[-73.92737,40.86545],[-73.92742,40.86542],[-73.92747,40.86539],[-73.92753,40.86537],[-73.92758,40.86534],[-73.92763,40.86532],[-73.92769,40.86529],[-73.92774,40.86526],[-73.9278,40.86523],[-73.92785,40.8652],[-73.92791,40.86517],[-73.92797,40.86514],[-73.92803,40.86511],[-73.92809,40.86508],[-73.92864,40.86479],[-73.93012,40.86395],[-73.93018,40.86391],[-73.93024,40.86387],[-73.9303,40.86383],[-73.93035,40.86379],[-73.93041,40.86375],[-73.93046,40.86371],[-73.93051,40.86366],[-73.93056,40.86362],[-73.9306,40.86358],[-73.93065,40.86354],[-73.93069,40.86349],[-73.93073,40.86345],[-73.93078,40.86341],[-73.93081,40.86336],[-73.93085,40.86331],[-73.93418,40.85902],[-73.9365,40.85589],[-73.93654,40.85585],[-73.93657,40.8558],[-73.9366,40.85575],[-73.93663,40.8557],[-73.93666,40.85565],[-73.93668,40.8556],[-73.93671,40.85555],[-73.93674,40.8555],[-73.93676,40.85544],[-73.93678,40.85539],[-73.93681,40.85534],[-73.93683,40.85528],[-73.93685,40.85522],[-73.93687,40.85517],[-73.93689,40.85511],[-73.93797,40.85169],[-73.9397,40.84739],[-73.94005,40.84654],[-73.94007,40.84645],[-73.94009,40.84637],[-73.9401,40.84629],[-73.9401,40.84621],[-73.9401,40.84613],[-73.94009,40.84605],[-73.94007,40.84598],[-73.94005,40.84591],[-73.94002,40.84584],[-73.93998,40.84577],[-73.93994,40.84571],[-73.93989,40.84564],[-73.93984,40.84558],[-73.93978,40.84552],[-73.93971,40.84547],[-73.93945,40.84527],[-73.93937,40.84521],[-73.9393,40.84515],[-73.93924,40.84508],[-73.93918,40.84502],[-73.93913,40.84496],[-73.93908,40.84489],[-73.93903,40.84483],[-73.939,40.84476],[-73.93896,40.84469],[-73.93894,40.84462],[-73.93892,40.84455],[-73.9389,40.84448],[-73.93889,40.84441],[-73.93888,40.84434],[-73.93889,40.84427],[-73.93902,40.84366],[-73.93904,40.84359],[-73.93905,40.84352],[-73.93907,40.84345],[-73.93909,40.84338],[-73.9391,40.84332],[-73.93912,40.84325],[-73.93913,40.84319],[-73.93914,40.84312],[-73.93915,40.84306],[-73.93916,40.843],[-73.93917,40.84294],[-73.93918,40.84288],[-73.93919,40.84282],[-73.9392,40.84277],[-73.9392,40.84271],[-73.93926,40.84231],[-73.93926,40.84224],[-73.93927,40.84218],[-73.93927,40.84211],[-73.93928,40.84205],[-73.93928,40.84199],[-73.93929,40.84193],[-73.9393,40.84186],[-73.93931,40.8418],[-73.93932,40.84174],[-73.93933,40.84168],[-73.93934,40.84163],[-73.93935,40.84157],[-73.93936,40.84151],[-73.93938,40.84145],[-73.93939,40.84139],[-73.93956,40.84072],[-73.93973,40.84008],[-73.93975,40.84003],[-73.93976,40.83998],[-73.93978,40.83992],[-73.93979,40.83987],[-73.9398,40.83982],[-73.93981,40.83976],[-73.93982,40.83971],[-73.93983,40.83965],[-73.93984,40.83959],[-73.93985,40.83954],[-73.93986,40.83948],[-73.93986,40.83942],[-73.93987,40.83937],[-73.93988,40.83931],[-73.93988,40.83925],[-73.94005,40.83742],[-73.94005,40.83739],[-73.94005,40.83735],[-73.94006,40.83732],[-73.94006,40.83729],[-73.94006,40.83725],[-73.94006,40.83722],[-73.94006,40.83719],[-73.94006,40.83715],[-73.94005,40.83712],[-73.94005,40.83709],[-73.94005,40.83705],[-73.94005,40.83702],[-73.94004,40.83699],[-73.94004,40.83695],[-73.94003,40.83692],[-73.93989,40.83601],[-73.93982,40.83548],[-73.93981,40.83543],[-73.93981,40.83539],[-73.93981,40.83534],[-73.93981,40.83529],[-73.93981,40.83524],[-73.93981,40.8352],[-73.93982,40.83515],[-73.93982,40.8351],[-73.93983,40.83506],[-73.93984,40.83501],[-73.93985,40.83497],[-73.93987,40.83493],[-73.93988,40.83488],[-73.9399,40.83484],[-73.93991,40.8348],[-73.94053,40.8334],[-73.94055,40.83337],[-73.94056,40.83333],[-73.94057,40.8333],[-73.94059,40.83327],[-73.9406,40.83323],[-73.94061,40.8332],[-73.94062,40.83317],[-73.94064,40.83313],[-73.94065,40.8331],[-73.94066,40.83307],[-73.94067,40.83304],[-73.94068,40.833],[-73.94069,40.83297],[-73.9407,40.83294],[-73.94071,40.83291],[-73.94151,40.83052],[-73.94311,40.82649],[-73.94313,40.82644],[-73.94314,40.8264],[-73.94316,40.82636],[-73.94318,40.82632],[-73.94319,40.82628],[-73.94321,40.82624],[-73.94323,40.8262],[-73.94325,40.82616],[-73.94327,40.82612],[-73.94329,40.82609],[-73.94331,40.82605],[-73.94333,40.82601],[-73.94335,40.82597],[-73.94338,40.82594],[-73.9434,40.8259],[-73.94415,40.82488],[-73.94422,40.82478],[-73.94459,40.82426],[-73.94462,40.82423],[-73.94464,40.8242],[-73.94467,40.82416],[-73.94469,40.82413],[-73.94472,40.82409],[-73.94474,40.82406],[-73.94477,40.82402],[-73.94479,40.82398],[-73.94481,40.82394],[-73.94484,40.8239],[-73.94486,40.82386],[-73.94488,40.82382],[-73.9449,40.82378],[-73.94493,40.82374],[-73.94495,40.8237],[-73.94765,40.81789],[-73.94886,40.8153],[-73.94888,40.81525],[-73.94889,40.81521],[-73.94891,40.81517],[-73.94894,40.81513],[-73.94896,40.81509],[-73.94898,40.81505],[-73.949,40.81501],[-73.94902,40.81497],[-73.94905,40.81493],[-73.94907,40.81489],[-73.94909,40.81485],[-73.94912,40.81482],[-73.94915,40.81478],[-73.94917,40.81474],[-73.9492,40.8147],[-73.95011,40.81346],[-73.95014,40.81342],[-73.95017,40.81338],[-73.9502,40.81334],[-73.95023,40.8133],[-73.95027,40.81326],[-73.9503,40.81322],[-73.95033,40.81318],[-73.95036,40.81314],[-73.9504,40.81311],[-73.95043,40.81307],[-73.95046,40.81304],[-73.9505,40.813],[-73.95053,40.81297],[-73.95057,40.81294],[-73.9506,40.81291],[-73.95159,40.81192],[-73.95164,40.81187],[-73.9517,40.81182],[-73.95176,40.81177],[-73.95181,40.81171],[-73.95186,40.81166],[-73.95192,40.81161],[-73.95197,40.81155],[-73.95202,40.8115],[-73.95207,40.81144],[-73.95212,40.81139],[-73.95216,40.81133],[-73.95221,40.81128],[-73.95226,40.81122],[-73.9523,40.81117],[-73.95234,40.81111],[-73.95284,40.81042],[-73.95287,40.81038],[-73.9529,40.81033],[-73.95292,40.81029],[-73.95294,40.81024],[-73.95296,40.81019],[-73.95298,40.81014],[-73.953,40.81009],[-73.95301,40.81003],[-73.95302,40.80998],[-73.95302,40.80993],[-73.95303,40.80987],[-73.95303,40.80982],[-73.95303,40.80976],[-73.95303,40.8097],[-73.95303,40.80964],[-73.95294,40.80824],[-73.95294,40.80818],[-73.95294,40.80811],[-73.95294,40.80804],[-73.95295,40.80797],[-73.95296,40.80791],[-73.95298,40.80784],[-73.953,40.80778],[-73.95302,40.80771],[-73.95305,40.80765],[-73.95307,40.80758],[-73.95311,40.80752],[-73.95315,40.80745],[-73.95319,40.80739],[-73.95324,40.80733],[-73.95329,40.80727],[-73.95488,40.80508],[-73.95816,40.8006],[-73.96145,40.79609],[-73.9647,40.79164],[-73.96892,40.78587],[-73.97214,40.78143],[-73.97641,40.77559],[-73.98174,40.7683],[-73.98414,40.76499],[-73.98532,40.76337],[-73.98598,40.76246],[-73.98973,40.75731],[-73.99339,40.75229],[-73.99804,40.74591],[-74.00169,40.74089],[-74.00236,40.73997],[-74.00242,40.7399],[-74.00246,40.73982],[-74.0025,40.73974],[-74.00253,40.73967],[-74.00256,40.73959],[-74.00258,40.73951],[-74.00259,40.73943],[-74.00259,40.73936],[-74.00259,40.73928],[-74.00258,40.7392],[-74.00257,40.73912],[-74.00254,40.73904],[-74.00251,40.73896],[-74.00248,40.73889],[-74.00243,40.73881],[-73.99979,40.73439],[-73.99975,40.73431],[-73.99971,40.73424],[-73.99968,40.73417],[-73.99966,40.73409],[-73.99964,40.73402],[-73.99963,40.73395],[-73.99962,40.73388],[-73.99962,40.73381],[-73.99963,40.73374],[-73.99964,40.73367],[-73.99965,40.7336],[-73.99967,40.73353],[-73.9997,40.73346],[-73.99974,40.73339],[-73.99978,40.73332],[-74.00048,40.73236],[-74.0005,40.73234],[-74.00051,40.73231],[-74.00131,40.73122],[-74.00133,40.73119],[-74.00135,40.73116],[-74.00137,40.73113],[-74.00138,40.73111],[-74.0014,40.73108],[-74.00142,40.73105],[-74.00144,40.73103],[-74.00145,40.731],[-74.00147,40.73098],[-74.00148,40.73095],[-74.0015,40.73092],[-74.00151,40.7309],[-74.00153,40.73087],[-74.00154,40.73085],[-74.00155,40.73082],[-74.0024,40.72928],[-74.00242,40.72922],[-74.00245,40.72917],[-74.00248,40.72912],[-74.0025,40.72907],[-74.00253,40.72902],[-74.00255,40.72897],[-74.00257,40.72892],[-74.0026,40.72888],[-74.00262,40.72883],[-74.00264,40.72879],[-74.00266,40.72874],[-74.00267,40.7287],[-74.00269,40.72866],[-74.00271,40.72862],[-74.00272,40.72858],[-74.00374,40.72623],[-74.00519,40.72266],[-74.00521,40.72261],[-74.00522,40.72255],[-74.00524,40.72249],[-74.00526,40.72244],[-74.00527,40.72238],[-74.00528,40.72232],[-74.00529,40.72226],[-74.00529,40.7222],[-74.0053,40.72214],[-74.0053,40.72208],[-74.0053,40.72202],[-74.0053,40.72195],[-74.0053,40.72189],[-74.0053,40.72182],[-74.00529,40.72176],[-74.00523,40.72082],[-74.00523,40.72078],[-74.00517,40.7191],[-74.00516,40.71902],[-74.00517,40.71895],[-74.00517,40.71888],[-74.00518,40.7188],[-74.00519,40.71873],[-74.0052,40.71866],[-74.00522,40.71859],[-74.00524,40.71852],[-74.00527,40.71845],[-74.0053,40.71838],[-74.00533,40.71831],[-74.00536,40.71824],[-74.0054,40.71817],[-74.00545,40.71811],[-74.00549,40.71804],[-74.00858,40.71411],[-74.00993,40.7124],[-74.01,40.71231],[-74.01006,40.71222],[-74.01011,40.71213],[-74.01015,40.71205],[-74.01018,40.71196],[-74.01019,40.71188],[-74.01019,40.7118],[-74.01017,40.71172],[-74.01015,40.71164],[-74.01011,40.71157],[-74.01006,40.7115],[-74.01,40.71143],[-74.00992,40.71136],[-74.00984,40.71129],[-74.00974,40.71123],[-74.00769,40.7102],[-74.0059,40.70929],[-74.00581,40.70924],[-74.00572,40.7092],[-74.00564,40.70915],[-74.00555,40.7091],[-74.00548,40.70905],[-74.0054,40.709],[-74.00532,40.70894],[-74.00525,40.70889],[-74.00519,40.70883],[-74.00512,40.70877],[-74.00506,40.70871],[-74.005,40.70865],[-74.00495,40.70859],[-74.00489,40.70853],[-74.00485,40.70846],[-74.00097,40.70347],[-74.00075,40.70322],[-74.00052,40.70298],[-74.00028,40.70274],[-74.00002,40.70251],[-73.99975,40.70229],[-73.99946,40.70208],[-73.99916,40.70188],[-73.99884,40.70168],[-73.99851,40.70149],[-73.99816,40.70131],[-73.9978,40.70114],[-73.99742,40.70098],[-73.99703,40.70082],[-73.99662,40.70068],[-73.99621,40.70054],[-73.99293,40.69963],[-73.99283,40.6996],[-73.99273,40.69957],[-73.99263,40.69955],[-73.99253,40.69952],[-73.99242,40.6995],[-73.99232,40.69948],[-73.99221,40.69946],[-73.9921,40.69944],[-73.99199,40.69943],[-73.99188,40.69941],[-73.99177,40.6994],[-73.99165,40.69939],[-73.99154,40.69938],[-73.99142,40.69938],[-73.9913,40.69937],[-73.99053,40.69934],[-73.98931,40.6993],[-73.98902,40.69928],[-73.98876,40.69924],[-73.98851,40.69919],[-73.98828,40.69913],[-73.98807,40.69905],[-73.98788,40.69895],[-73.98771,40.69884],[-73.98756,40.69871],[-73.98743,40.69857],[-73.98732,40.69841],[-73.98722,40.69824],[-73.98715,40.69805],[-73.98709,40.69785],[-73.98705,40.69763],[-73.98704,40.6974],[-73.98717,40.69483],[-73.98717,40.69479],[-73.98717,40.69476],[-73.98717,40.69472],[-73.98717,40.69469],[-73.98718,40.69465],[-73.98718,40.69462],[-73.98718,40.69458],[-73.98718,40.69455],[-73.98719,40.69452],[-73.98719,40.69449],[-73.98719,40.69445],[-73.9872,40.69442],[-73.9872,40.69439],[-73.98721,40.69436],[-73.98721,40.69433],[-73.98723,40.6942],[-73.98723,40.69417],[-73.98723,40.69413],[-73.98724,40.69409],[-73.98724,40.69406],[-73.98725,40.69402],[-73.98725,40.69399],[-73.98726,40.69395],[-73.98726,40.69392],[-73.98726,40.69388],[-73.98726,40.69385],[-73.98727,40.69382],[-73.98727,40.69378],[-73.98727,40.69375],[-73.98728,40.69371],[-73.98728,40.69368],[-73.98734,40.69235],[-73.98734,40.69234],[-73.98734,40.69233],[-73.98738,40.6917],[-73.98738,40.69164],[-73.98738,40.69159],[-73.98739,40.69154],[-73.98739,40.69149],[-73.9874,40.69144],[-73.98741,40.69139],[-73.98742,40.69134],[-73.98744,40.69129],[-73.98745,40.69124],[-73.98747,40.69119],[-73.98749,40.69114],[-73.98751,40.69109],[-73.98753,40.69104],[-73.98756,40.69099],[-73.98758,40.69094],[-73.98774,40.6907],[-73.9878,40.69059],[-73.98785,40.69049],[-73.98789,40.69039],[-73.98792,40.69029],[-73.98793,40.69019],[-73.98793,40.6901],[-73.98792,40.69001],[-73.98789,40.68992],[-73.98786,40.68984],[-73.98781,40.68976],[-73.98775,40.68968],[-73.98767,40.68961],[-73.98759,40.68954],[-73.98749,40.68947],[-73.98738,40.68941],[-73.985,40.68848],[-73.98405,40.68811],[-73.98398,40.68808],[-73.9839,40.68806],[-73.98383,40.68803],[-73.98375,40.688],[-73.98368,40.68798],[-73.9836,40.68795],[-73.98353,40.68792],[-73.98345,40.6879],[-73.98338,40.68787],[-73.9833,40.68785],[-73.98323,40.68782],[-73.98315,40.6878],[-73.98308,40.68777],[-73.98301,40.68775],[-73.98293,40.68772],[-73.98286,40.6877],[-73.98279,40.68768],[-73.98272,40.68765],[-73.98265,40.68763],[-73.98258,40.6876],[-73.98251,40.68758],[-73.98244,40.68756],[-73.98237,40.68753],[-73.9823,40.68751],[-73.98223,40.68748],[-73.98216,40.68745],[-73.98209,40.68743],[-73.98202,40.6874],[-73.98195,40.68738],[-73.98188,40.68735],[-73.98131,40.68714],[-73.98127,40.68713],[-73.98123,40.68711],[-73.98119,40.6871],[-73.98115,40.68709],[-73.98111,40.68707],[-73.98107,40.68706],[-73.98103,40.68705],[-73.981,40.68704],[-73.98096,40.68702],[-73.98092,40.68701],[-73.98088,40.687],[-73.98085,40.687],[-73.98081,40.68699],[-73.98077,40.68698],[-73.98074,40.68697],[-73.98034,40.68685],[-73.98024,40.68682],[-73.98013,40.6868],[-73.98003,40.68678],[-73.97992,40.68676],[-73.97982,40.68675],[-73.97971,40.68673],[-73.97959,40.68673],[-73.97948,40.68672],[-73.97936,40.68672],[-73.97925,40.68672],[-73.97912,40.68672],[-73.979,40.68673],[-73.97888,40.68673],[-73.97875,40.68675],[-73.97862,40.68676],[-73.97683,40.68697],[-73.97673,40.68697],[-73.97664,40.68697],[-73.97654,40.68697],[-73.97645,40.68696],[-73.97636,40.68695],[-73.97626,40.68694],[-73.97617,40.68692],[-73.97608,40.68691],[-73.97599,40.68689],[-73.97589,40.68687],[-73.9758,40.68684],[-73.97571,40.68682],[-73.97562,40.68679],[-73.97553,40.68675],[-73.97544,40.68672],[-73.97395,40.68611],[-73.96845,40.68391],[-73.96838,40.68388],[-73.96831,40.68386],[-73.96824,40.68383],[-73.96818,40.6838],[-73.96811,40.68378],[-73.96804,40.68376],[-73.96797,40.68374],[-73.9679,40.68371],[-73.96784,40.68369],[-73.96777,40.68368],[-73.9677,40.68366],[-73.96763,40.68364],[-73.96757,40.68362],[-73.9675,40.68361],[-73.96743,40.68359],[-73.96584,40.68326],[-73.95685,40.68138],[-73.95389,40.68076],[-73.95378,40.68073],[-73.95367,40.68071],[-73.95356,40.68069],[-73.95345,40.68067],[-73.95334,40.68065],[-73.95323,40.68063],[-73.95313,40.68062],[-73.95302,40.6806],[-73.95292,40.68059],[-73.95282,40.68058],[-73.95272,40.68057],[-73.95262,40.68056],[-73.95253,40.68055],[-73.95243,40.68055],[-73.95234,40.68054],[-73.95043,40.68044],[-73.94086,40.67992],[-73.93073,40.67936],[-73.92079,40.67882],[-73.91195,40.67834],[-73.90995,40.67823],[-73.90982,40.67822],[-73.9097,40.67822],[-73.90958,40.67822],[-73.90945,40.67821],[-73.90932,40.67821],[-73.90919,40.67821],[-73.90907,40.67821],[-73.90894,40.67821],[-73.90881,40.67821],[-73.90867,40.67821],[-73.90854,40.67821],[-73.90841,40.67821],[-73.90827,40.67822],[-73.90813,40.67822],[-73.908,40.67823],[-73.90532,40.67833],[-73.90337,40.67839],[-73.90332,40.67839],[-73.90327,40.67839],[-73.90322,40.67839],[-73.90317,40.67839],[-73.90311,40.67839],[-73.90306,40.67839],[-73.90301,40.67839],[-73.90296,40.67838],[-73.90291,40.67838],[-73.90287,40.67838],[-73.90282,40.67838],[-73.90277,40.67837],[-73.90272,40.67837],[-73.90267,40.67836],[-73.90262,40.67836],[-73.90115,40.67817],[-73.90111,40.67817],[-73.90106,40.67816],[-73.90102,40.67816],[-73.90097,40.67815],[-73.90093,40.67815],[-73.90088,40.67814],[-73.90083,40.67814],[-73.90078,40.67813],[-73.90074,40.67813],[-73.90069,40.67813],[-73.90064,40.67812],[-73.90059,40.67812],[-73.90054,40.67812],[-73.90049,40.67811],[-73.90044,40.67811],[-73.90003,40.67809],[-73.89972,40.67808],[-73.89942,40.67805],[-73.89914,40.67802],[-73.89887,40.67797],[-73.89862,40.67791],[-73.89839,40.67784],[-73.89818,40.67775],[-73.89798,40.67766],[-73.8978,40.67755],[-73.89764,40.67743],[-73.89749,40.6773],[-73.89736,40.67716],[-73.89726,40.677],[-73.89716,40.67683],[-73.89709,40.67665],[-73.89655,40.67454],[-73.89626,40.67345],[-73.8962,40.67325],[-73.89612,40.67306],[-73.89603,40.67289],[-73.89593,40.67274],[-73.8958,40.6726],[-73.89567,40.67249],[-73.89552,40.67239],[-73.89536,40.6723],[-73.89518,40.67224],[-73.89499,40.67219],[-73.89479,40.67215],[-73.89457,40.67214],[-73.89434,40.67214],[-73.89409,40.67216],[-73.89383,40.6722],[-73.89036,40.67271],[-73.88075,40.67413],[-73.87211,40.67538],[-73.86664,40.67617],[-73.86657,40.67618],[-73.86651,40.6762],[-73.86644,40.67622],[-73.86638,40.67624],[-73.86632,40.67626],[-73.86625,40.67628],[-73.86619,40.67631],[-73.86613,40.67634],[-73.86608,40.67636],[-73.86602,40.67639],[-73.86596,40.67642],[-73.8659,40.67645],[-73.86585,40.67649],[-73.8658,40.67652],[-73.86574,40.67656],[-73.86505,40.67704],[-73.86292,40.67847],[-73.86285,40.67851],[-73.86279,40.67855],[-73.86272,40.67858],[-73.86266,40.67862],[-73.86259,40.67865],[-73.86253,40.67869],[-73.86246,40.67872],[-73.86239,40.67875],[-73.86231,40.67878],[-73.86224,40.67881],[-73.86217,40.67884],[-73.8621,40.67886],[-73.86202,40.67889],[-73.86195,40.67891],[-73.86187,40.67894],[-73.86079,40.67922],[-73.86076,40.67923],[-73.86073,40.67924],[-73.8607,40.67924],[-73.86067,40.67925],[-73.86064,40.67925],[-73.86061,40.67926],[-73.86058,40.67926],[-73.86055,40.67927],[-73.86052,40.67927],[-73.86049,40.67927],[-73.86046,40.67928],[-73.86043,40.67928],[-73.8604,40.67928],[-73.86037,40.67929],[-73.86034,40.67929],[-73.85899,40.67937],[-73.85147,40.67984],[-73.84527,40.68023],[-73.8452,40.68023],[-73.84512,40.68024],[-73.84505,40.68025],[-73.84498,40.68025],[-73.84491,40.68026],[-73.84484,40.68027],[-73.84476,40.68028],[-73.8447,40.68028],[-73.84463,40.68029],[-73.84456,40.6803],[-73.84449,40.68031],[-73.84442,40.68032],[-73.84436,40.68033],[-73.84429,40.68035],[-73.84422,40.68036],[-73.84385,40.68043],[-73.84169,40.68084],[-73.84154,40.68086],[-73.8414,40.68087],[-73.84126,40.68088],[-73.84113,40.68087],[-73.841,40.68086],[-73.84088,40.68084],[-73.84077,40.68081],[-73.84066,40.68077],[-73.84056,40.68072],[-73.84046,40.68067],[-73.84037,40.6806],[-73.84029,40.68053],[-73.84021,40.68046],[-73.84014,40.68037],[-73.84007,40.68027],[-73.8391,40.67863],[-73.83906,40.67857],[-73.83903,40.67852],[-73.839,40.67846],[-73.83897,40.67841],[-73.83895,40.67835],[-73.83892,40.6783],[-73.83889,40.67825],[-73.83887,40.6782],[-73.83884,40.67815],[-73.83882,40.6781],[-73.8388,40.67806],[-73.83877,40.67801],[-73.83875,40.67797],[-73.83873,40.67792],[-73.83871,40.67788],[-73.83592,40.6721],[-73.83406,40.66823],[-73.8303,40.66048],[-73.82906,40.6579],[-73.82901,40.65779],[-73.82896,40.65768],[-73.82892,40.65756],[-73.82887,40.65745],[-73.82882,40.65734],[-73.82878,40.65722],[-73.82874,40.65711],[-73.82869,40.65699],[-73.82865,40.65687],[-73.82861,40.65675],[-73.82857,40.65663],[-73.82853,40.65651],[-73.82849,40.65639],[-73.82846,40.65626],[-73.82842,40.65614],[-73.8162,40.60925],[-73.81617,40.60916],[-73.81615,40.60907],[-73.81612,40.60898],[-73.81609,40.60889],[-73.81606,40.6088],[-73.81604,40.60872],[-73.81601,40.60863],[-73.81598,40.60855],[-73.81595,40.60847],[-73.81592,40.60838],[-73.8159,40.6083],[-73.81587,40.60822],[-73.81584,40.60814],[-73.81581,40.60806],[-73.81578,40.60798],[-73.81577,40.60796],[-73.81576,40.60794],[-73.81575,40.60792],[-73.81575,40.6079],[-73.81574,40.60788],[-73.81573,40.60786],[-73.81572,40.60784],[-73.81571,40.60782],[-73.8157,40.6078],[-73.8157,40.60778],[-73.81569,40.60776],[-73.81568,40.60774],[-73.81567,40.60772],[-73.81566,40.6077],[-73.81565,40.60768],[-73.80942,40.59313],[-73.80932,40.59288],[-73.80921,40.59265],[-73.80908,40.59242],[-73.80894,40.59222],[-73.80877,40.59202],[-73.8086,40.59183],[-73.80841,40.59166],[-73.8082,40.5915],[-73.80798,40.59135],[-73.80775,40.59121],[-73.80749,40.59109],[-73.80723,40.59098],[-73.80694,40.59088],[-73.80665,40.59079],[-73.80633,40.59071],[-73.80488,40.59037],[-73.80472,40.59033],[-73.80456,40.5903],[-73.80441,40.59027],[-73.80425,40.59025],[-73.8041,40.59023],[-73.80396,40.59021],[-73.80381,40.5902],[-73.80367,40.59019],[-73.80353,40.59018],[-73.80339,40.59018],[-73.80325,40.59018],[-73.80312,40.59018],[-73.80299,40.59019],[-73.80286,40.5902],[-73.80273,40.59021],[-73.79692,40.59093],[-73.79545,40.59111],[-73.79536,40.59112],[-73.79528,40.59114],[-73.7952,40.59115],[-73.79512,40.59116],[-73.79504,40.59118],[-73.79496,40.59119],[-73.79488,40.59121],[-73.79479,40.59122],[-73.79472,40.59124],[-73.79464,40.59125],[-73.79456,40.59127],[-73.79448,40.59128],[-73.7944,40.5913],[-73.79433,40.59132],[-73.79425,40.59134],[-73.79089,40.59219],[-73.79078,40.59221],[-73.79067,40.59223],[-73.79055,40.59225],[-73.79042,40.59227],[-73.79029,40.59229],[-73.79014,40.59231],[-73.78999,40.59232],[-73.78984,40.59233],[-73.78967,40.59234],[-73.7895,40.59235],[-73.78932,40.59236],[-73.78913,40.59237],[-73.78893,40.59237],[-73.78873,40.59237],[-73.78852,40.59237],[-73.78843,40.59237],[-73.78835,40.59237],[-73.78826,40.59237],[-73.78817,40.59237],[-73.78809,40.59236],[-73.788,40.59236],[-73.78792,40.59236],[-73.78784,40.59235],[-73.78776,40.59235],[-73.78768,40.59235],[-73.7876,40.59234],[-73.78752,40.59234],[-73.78744,40.59233],[-73.78736,40.59233],[-73.78729,40.59232],[-73.78564,40.59219],[-73.78548,40.59218],[-73.78532,40.59217],[-73.78516,40.59216],[-73.78499,40.59215],[-73.78483,40.59215],[-73.78467,40.59215],[-73.7845,40.59215],[-73.78434,40.59215],[-73.78417,40.59215],[-73.784,40.59216],[-73.78384,40.59217],[-73.78367,40.59218],[-73.7835,40.59219],[-73.78333,40.59221],[-73.78316,40.59222],[-73.77601,40.59294],[-73.7728,40.59327],[-73.77261,40.59329],[-73.77243,40.59332],[-73.77226,40.59336],[-73.77208,40.59339],[-73.77191,40.59343],[-73.77175,40.59348],[-73.77158,40.59352],[-73.77142,40.59358],[-73.77127,40.59363],[-73.77111,40.59369],[-73.77097,40.59376],[-73.77082,40.59383],[-73.77068,40.5939],[-73.77054,40.59397],[-73.7704,40.59405],[-73.76817,40.5954],[-73.76299,40.59852],[-73.76291,40.59856],[-73.76284,40.59861],[-73.76277,40.59865],[-73.7627,40.5987],[-73.76263,40.59875],[-73.76256,40.5988],[-73.7625,40.59884],[-73.76244,40.59889],[-73.76238,40.59894],[-73.76232,40.59899],[-73.76226,40.59904],[-73.76221,40.5991],[-73.76215,40.59915],[-73.7621,40.5992],[-73.76205,40.59926],[-73.76135,40.60007],[-73.76118,40.60026],[-73.76104,40.60042],[-73.76089,40.60057],[-73.76073,40.60072],[-73.76057,40.60087],[-73.7604,40.60102],[-73.76023,40.60116],[-73.76005,40.60131],[-73.75986,40.60145],[-73.75966,40.60159],[-73.75947,40.60172],[-73.75926,40.60186],[-73.75905,40.60199],[-73.75883,40.60212],[-73.75861,40.60225],[-73.75838,40.60238],[-73.75724,40.60298],[-73.75719,40.60301],[-73.75714,40.60304],[-73.75709,40.60306],[-73.75705,40.60309],[-73.757,40.60311],[-73.75695,40.60314],[-73.75691,40.60316],[-73.75687,40.60319],[-73.75682,40.60321],[-73.75678,40.60323],[-73.75674,40.60326],[-73.7567,40.60328],[-73.75666,40.6033],[-73.75662,40.60333],[-73.75658,40.60335],[-73.75631,40.6035],[-73.75628,40.60352],[-73.75625,40.60353],[-73.75623,40.60355],[-73.7562,40.60357],[-73.75617,40.60358],[-73.75614,40.6036],[-73.75612,40.60361],[-73.75609,40.60363],[-73.75606,40.60364],[-73.75603,40.60366],[-73.75601,40.60367],[-73.75598,40.60369],[-73.75595,40.6037],[-73.75593,40.60372],[-73.7559,40.60373],[-73.7554,40.60399]]}},{"type":"Feature","properties":{"route":"C","color":"#0062CF"},"geometry":{"type":"LineString","coordinates":[[-73.93956,40.84072],[-73.93973,40.84008],[-73.93975,40.84003],[-73.93976,40.83998],[-73.93978,40.83992],[-73.93979,40.83987],[-73.9398,40.83982],[-73.93981,40.83976],[-73.93982,40.83971],[-73.93983,40.83965],[-73.93984,40.83959],[-73.93985,40.83954],[-73.93986,40.83948],[-73.93986,40.83942],[-73.93987,40.83937],[-73.93988,40.83931],[-73.93988,40.83925],[-73.94005,40.83742],[-73.94005,40.83739],[-73.94005,40.83735],[-73.94006,40.83732],[-73.94006,40.83729],[-73.94006,40.83725],[-73.94006,40.83722],[-73.94006,40.83719],[-73.94006,40.83715],[-73.94005,40.83712],[-73.94005,40.83709],[-73.94005,40.83705],[-73.94005,40.83702],[-73.94004,40.83699],[-73.94004,40.83695],[-73.94003,40.83692],[-73.93989,40.83601],[-73.93982,40.83548],[-73.93981,40.83543],[-73.93981,40.83539],[-73.93981,40.83534],[-73.93981,40.83529],[-73.93981,40.83524],[-73.93981,40.8352],[-73.93982,40.83515],[-73.93982,40.8351],[-73.93983,40.83506],[-73.93984,40.83501],[-73.93985,40.83497],[-73.93987,40.83493],[-73.93988,40.83488],[-73.9399,40.83484],[-73.93991,40.8348],[-73.94053,40.8334],[-73.94055,40.83337],[-73.94056,40.83333],[-73.94057,40.8333],[-73.94059,40.83327],[-73.9406,40.83323],[-73.94061,40.8332],[-73.94062,40.83317],[-73.94064,40.83313],[-73.94065,40.8331],[-73.94066,40.83307],[-73.94067,40.83304],[-73.94068,40.833],[-73.94069,40.83297],[-73.9407,40.83294],[-73.94071,40.83291],[-73.94151,40.83052],[-73.94311,40.82649],[-73.94313,40.82644],[-73.94314,40.8264],[-73.94316,40.82636],[-73.94318,40.82632],[-73.94319,40.82628],[-73.94321,40.82624],[-73.94323,40.8262],[-73.94325,40.82616],[-73.94327,40.82612],[-73.94329,40.82609],[-73.94331,40.82605],[-73.94333,40.82601],[-73.94335,40.82597],[-73.94338,40.82594],[-73.9434,40.8259],[-73.94415,40.82488],[-73.94422,40.82478],[-73.94459,40.82426],[-73.94462,40.82423],[-73.94464,40.8242],[-73.94467,40.82416],[-73.94469,40.82413],[-73.94472,40.82409],[-73.94474,40.82406],[-73.94477,40.82402],[-73.94479,40.82398],[-73.94481,40.82394],[-73.94484,40.8239],[-73.94486,40.82386],[-73.94488,40.82382],[-73.9449,40.82378],[-73.94493,40.82374],[-73.94495,40.8237],[-73.94765,40.81789],[-73.94886,40.8153],[-73.94888,40.81525],[-73.94889,40.81521],[-73.94891,40.81517],[-73.94894,40.81513],[-73.94896,40.81509],[-73.94898,40.81505],[-73.949,40.81501],[-73.94902,40.81497],[-73.94905,40.81493],[-73.94907,40.81489],[-73.94909,40.81485],[-73.94912,40.81482],[-73.94915,40.81478],[-73.94917,40.81474],[-73.9492,40.8147],[-73.95011,40.81346],[-73.95014,40.81342],[-73.95017,40.81338],[-73.9502,40.81334],[-73.95023,40.8133],[-73.95027,40.81326],[-73.9503,40.81322],[-73.95033,40.81318],[-73.95036,40.81314],[-73.9504,40.81311],[-73.95043,40.81307],[-73.95046,40.81304],[-73.9505,40.813],[-73.95053,40.81297],[-73.95057,40.81294],[-73.9506,40.81291],[-73.95159,40.81192],[-73.95164,40.81187],[-73.9517,40.81182],[-73.95176,40.81177],[-73.95181,40.81171],[-73.95186,40.81166],[-73.95192,40.81161],[-73.95197,40.81155],[-73.95202,40.8115],[-73.95207,40.81144],[-73.95212,40.81139],[-73.95216,40.81133],[-73.95221,40.81128],[-73.95226,40.81122],[-73.9523,40.81117],[-73.95234,40.81111],[-73.95284,40.81042],[-73.95287,40.81038],[-73.9529,40.81033],[-73.95292,40.81029],[-73.95294,40.81024],[-73.95296,40.81019],[-73.95298,40.81014],[-73.953,40.81009],[-73.95301,40.81003],[-73.95302,40.80998],[-73.95302,40.80993],[-73.95303,40.80987],[-73.95303,40.80982],[-73.95303,40.80976],[-73.95303,40.8097],[-73.95303,40.80964],[-73.95294,40.80824],[-73.95294,40.80818],[-73.95294,40.80811],[-73.95294,40.80804],[-73.95295,40.80797],[-73.95296,40.80791],[-73.95298,40.80784],[-73.953,40.80778],[-73.95302,40.80771],[-73.95305,40.80765],[-73.95307,40.80758],[-73.95311,40.80752],[-73.95315,40.80745],[-73.95319,40.80739],[-73.95324,40.80733],[-73.95329,40.80727],[-73.95488,40.80508],[-73.95816,40.8006],[-73.96145,40.79609],[-73.9647,40.79164],[-73.96892,40.78587],[-73.97214,40.78143],[-73.97641,40.77559],[-73.98174,40.7683],[-73.98414,40.76499],[-73.98532,40.76337],[-73.98598,40.76246],[-73.98973,40.75731],[-73.99339,40.75229],[-73.99804,40.74591],[-74.00169,40.74089],[-74.00236,40.73997],[-74.00242,40.7399],[-74.00246,40.73982],[-74.0025,40.73974],[-74.00253,40.73967],[-74.00256,40.73959],[-74.00258,40.73951],[-74.00259,40.73943],[-74.00259,40.73936],[-74.00259,40.73928],[-74.00258,40.7392],[-74.00257,40.73912],[-74.00254,40.73904],[-74.00251,40.73896],[-74.00248,40.73889],[-74.00243,40.73881],[-73.99979,40.73439],[-73.99975,40.73431],[-73.99971,40.73424],[-73.99968,40.73417],[-73.99966,40.73409],[-73.99964,40.73402],[-73.99963,40.73395],[-73.99962,40.73388],[-73.99962,40.73381],[-73.99963,40.73374],[-73.99964,40.73367],[-73.99965,40.7336],[-73.99967,40.73353],[-73.9997,40.73346],[-73.99974,40.73339],[-73.99978,40.73332],[-74.00048,40.73236],[-74.0005,40.73234],[-74.00051,40.73231],[-74.00131,40.73122],[-74.00133,40.73119],[-74.00135,40.73116],[-74.00137,40.73113],[-74.00138,40.73111],[-74.0014,40.73108],[-74.00142,40.73105],[-74.00144,40.73103],[-74.00145,40.731],[-74.00147,40.73098],[-74.00148,40.73095],[-74.0015,40.73092],[-74.00151,40.7309],[-74.00153,40.73087],[-74.00154,40.73085],[-74.00155,40.73082],[-74.0024,40.72928],[-74.00242,40.72922],[-74.00245,40.72917],[-74.00248,40.72912],[-74.0025,40.72907],[-74.00253,40.72902],[-74.00255,40.72897],[-74.00257,40.72892],[-74.0026,40.72888],[-74.00262,40.72883],[-74.00264,40.72879],[-74.00266,40.72874],[-74.00267,40.7287],[-74.00269,40.72866],[-74.00271,40.72862],[-74.00272,40.72858],[-74.00374,40.72623],[-74.00519,40.72266],[-74.00521,40.72261],[-74.00522,40.72255],[-74.00524,40.72249],[-74.00526,40.72244],[-74.00527,40.72238],[-74.00528,40.72232],[-74.00529,40.72226],[-74.00529,40.7222],[-74.0053,40.72214],[-74.0053,40.72208],[-74.0053,40.72202],[-74.0053,40.72195],[-74.0053,40.72189],[-74.0053,40.72182],[-74.00529,40.72176],[-74.00523,40.72082],[-74.00523,40.72078],[-74.00517,40.7191],[-74.00516,40.71902],[-74.00517,40.71895],[-74.00517,40.71888],[-74.00518,40.7188],[-74.00519,40.71873],[-74.0052,40.71866],[-74.00522,40.71859],[-74.00524,40.71852],[-74.00527,40.71845],[-74.0053,40.71838],[-74.00533,40.71831],[-74.00536,40.71824],[-74.0054,40.71817],[-74.00545,40.71811],[-74.00549,40.71804],[-74.00858,40.71411],[-74.00993,40.7124],[-74.01,40.71231],[-74.01006,40.71222],[-74.01011,40.71213],[-74.01015,40.71205],[-74.01018,40.71196],[-74.01019,40.71188],[-74.01019,40.7118],[-74.01017,40.71172],[-74.01015,40.71164],[-74.01011,40.71157],[-74.01006,40.7115],[-74.01,40.71143],[-74.00992,40.71136],[-74.00984,40.71129],[-74.00974,40.71123],[-74.00769,40.7102],[-74.0059,40.70929],[-74.00581,40.70924],[-74.00572,40.7092],[-74.00564,40.70915],[-74.00555,40.7091],[-74.00548,40.70905],[-74.0054,40.709],[-74.00532,40.70894],[-74.00525,40.70889],[-74.00519,40.70883],[-74.00512,40.70877],[-74.00506,40.70871],[-74.005,40.70865],[-74.00495,40.70859],[-74.00489,40.70853],[-74.00485,40.70846],[-74.00097,40.70347],[-74.00075,40.70322],[-74.00052,40.70298],[-74.00028,40.70274],[-74.00002,40.70251],[-73.99975,40.70229],[-73.99946,40.70208],[-73.99916,40.70188],[-73.99884,40.70168],[-73.99851,40.70149],[-73.99816,40.70131],[-73.9978,40.70114],[-73.99742,40.70098],[-73.99703,40.70082],[-73.99662,40.70068],[-73.99621,40.70054],[-73.99293,40.69963],[-73.99283,40.6996],[-73.99273,40.69957],[-73.99263,40.69955],[-73.99253,40.69952],[-73.99242,40.6995],[-73.99232,40.69948],[-73.99221,40.69946],[-73.9921,40.69944],[-73.99199,40.69943],[-73.99188,40.69941],[-73.99177,40.6994],[-73.99165,40.69939],[-73.99154,40.69938],[-73.99142,40.69938],[-73.9913,40.69937],[-73.99053,40.69934],[-73.98931,40.6993],[-73.98902,40.69928],[-73.98876,40.69924],[-73.98851,40.69919],[-73.98828,40.69913],[-73.98807,40.69905],[-73.98788,40.69895],[-73.98771,40.69884],[-73.98756,40.69871],[-73.98743,40.69857],[-73.98732,40.69841],[-73.98722,40.69824],[-73.98715,40.69805],[-73.98709,40.69785],[-73.98705,40.69763],[-73.98704,40.6974],[-73.98717,40.69483],[-73.98717,40.69479],[-73.98717,40.69476],[-73.98717,40.69472],[-73.98717,40.69469],[-73.98718,40.69465],[-73.98718,40.69462],[-73.98718,40.69458],[-73.98718,40.69455],[-73.98719,40.69452],[-73.98719,40.69449],[-73.98719,40.69445],[-73.9872,40.69442],[-73.9872,40.69439],[-73.98721,40.69436],[-73.98721,40.69433],[-73.98723,40.6942],[-73.98723,40.69417],[-73.98723,40.69413],[-73.98724,40.69409],[-73.98724,40.69406],[-73.98725,40.69402],[-73.98725,40.69399],[-73.98726,40.69395],[-73.98726,40.69392],[-73.98726,40.69388],[-73.98726,40.69385],[-73.98727,40.69382],[-73.98727,40.69378],[-73.98727,40.69375],[-73.98728,40.69371],[-73.98728,40.69368],[-73.98734,40.69235],[-73.98734,40.69234],[-73.98734,40.69233],[-73.98738,40.6917],[-73.98738,40.69164],[-73.98738,40.69159],[-73.98739,40.69154],[-73.98739,40.69149],[-73.9874,40.69144],[-73.98741,40.69139],[-73.98742,40.69134],[-73.98744,40.69129],[-73.98745,40.69124],[-73.98747,40.69119],[-73.98749,40.69114],[-73.98751,40.69109],[-73.98753,40.69104],[-73.98756,40.69099],[-73.98758,40.69094],[-73.98774,40.6907],[-73.9878,40.69059],[-73.98785,40.69049],[-73.98789,40.69039],[-73.98792,40.69029],[-73.98793,40.69019],[-73.98793,40.6901],[-73.98792,40.69001],[-73.98789,40.68992],[-73.98786,40.68984],[-73.98781,40.68976],[-73.98775,40.68968],[-73.98767,40.68961],[-73.98759,40.68954],[-73.98749,40.68947],[-73.98738,40.68941],[-73.985,40.68848],[-73.98405,40.68811],[-73.98398,40.68808],[-73.9839,40.68806],[-73.98383,40.68803],[-73.98375,40.688],[-73.98368,40.68798],[-73.9836,40.68795],[-73.98353,40.68792],[-73.98345,40.6879],[-73.98338,40.68787],[-73.9833,40.68785],[-73.98323,40.68782],[-73.98315,40.6878],[-73.98308,40.68777],[-73.98301,40.68775],[-73.98293,40.68772],[-73.98286,40.6877],[-73.98279,40.68768],[-73.98272,40.68765],[-73.98265,40.68763],[-73.98258,40.6876],[-73.98251,40.68758],[-73.98244,40.68756],[-73.98237,40.68753],[-73.9823,40.68751],[-73.98223,40.68748],[-73.98216,40.68745],[-73.98209,40.68743],[-73.98202,40.6874],[-73.98195,40.68738],[-73.98188,40.68735],[-73.98131,40.68714],[-73.98127,40.68713],[-73.98123,40.68711],[-73.98119,40.6871],[-73.98115,40.68709],[-73.98111,40.68707],[-73.98107,40.68706],[-73.98103,40.68705],[-73.981,40.68704],[-73.98096,40.68702],[-73.98092,40.68701],[-73.98088,40.687],[-73.98085,40.687],[-73.98081,40.68699],[-73.98077,40.68698],[-73.98074,40.68697],[-73.98034,40.68685],[-73.98024,40.68682],[-73.98013,40.6868],[-73.98003,40.68678],[-73.97992,40.68676],[-73.97982,40.68675],[-73.97971,40.68673],[-73.97959,40.68673],[-73.97948,40.68672],[-73.97936,40.68672],[-73.97925,40.68672],[-73.97912,40.68672],[-73.979,40.68673],[-73.97888,40.68673],[-73.97875,40.68675],[-73.97862,40.68676],[-73.97683,40.68697],[-73.97673,40.68697],[-73.97664,40.68697],[-73.97654,40.68697],[-73.97645,40.68696],[-73.97636,40.68695],[-73.97626,40.68694],[-73.97617,40.68692],[-73.97608,40.68691],[-73.97599,40.68689],[-73.97589,40.68687],[-73.9758,40.68684],[-73.97571,40.68682],[-73.97562,40.68679],[-73.97553,40.68675],[-73.97544,40.68672],[-73.97395,40.68611],[-73.96845,40.68391],[-73.96838,40.68388],[-73.96831,40.68386],[-73.96824,40.68383],[-73.96818,40.6838],[-73.96811,40.68378],[-73.96804,40.68376],[-73.96797,40.68374],[-73.9679,40.68371],[-73.96784,40.68369],[-73.96777,40.68368],[-73.9677,40.68366],[-73.96763,40.68364],[-73.96757,40.68362],[-73.9675,40.68361],[-73.96743,40.68359],[-73.96584,40.68326],[-73.95685,40.68138],[-73.95389,40.68076],[-73.95378,40.68073],[-73.95367,40.68071],[-73.95356,40.68069],[-73.95345,40.68067],[-73.95334,40.68065],[-73.95323,40.68063],[-73.95313,40.68062],[-73.95302,40.6806],[-73.95292,40.68059],[-73.95282,40.68058],[-73.95272,40.68057],[-73.95262,40.68056],[-73.95253,40.68055],[-73.95243,40.68055],[-73.95234,40.68054],[-73.95043,40.68044],[-73.94086,40.67992],[-73.93073,40.67936],[-73.92079,40.67882],[-73.91195,40.67834],[-73.90995,40.67823],[-73.90982,40.67822],[-73.9097,40.67822],[-73.90958,40.67822],[-73.90945,40.67821],[-73.90932,40.67821],[-73.90919,40.67821],[-73.90907,40.67821],[-73.90894,40.67821],[-73.90881,40.67821],[-73.90867,40.67821],[-73.90854,40.67821],[-73.90841,40.67821],[-73.90827,40.67822],[-73.90813,40.67822],[-73.908,40.67823],[-73.90532,40.67833],[-73.90337,40.67839],[-73.90332,40.67839],[-73.90327,40.67839],[-73.90322,40.67839],[-73.90317,40.67839],[-73.90311,40.67839],[-73.90306,40.67839],[-73.90301,40.67839],[-73.90296,40.67838],[-73.90291,40.67838],[-73.90287,40.67838],[-73.90282,40.67838],[-73.90277,40.67837],[-73.90272,40.67837],[-73.90267,40.67836],[-73.90262,40.67836],[-73.90115,40.67817],[-73.90111,40.67817],[-73.90106,40.67816],[-73.90102,40.67816],[-73.90097,40.67815],[-73.90093,40.67815],[-73.90088,40.67814],[-73.90083,40.67814],[-73.90078,40.67813],[-73.90074,40.67813],[-73.90069,40.67813],[-73.90064,40.67812],[-73.90059,40.67812],[-73.90054,40.67812],[-73.90049,40.67811],[-73.90044,40.67811],[-73.90003,40.67809],[-73.89972,40.67808],[-73.89942,40.67805],[-73.89914,40.67802],[-73.89887,40.67797],[-73.89862,40.67791],[-73.89839,40.67784],[-73.89818,40.67775],[-73.89798,40.67766],[-73.8978,40.67755],[-73.89764,40.67743],[-73.89749,40.6773],[-73.89736,40.67716],[-73.89726,40.677],[-73.89716,40.67683],[-73.89709,40.67665],[-73.89655,40.67454],[-73.89626,40.67345],[-73.8962,40.67325],[-73.89612,40.67306],[-73.89603,40.67289],[-73.89593,40.67274],[-73.8958,40.6726],[-73.89567,40.67249],[-73.89552,40.67239],[-73.89536,40.6723],[-73.89518,40.67224],[-73.89499,40.67219],[-73.89479,40.67215],[-73.89457,40.67214],[-73.89434,40.67214],[-73.89409,40.67216],[-73.89383,40.6722],[-73.89036,40.67271],[-73.88075,40.67413],[-73.87211,40.67538]]}},{"type":"Feature","properties":{"route":"C","color":"#0062CF"},"geometry":{"type":"LineString","coordinates":[[-73.87211,40.67538],[-73.88075,40.67413],[-73.89036,40.67271],[-73.89383,40.6722],[-73.89409,40.67216],[-73.89434,40.67214],[-73.89457,40.67214],[-73.89479,40.67215],[-73.89499,40.67219],[-73.89518,40.67224],[-73.89536,40.6723],[-73.89552,40.67239],[-73.89567,40.67249],[-73.8958,40.6726],[-73.89593,40.67274],[-73.89603,40.67289],[-73.89612,40.67306],[-73.8962,40.67325],[-73.89626,40.67345],[-73.89655,40.67454],[-73.89709,40.67665],[-73.89716,40.67683],[-73.89726,40.677],[-73.89736,40.67716],[-73.89749,40.6773],[-73.89764,40.67743],[-73.8978,40.67755],[-73.89798,40.67766],[-73.89818,40.67775],[-73.89839,40.67784],[-73.89862,40.67791],[-73.89887,40.67797],[-73.89914,40.67802],[-73.89942,40.67805],[-73.89972,40.67808],[-73.90003,40.67809],[-73.90044,40.67811],[-73.90049,40.67811],[-73.90054,40.67812],[-73.90059,40.67812],[-73.90064,40.67812],[-73.90069,40.67813],[-73.90074,40.67813],[-73.90078,40.67813],[-73.90083,40.67814],[-73.90088,40.67814],[-73.90093,40.67815],[-73.90097,40.67815],[-73.90102,40.67816],[-73.90106,40.67816],[-73.90111,40.67817],[-73.90115,40.67817],[-73.90262,40.67836],[-73.90267,40.67836],[-73.90272,40.67837],[-73.90277,40.67837],[-73.90282,40.67838],[-73.90287,40.67838],[-73.90291,40.67838],[-73.90296,40.67838],[-73.90301,40.67839],[-73.90306,40.67839],[-73.90311,40.67839],[-73.90317,40.67839],[-73.90322,40.67839],[-73.90327,40.67839],[-73.90332,40.67839],[-73.90337,40.67839],[-73.90532,40.67833],[-73.908,40.67823],[-73.90813,40.67822],[-73.90827,40.67822],[-73.90841,40.67821],[-73.90854,40.67821],[-73.90867,40.67821],[-73.90881,40.67821],[-73.90894,40.67821],[-73.90907,40.67821],[-73.90919,40.67821],[-73.90932,40.67821],[-73.90945,40.67821],[-73.90958,40.67822],[-73.9097,40.67822],[-73.90982,40.67822],[-73.90995,40.67823],[-73.91195,40.67834],[-73.92079,40.67882],[-73.93073,40.67936],[-73.94086,40.67992],[-73.95043,40.68044],[-73.95234,40.68054],[-73.95243,40.68055],[-73.95253,40.68055],[-73.95262,40.68056],[-73.95272,40.68057],[-73.95282,40.68058],[-73.95292,40.68059],[-73.95302,40.6806],[-73.95313,40.68062],[-73.95323,40.68063],[-73.95334,40.68065],[-73.95345,40.68067],[-73.95356,40.68069],[-73.95367,40.68071],[-73.95378,40.68073],[-73.95389,40.68076],[-73.95685,40.68138],[-73.96584,40.68326],[-73.96743,40.68359],[-73.9675,40.68361],[-73.96757,40.68362],[-73.96763,40.68364],[-73.9677,40.68366],[-73.96777,40.68368],[-73.96784,40.68369],[-73.9679,40.68371],[-73.96797,40.68374],[-73.96804,40.68376],[-73.96811,40.68378],[-73.96818,40.6838],[-73.96824,40.68383],[-73.96831,40.68386],[-73.96838,40.68388],[-73.96845,40.68391],[-73.97395,40.68611],[-73.97544,40.68672],[-73.97553,40.68675],[-73.97562,40.68679],[-73.97571,40.68682],[-73.9758,40.68684],[-73.97589,40.68687],[-73.97599,40.68689],[-73.97608,40.68691],[-73.97617,40.68692],[-73.97626,40.68694],[-73.97636,40.68695],[-73.97645,40.68696],[-73.97654,40.68697],[-73.97664,40.68697],[-73.97673,40.68697],[-73.97683,40.68697],[-73.97862,40.68676],[-73.97875,40.68675],[-73.97888,40.68673],[-73.979,40.68673],[-73.97912,40.68672],[-73.97925,40.68672],[-73.97936,40.68672],[-73.97948,40.68672],[-73.97959,40.68673],[-73.97971,40.68673],[-73.97982,40.68675],[-73.97992,40.68676],[-73.98003,40.68678],[-73.98013,40.6868],[-73.98024,40.68682],[-73.98034,40.68685],[-73.98074,40.68697],[-73.98077,40.68698],[-73.98081,40.68699],[-73.98085,40.687],[-73.98088,40.687],[-73.98092,40.68701],[-73.98096,40.68702],[-73.981,40.68704],[-73.98103,40.68705],[-73.98107,40.68706],[-73.98111,40.68707],[-73.98115,40.68709],[-73.98119,40.6871],[-73.98123,40.68711],[-73.98127,40.68713],[-73.98131,40.68714],[-73.98188,40.68735],[-73.98195,40.68738],[-73.98202,40.6874],[-73.98209,40.68743],[-73.98216,40.68745],[-73.98223,40.68748],[-73.9823,40.68751],[-73.98237,40.68753],[-73.98244,40.68756],[-73.98251,40.68758],[-73.98258,40.6876],[-73.98265,40.68763],[-73.98272,40.68765],[-73.98279,40.68768],[-73.98286,40.6877],[-73.98293,40.68772],[-73.98301,40.68775],[-73.98308,40.68777],[-73.98315,40.6878],[-73.98323,40.68782],[-73.9833,40.68785],[-73.98338,40.68787],[-73.98345,40.6879],[-73.98353,40.68792],[-73.9836,40.68795],[-73.98368,40.68798],[-73.98375,40.688],[-73.98383,40.68803],[-73.9839,40.68806],[-73.98398,40.68808],[-73.98405,40.68811],[-73.985,40.68848],[-73.98738,40.68941],[-73.98749,40.68947],[-73.98759,40.68954],[-73.98767,40.68961],[-73.98775,40.68968],[-73.98781,40.68976],[-73.98786,40.68984],[-73.98789,40.68992],[-73.98792,40.69001],[-73.98793,40.6901],[-73.98793,40.69019],[-73.98792,40.69029],[-73.98789,40.69039],[-73.98785,40.69049],[-73.9878,40.69059],[-73.98774,40.6907],[-73.98758,40.69094],[-73.98756,40.69099],[-73.98753,40.69104],[-73.98751,40.69109],[-73.98749,40.69114],[-73.98747,40.69119],[-73.98745,40.69124],[-73.98744,40.69129],[-73.98742,40.69134],[-73.98741,40.69139],[-73.9874,40.69144],[-73.98739,40.69149],[-73.98739,40.69154],[-73.98738,40.69159],[-73.98738,40.69164],[-73.98738,40.6917],[-73.98734,40.69233],[-73.98734,40.69234],[-73.98734,40.69235],[-73.98728,40.69368],[-73.98728,40.69371],[-73.98727,40.69375],[-73.98727,40.69378],[-73.98727,40.69382],[-73.98726,40.69385],[-73.98726,40.69388],[-73.98726,40.69392],[-73.98726,40.69395],[-73.98725,40.69399],[-73.98725,40.69402],[-73.98724,40.69406],[-73.98724,40.69409],[-73.98723,40.69413],[-73.98723,40.69417],[-73.98723,40.6942],[-73.98721,40.69433],[-73.98721,40.69436],[-73.9872,40.69439],[-73.9872,40.69442],[-73.98719,40.69445],[-73.98719,40.69449],[-73.98719,40.69452],[-73.98718,40.69455],[-73.98718,40.69458],[-73.98718,40.69462],[-73.98718,40.69465],[-73.98717,40.69469],[-73.98717,40.69472],[-73.98717,40.69476],[-73.98717,40.69479],[-73.98717,40.69483],[-73.98704,40.6974],[-73.98705,40.69763],[-73.98709,40.69785],[-73.98715,40.69805],[-73.98722,40.69824],[-73.98732,40.69841],[-73.98743,40.69857],[-73.98756,40.69871],[-73.98771,40.69884],[-73.98788,40.69895],[-73.98807,40.69905],[-73.98828,40.69913],[-73.98851,40.69919],[-73.98876,40.69924],[-73.98902,40.69928],[-73.98931,40.6993],[-73.99053,40.69934],[-73.9913,40.69937],[-73.99142,40.69938],[-73.99154,40.69938],[-73.99165,40.69939],[-73.99177,40.6994],[-73.99188,40.69941],[-73.99199,40.69943],[-73.9921,40.69944],[-73.99221,40.69946],[-73.99232,40.69948],[-73.99242,40.6995],[-73.99253,40.69952],[-73.99263,40.69955],[-73.99273,40.69957],[-73.99283,40.6996],[-73.99293,40.69963],[-73.99621,40.70054],[-73.99662,40.70068],[-73.99703,40.70082],[-73.99742,40.70098],[-73.9978,40.70114],[-73.99816,40.70131],[-73.99851,40.70149],[-73.99884,40.70168],[-73.99916,40.70188],[-73.99946,40.70208],[-73.99975,40.70229],[-74.00002,40.70251],[-74.00028,40.70274],[-74.00052,40.70298],[-74.00075,40.70322],[-74.00097,40.70347],[-74.00485,40.70846],[-74.00489,40.70853],[-74.00495,40.70859],[-74.005,40.70865],[-74.00506,40.70871],[-74.00512,40.70877],[-74.00519,40.70883],[-74.00525,40.70889],[-74.00532,40.70894],[-74.0054,40.709],[-74.00548,40.70905],[-74.00555,40.7091],[-74.00564,40.70915],[-74.00572,40.7092],[-74.00581,40.70924],[-74.0059,40.70929],[-74.00769,40.7102],[-74.00974,40.71123],[-74.00984,40.71129],[-74.00992,40.71136],[-74.01,40.71143],[-74.01006,40.7115],[-74.01011,40.71157],[-74.01015,40.71164],[-74.01017,40.71172],[-74.01019,40.7118],[-74.01019,40.71188],[-74.01018,40.71196],[-74.01015,40.71205],[-74.01011,40.71213],[-74.01006,40.71222],[-74.01,40.71231],[-74.00993,40.7124],[-74.00858,40.71411],[-74.00549,40.71804],[-74.00545,40.71811],[-74.0054,40.71817],[-74.00536,40.71824],[-74.00533,40.71831],[-74.0053,40.71838],[-74.00527,40.71845],[-74.00524,40.71852],[-74.00522,40.71859],[-74.0052,40.71866],[-74.00519,40.71873],[-74.00518,40.7188],[-74.00517,40.71888],[-74.00517,40.71895],[-74.00516,40.71902],[-74.00517,40.7191],[-74.00523,40.72078],[-74.00523,40.72082],[-74.00529,40.72176],[-74.0053,40.72182],[-74.0053,40.72189],[-74.0053,40.72195],[-74.0053,40.72202],[-74.0053,40.72208],[-74.0053,40.72214],[-74.00529,40.7222],[-74.00529,40.72226],[-74.00528,40.72232],[-74.00527,40.72238],[-74.00526,40.72244],[-74.00524,40.72249],[-74.00522,40.72255],[-74.00521,40.72261],[-74.00519,40.72266],[-74.00374,40.72623],[-74.00272,40.72858],[-74.00271,40.72862],[-74.00269,40.72866],[-74.00267,40.7287],[-74.00266,40.72874],[-74.00264,40.72879],[-74.00262,40.72883],[-74.0026,40.72888],[-74.00257,40.72892],[-74.00255,40.72897],[-74.00253,40.72902],[-74.0025,40.72907],[-74.00248,40.72912],[-74.00245,40.72917],[-74.00242,40.72922],[-74.0024,40.72928],[-74.00155,40.73082],[-74.00154,40.73085],[-74.00153,40.73087],[-74.00151,40.7309],[-74.0015,40.73092],[-74.00148,40.73095],[-74.00147,40.73098],[-74.00145,40.731],[-74.00144,40.73103],[-74.00142,40.73105],[-74.0014,40.73108],[-74.00138,40.73111],[-74.00137,40.73113],[-74.00135,40.73116],[-74.00133,40.73119],[-74.00131,40.73122],[-74.00051,40.73231],[-74.0005,40.73234],[-74.00048,40.73236],[-73.99978,40.73332],[-73.99974,40.73339],[-73.9997,40.73346],[-73.99967,40.73353],[-73.99965,40.7336],[-73.99964,40.73367],[-73.99963,40.73374],[-73.99962,40.73381],[-73.99962,40.73388],[-73.99963,40.73395],[-73.99964,40.73402],[-73.99966,40.73409],[-73.99968,40.73417],[-73.99971,40.73424],[-73.99975,40.73431],[-73.99979,40.73439],[-74.00243,40.73881],[-74.00248,40.73889],[-74.00251,40.73896],[-74.00254,40.73904],[-74.00257,40.73912],[-74.00258,40.7392],[-74.00259,40.73928],[-74.00259,40.73936],[-74.00259,40.73943],[-74.00258,40.73951],[-74.00256,40.73959],[-74.00253,40.73967],[-74.0025,40.73974],[-74.00246,40.73982],[-74.00242,40.7399],[-74.00236,40.73997],[-74.00169,40.74089],[-73.99804,40.74591],[-73.99339,40.75229],[-73.98973,40.75731],[-73.98598,40.76246],[-73.98532,40.76337],[-73.98414,40.76499],[-73.98174,40.7683],[-73.97641,40.77559],[-73.97214,40.78143],[-73.96892,40.78587],[-73.9647,40.79164],[-73.96145,40.79609],[-73.95816,40.8006],[-73.95488,40.80508],[-73.95329,40.80727],[-73.95324,40.80733],[-73.95319,40.80739],[-73.95315,40.80745],[-73.95311,40.80752],[-73.95307,40.80758],[-73.95305,40.80765],[-73.95302,40.80771],[-73.953,40.80778],[-73.95298,40.80784],[-73.95296,40.80791],[-73.95295,40.80797],[-73.95294,40.80804],[-73.95294,40.80811],[-73.95294,40.80818],[-73.95294,40.80824],[-73.95303,40.80964],[-73.95303,40.8097],[-73.95303,40.80976],[-73.95303,40.80982],[-73.95303,40.80987],[-73.95302,40.80993],[-73.95302,40.80998],[-73.95301,40.81003],[-73.953,40.81009],[-73.95298,40.81014],[-73.95296,40.81019],[-73.95294,40.81024],[-73.95292,40.81029],[-73.9529,40.81033],[-73.95287,40.81038],[-73.95284,40.81042],[-73.95234,40.81111],[-73.9523,40.81117],[-73.95226,40.81122],[-73.95221,40.81128],[-73.95216,40.81133],[-73.95212,40.81139],[-73.95207,40.81144],[-73.95202,40.8115],[-73.95197,40.81155],[-73.95192,40.81161],[-73.95186,40.81166],[-73.95181,40.81171],[-73.95176,40.81177],[-73.9517,40.81182],[-73.95164,40.81187],[-73.95159,40.81192],[-73.9506,40.81291],[-73.95057,40.81294],[-73.95053,40.81297],[-73.9505,40.813],[-73.95046,40.81304],[-73.95043,40.81307],[-73.9504,40.81311],[-73.95036,40.81314],[-73.95033,40.81318],[-73.9503,40.81322],[-73.95027,40.81326],[-73.95023,40.8133],[-73.9502,40.81334],[-73.95017,40.81338],[-73.95014,40.81342],[-73.95011,40.81346],[-73.9492,40.8147],[-73.94917,40.81474],[-73.94915,40.81478],[-73.94912,40.81482],[-73.94909,40.81485],[-73.94907,40.81489],[-73.94905,40.81493],[-73.94902,40.81497],[-73.949,40.81501],[-73.94898,40.81505],[-73.94896,40.81509],[-73.94894,40.81513],[-73.94891,40.81517],[-73.94889,40.81521],[-73.94888,40.81525],[-73.94886,40.8153],[-73.94765,40.81789],[-73.94495,40.8237],[-73.94493,40.82374],[-73.9449,40.82378],[-73.94488,40.82382],[-73.94486,40.82386],[-73.94484,40.8239],[-73.94481,40.82394],[-73.94479,40.82398],[-73.94477,40.82402],[-73.94474,40.82406],[-73.94472,40.82409],[-73.94469,40.82413],[-73.94467,40.82416],[-73.94464,40.8242],[-73.94462,40.82423],[-73.94459,40.82426],[-73.94422,40.82478],[-73.94415,40.82488],[-73.9434,40.8259],[-73.94338,40.82594],[-73.94335,40.82597],[-73.94333,40.82601],[-73.94331,40.82605],[-73.94329,40.82609],[-73.94327,40.82612],[-73.94325,40.82616],[-73.94323,40.8262],[-73.94321,40.82624],[-73.94319,40.82628],[-73.94318,40.82632],[-73.94316,40.82636],[-73.94314,40.8264],[-73.94313,40.82644],[-73.94311,40.82649],[-73.94151,40.83052],[-73.94071,40.83291],[-73.9407,40.83294],[-73.94069,40.83297],[-73.94068,40.833],[-73.94067,40.83304],[-73.94066,40.83307],[-73.94065,40.8331],[-73.94064,40.83313],[-73.94062,40.83317],[-73.94061,40.8332],[-73.9406,40.83323],[-73.94059,40.83327],[-73.94057,40.8333],[-73.94056,40.83333],[-73.94055,40.83337],[-73.94053,40.8334],[-73.93991,40.8348],[-73.9399,40.83484],[-73.93988,40.83488],[-73.93987,40.83493],[-73.93985,40.83497],[-73.93984,40.83501],[-73.93983,40.83506],[-73.93982,40.8351],[-73.93982,40.83515],[-73.93981,40.8352],[-73.93981,40.83524],[-73.93981,40.83529],[-73.93981,40.83534],[-73.93981,40.83539],[-73.93981,40.83543],[-73.93982,40.83548],[-73.93989,40.83601],[-73.94003,40.83692],[-73.94004,40.83695],[-73.94004,40.83699],[-73.94005,40.83702],[-73.94005,40.83705],[-73.94005,40.83709],[-73.94005,40.83712],[-73.94006,40.83715],[-73.94006,40.83719],[-73.94006,40.83722],[-73.94006,40.83725],[-73.94006,40.83729],[-73.94006,40.83732],[-73.94005,40.83735],[-73.94005,40.83739],[-73.94005,40.83742],[-73.93988,40.83925],[-73.93988,40.83931],[-73.93987,40.83937],[-73.93986,40.83942],[-73.93986,40.83948],[-73.93985,40.83954],[-73.93984,40.83959],[-73.93983,40.83965],[-73.93982,40.83971],[-73.93981,40.83976],[-73.9398,40.83982],[-73.93979,40.83987],[-73.93978,40.83992],[-73.93976,40.83998],[-73.93975,40.84003],[-73.93973,40.84008],[-73.93956,40.84072]]}},{"type":"Feature","properties":{"route":"E","color":"#0062CF"},"geometry":{"type":"LineString","coordinates":[[-73.80111,40.70215],[-73.80339,40.70163],[-73.80343,40.70163],[-73.80346,40.70162],[-73.8035,40.70161],[-73.80354,40.7016],[-73.80358,40.70159],[-73.80362,40.70158],[-73.80366,40.70157],[-73.80371,40.70157],[-73.80375,40.70155],[-73.8038,40.70155],[-73.80384,40.70153],[-73.80389,40.70152],[-73.80394,40.70151],[-73.80399,40.7015],[-73.80404,40.70149],[-73.80665,40.70082],[-73.80797,40.70049],[-73.80803,40.70047],[-73.80809,40.70045],[-73.80815,40.70043],[-73.80821,40.70042],[-73.80827,40.7004],[-73.80833,40.70038],[-73.80838,40.70036],[-73.80844,40.70034],[-73.8085,40.70032],[-73.80856,40.70029],[-73.80861,40.70027],[-73.80867,40.70025],[-73.80873,40.70022],[-73.80878,40.7002],[-73.80884,40.70017],[-73.8089,40.70014],[-73.80895,40.70012],[-73.80901,40.70009],[-73.80907,40.70007],[-73.80913,40.70005],[-73.80919,40.70002],[-73.80925,40.7],[-73.80931,40.69998],[-73.80937,40.69996],[-73.80943,40.69994],[-73.80949,40.69992],[-73.80955,40.6999],[-73.80961,40.69988],[-73.80967,40.69986],[-73.80974,40.69985],[-73.8111,40.69946],[-73.8112,40.69944],[-73.8113,40.69942],[-73.8114,40.6994],[-73.8115,40.69938],[-73.8116,40.69937],[-73.81171,40.69936],[-73.81181,40.69936],[-73.81191,40.69936],[-73.81202,40.69936],[-73.81212,40.69936],[-73.81222,40.69937],[-73.81233,40.69938],[-73.81244,40.6994],[-73.81255,40.69942],[-73.81265,40.69944],[-73.81474,40.7],[-73.81488,40.70006],[-73.815,40.70011],[-73.81512,40.70018],[-73.81524,40.70024],[-73.81535,40.70031],[-73.81546,40.70039],[-73.81556,40.70047],[-73.81566,40.70055],[-73.81575,40.70064],[-73.81583,40.70074],[-73.81591,40.70083],[-73.81599,40.70094],[-73.81606,40.70104],[-73.81613,40.70115],[-73.81619,40.70127],[-73.81686,40.70257],[-73.81776,40.70453],[-73.81778,40.70456],[-73.8178,40.7046],[-73.81782,40.70465],[-73.81784,40.7047],[-73.81787,40.70475],[-73.8179,40.70481],[-73.81794,40.70488],[-73.81798,40.70495],[-73.81803,40.70502],[-73.81808,40.7051],[-73.81813,40.70518],[-73.81819,40.70527],[-73.81825,40.70536],[-73.81831,40.70546],[-73.81838,40.70556],[-73.81948,40.7073],[-73.82057,40.70918],[-73.82083,40.70962],[-73.82089,40.70972],[-73.82096,40.70982],[-73.82104,40.70992],[-73.82112,40.71001],[-73.82121,40.71011],[-73.8213,40.71019],[-73.82141,40.71028],[-73.82152,40.71036],[-73.82163,40.71044],[-73.82176,40.71052],[-73.82189,40.71059],[-73.82202,40.71066],[-73.82217,40.71072],[-73.82232,40.71079],[-73.82247,40.71085],[-73.82708,40.71262],[-73.82718,40.71265],[-73.82727,40.71268],[-73.82736,40.71272],[-73.82744,40.71275],[-73.82753,40.71278],[-73.82762,40.71282],[-73.8277,40.71285],[-73.82779,40.71288],[-73.82787,40.71292],[-73.82795,40.71295],[-73.82803,40.71299],[-73.82811,40.71302],[-73.82819,40.71306],[-73.82827,40.71309],[-73.82834,40.71313],[-73.83101,40.71444],[-73.83118,40.71454],[-73.83135,40.71464],[-73.83152,40.71474],[-73.83169,40.71484],[-73.83186,40.71495],[-73.83202,40.71505],[-73.83219,40.71516],[-73.83235,40.71527],[-73.83251,40.71538],[-73.83267,40.71549],[-73.83283,40.7156],[-73.83298,40.71571],[-73.83314,40.71582],[-73.83329,40.71594],[-73.83345,40.71605],[-73.83369,40.71624],[-73.83382,40.71633],[-73.83395,40.71643],[-73.83408,40.71652],[-73.83421,40.71661],[-73.83435,40.7167],[-73.83448,40.71679],[-73.83462,40.71688],[-73.83476,40.71696],[-73.8349,40.71705],[-73.83504,40.71713],[-73.83518,40.71721],[-73.83532,40.71729],[-73.83546,40.71737],[-73.83561,40.71745],[-73.83575,40.71753],[-73.83732,40.71833],[-73.84009,40.71968],[-73.84017,40.71972],[-73.84026,40.71977],[-73.84034,40.71981],[-73.84043,40.71986],[-73.84052,40.7199],[-73.84061,40.71994],[-73.8407,40.71999],[-73.84079,40.72003],[-73.84087,40.72007],[-73.84096,40.72011],[-73.84105,40.72015],[-73.84115,40.72019],[-73.84124,40.72023],[-73.84133,40.72027],[-73.84142,40.72031],[-73.84452,40.72169],[-73.84754,40.72303],[-73.84776,40.72314],[-73.84798,40.72325],[-73.84819,40.72337],[-73.84839,40.72349],[-73.8486,40.72362],[-73.8488,40.72375],[-73.84899,40.72388],[-73.84918,40.72401],[-73.84937,40.72415],[-73.84956,40.72429],[-73.84974,40.72444],[-73.84991,40.72458],[-73.85008,40.72474],[-73.85025,40.72489],[-73.85042,40.72505],[-73.85054,40.72516],[-73.85067,40.72527],[-73.8508,40.72538],[-73.85094,40.72549],[-73.85108,40.7256],[-73.85123,40.7257],[-73.85138,40.7258],[-73.85153,40.7259],[-73.85169,40.72599],[-73.85185,40.72609],[-73.85201,40.72618],[-73.85219,40.72627],[-73.85236,40.72636],[-73.85254,40.72644],[-73.85272,40.72652],[-73.85285,40.72658],[-73.85297,40.72664],[-73.85309,40.72669],[-73.85321,40.72674],[-73.85333,40.72679],[-73.85344,40.72684],[-73.85355,40.72689],[-73.85367,40.72693],[-73.85377,40.72698],[-73.85388,40.72702],[-73.85398,40.72706],[-73.85408,40.7271],[-73.85418,40.72714],[-73.85428,40.72718],[-73.85438,40.72722],[-73.8616,40.72985],[-73.86471,40.73098],[-73.8649,40.73105],[-73.86508,40.73112],[-73.86526,40.73119],[-73.86543,40.73126],[-73.8656,40.73133],[-73.86577,40.7314],[-73.86593,40.73147],[-73.86609,40.73154],[-73.86624,40.73161],[-73.86639,40.73169],[-73.86653,40.73176],[-73.86668,40.73184],[-73.86681,40.73191],[-73.86695,40.73199],[-73.86707,40.73207],[-73.86719,40.73214],[-73.86732,40.73221],[-73.86744,40.73229],[-73.86757,40.73236],[-73.86771,40.73243],[-73.86784,40.7325],[-73.86798,40.73257],[-73.86813,40.73264],[-73.86827,40.73271],[-73.86843,40.73277],[-73.86858,40.73284],[-73.86874,40.73291],[-73.8689,40.73298],[-73.86906,40.73304],[-73.86923,40.73311],[-73.86934,40.73314],[-73.86944,40.73318],[-73.86955,40.73322],[-73.86966,40.73325],[-73.86977,40.73329],[-73.86988,40.73333],[-73.87,40.73336],[-73.87011,40.7334],[-73.87022,40.73344],[-73.87034,40.73347],[-73.87045,40.73351],[-73.87057,40.73354],[-73.87069,40.73358],[-73.87081,40.73361],[-73.87092,40.73365],[-73.87413,40.73459],[-73.87441,40.73468],[-73.87469,40.73477],[-73.87495,40.73488],[-73.87519,40.73499],[-73.87543,40.73511],[-73.87565,40.73523],[-73.87586,40.73537],[-73.87605,40.73551],[-73.87624,40.73566],[-73.87641,40.73581],[-73.87656,40.73598],[-73.87671,40.73615],[-73.87683,40.73633],[-73.87695,40.73651],[-73.87705,40.73671],[-73.87722,40.73701],[-73.8786,40.73965],[-73.87865,40.73974],[-73.8787,40.73982],[-73.87874,40.7399],[-73.87879,40.73998],[-73.87884,40.74005],[-73.8789,40.74012],[-73.87895,40.74019],[-73.879,40.74026],[-73.87906,40.74033],[-73.87912,40.74039],[-73.87918,40.74045],[-73.87923,40.74051],[-73.87929,40.74056],[-73.87936,40.74061],[-73.87942,40.74066],[-73.88098,40.74182],[-73.88104,40.74187],[-73.88111,40.74191],[-73.88118,40.74196],[-73.88125,40.742],[-73.88132,40.74204],[-73.88138,40.74209],[-73.88145,40.74213],[-73.88152,40.74217],[-73.88159,40.74222],[-73.88166,40.74226],[-73.88173,40.7423],[-73.8818,40.74234],[-73.88187,40.74238],[-73.88195,40.74242],[-73.88202,40.74245],[-73.88206,40.74248],[-73.88211,40.74251],[-73.88217,40.74254],[-73.88222,40.74257],[-73.88227,40.7426],[-73.88233,40.74263],[-73.88239,40.74266],[-73.88245,40.74269],[-73.88251,40.74273],[-73.88257,40.74276],[-73.88264,40.74279],[-73.88271,40.74283],[-73.88277,40.74286],[-73.88285,40.7429],[-73.88292,40.74293],[-73.88452,40.74372],[-73.88456,40.74374],[-73.8846,40.74376],[-73.88464,40.74377],[-73.88468,40.74379],[-73.88472,40.74381],[-73.88476,40.74383],[-73.8848,40.74385],[-73.88484,40.74387],[-73.88488,40.74389],[-73.88493,40.74391],[-73.88497,40.74393],[-73.88501,40.74395],[-73.88506,40.74397],[-73.8851,40.74399],[-73.88515,40.74401],[-73.89134,40.74664],[-73.89845,40.74967],[-73.90601,40.75288],[-73.90679,40.75322],[-73.90893,40.75424],[-73.91333,40.75631],[-73.91429,40.75676],[-73.91433,40.75678],[-73.91437,40.75679],[-73.9144,40.75681],[-73.91444,40.75683],[-73.91447,40.75685],[-73.91451,40.75686],[-73.91455,40.75688],[-73.91458,40.7569],[-73.91462,40.75691],[-73.91465,40.75693],[-73.91469,40.75695],[-73.91473,40.75697],[-73.91476,40.75699],[-73.9148,40.757],[-73.91483,40.75702],[-73.91722,40.75818],[-73.91743,40.75828],[-73.91764,40.75836],[-73.91784,40.75842],[-73.91803,40.75847],[-73.91822,40.7585],[-73.91841,40.75852],[-73.91859,40.75852],[-73.91876,40.75851],[-73.91894,40.75848],[-73.9191,40.75844],[-73.91926,40.75838],[-73.91942,40.7583],[-73.91957,40.75821],[-73.91971,40.75811],[-73.91985,40.75797],[-73.92074,40.75688],[-73.9214,40.75607],[-73.92141,40.75606],[-73.92142,40.75604],[-73.92143,40.75602],[-73.92145,40.75601],[-73.92146,40.75599],[-73.92147,40.75598],[-73.92148,40.75596],[-73.92149,40.75595],[-73.9215,40.75593],[-73.92151,40.75592],[-73.92153,40.75591],[-73.92154,40.75589],[-73.92155,40.75588],[-73.92155,40.75587],[-73.92157,40.75585],[-73.92373,40.75307],[-73.92379,40.75299],[-73.92385,40.75292],[-73.92391,40.75285],[-73.92398,40.75278],[-73.92405,40.75271],[-73.92413,40.75265],[-73.92421,40.7526],[-73.92429,40.75254],[-73.92438,40.7525],[-73.92447,40.75245],[-73.92456,40.75241],[-73.92466,40.75237],[-73.92476,40.75234],[-73.92486,40.75231],[-73.92497,40.75229],[-73.92507,40.75226],[-73.92517,40.75224],[-73.92527,40.75222],[-73.92538,40.7522],[-73.92548,40.75218],[-73.92558,40.75216],[-73.92569,40.75215],[-73.9258,40.75213],[-73.9259,40.75212],[-73.92601,40.75211],[-73.92612,40.7521],[-73.92623,40.75209],[-73.92634,40.75208],[-73.92645,40.75208],[-73.92656,40.75207],[-73.92878,40.75204],[-73.93163,40.75199],[-73.93191,40.75198],[-73.93218,40.75196],[-73.93245,40.75192],[-73.93271,40.75188],[-73.93297,40.75182],[-73.93321,40.75176],[-73.93345,40.75168],[-73.93368,40.75159],[-73.9339,40.75149],[-73.93412,40.75138],[-73.93433,40.75126],[-73.93453,40.75113],[-73.93473,40.75098],[-73.93491,40.75083],[-73.93509,40.75066],[-73.93635,40.7495],[-73.93639,40.74945],[-73.93644,40.74941],[-73.93649,40.74937],[-73.93654,40.74933],[-73.9366,40.74929],[-73.93666,40.74925],[-73.93671,40.74921],[-73.93677,40.74918],[-73.93683,40.74915],[-73.9369,40.74911],[-73.93696,40.74908],[-73.93703,40.74905],[-73.9371,40.74903],[-73.93717,40.749],[-73.93724,40.74897],[-73.93978,40.74806],[-73.94156,40.74742],[-73.94168,40.74739],[-73.94179,40.74735],[-73.94191,40.74733],[-73.94203,40.7473],[-73.94215,40.74728],[-73.94228,40.74727],[-73.9424,40.74726],[-73.94253,40.74726],[-73.94266,40.74726],[-73.94279,40.74726],[-73.94293,40.74727],[-73.94306,40.74729],[-73.9432,40.74731],[-73.94334,40.74733],[-73.94348,40.74736],[-73.946,40.74785],[-73.95234,40.74907],[-73.95266,40.74915],[-73.95298,40.74923],[-73.95331,40.74933],[-73.95363,40.74943],[-73.95395,40.74954],[-73.95428,40.74966],[-73.95461,40.74979],[-73.95493,40.74994],[-73.95526,40.75008],[-73.95559,40.75024],[-73.95592,40.75041],[-73.95625,40.75059],[-73.95658,40.75078],[-73.95692,40.75097],[-73.95725,40.75118],[-73.96167,40.75429],[-73.96173,40.75433],[-73.96179,40.75437],[-73.96186,40.75441],[-73.96192,40.75446],[-73.96199,40.7545],[-73.96206,40.75454],[-73.96212,40.75458],[-73.96219,40.75462],[-73.96226,40.75465],[-73.96233,40.75469],[-73.96241,40.75473],[-73.96248,40.75477],[-73.96255,40.7548],[-73.96263,40.75484],[-73.9627,40.75487],[-73.96905,40.75755],[-73.97522,40.76017],[-73.9767,40.76079],[-73.98021,40.76226],[-73.98164,40.76286],[-73.98166,40.76287],[-73.9837,40.76373],[-73.98383,40.76377],[-73.98396,40.7638],[-73.98409,40.76382],[-73.98422,40.76384],[-73.98434,40.76384],[-73.98445,40.76384],[-73.98457,40.76382],[-73.98467,40.7638],[-73.98478,40.76376],[-73.98488,40.76372],[-73.98498,40.76367],[-73.98507,40.76361],[-73.98516,40.76353],[-73.98524,40.76346],[-73.98532,40.76337],[-73.98598,40.76246],[-73.98973,40.75731],[-73.99339,40.75229],[-73.99804,40.74591],[-74.00169,40.74089],[-74.00236,40.73997],[-74.00242,40.7399],[-74.00246,40.73982],[-74.0025,40.73974],[-74.00253,40.73967],[-74.00256,40.73959],[-74.00258,40.73951],[-74.00259,40.73943],[-74.00259,40.73936],[-74.00259,40.73928],[-74.00258,40.7392],[-74.00257,40.73912],[-74.00254,40.73904],[-74.00251,40.73896],[-74.00248,40.73889],[-74.00243,40.73881],[-73.99979,40.73439],[-73.99975,40.73431],[-73.99971,40.73424],[-73.99968,40.73417],[-73.99966,40.73409],[-73.99964,40.73402],[-73.99963,40.73395],[-73.99962,40.73388],[-73.99962,40.73381],[-73.99963,40.73374],[-73.99964,40.73367],[-73.99965,40.7336],[-73.99967,40.73353],[-73.9997,40.73346],[-73.99974,40.73339],[-73.99978,40.73332],[-74.00048,40.73236],[-74.0005,40.73234],[-74.00051,40.73231],[-74.00131,40.73122],[-74.00133,40.73119],[-74.00135,40.73116],[-74.00137,40.73113],[-74.00138,40.73111],[-74.0014,40.73108],[-74.00142,40.73105],[-74.00144,40.73103],[-74.00145,40.731],[-74.00147,40.73098],[-74.00148,40.73095],[-74.0015,40.73092],[-74.00151,40.7309],[-74.00153,40.73087],[-74.00154,40.73085],[-74.00155,40.73082],[-74.0024,40.72928],[-74.00242,40.72922],[-74.00245,40.72917],[-74.00248,40.72912],[-74.0025,40.72907],[-74.00253,40.72902],[-74.00255,40.72897],[-74.00257,40.72892],[-74.0026,40.72888],[-74.00262,40.72883],[-74.00264,40.72879],[-74.00266,40.72874],[-74.00267,40.7287],[-74.00269,40.72866],[-74.00271,40.72862],[-74.00272,40.72858],[-74.00374,40.72623],[-74.00519,40.72266],[-74.00521,40.72261],[-74.00522,40.72255],[-74.00524,40.72249],[-74.00526,40.72244],[-74.00527,40.72238],[-74.00528,40.72232],[-74.00529,40.72226],[-74.00529,40.7222],[-74.0053,40.72214],[-74.0053,40.72208],[-74.0053,40.72202],[-74.0053,40.72195],[-74.0053,40.72189],[-74.0053,40.72182],[-74.00529,40.72176],[-74.00523,40.72082],[-74.00522,40.72078],[-74.00516,40.7191],[-74.00516,40.71902],[-74.00516,40.71895],[-74.00517,40.71887],[-74.00517,40.7188],[-74.00518,40.71873],[-74.0052,40.71866],[-74.00522,40.71859],[-74.00524,40.71852],[-74.00526,40.71845],[-74.00529,40.71838],[-74.00532,40.71831],[-74.00536,40.71824],[-74.0054,40.71817],[-74.00544,40.71811],[-74.00549,40.71804],[-74.00978,40.71258]]}},{"type":"Feature","properties":{"route":"E","color":"#0062CF"},"geometry":{"type":"LineString","coordinates":[[-74.00978,40.71258],[-74.00549,40.71804],[-74.00544,40.71811],[-74.0054,40.71817],[-74.00536,40.71824],[-74.00532,40.71831],[-74.00529,40.71838],[-74.00526,40.71845],[-74.00524,40.71852],[-74.00522,40.71859],[-74.0052,40.71866],[-74.00518,40.71873],[-74.00517,40.7188],[-74.00517,40.71887],[-74.00516,40.71895],[-74.00516,40.71902],[-74.00516,40.7191],[-74.00522,40.72078],[-74.00523,40.72082],[-74.00529,40.72176],[-74.0053,40.72182],[-74.0053,40.72189],[-74.0053,40.72195],[-74.0053,40.72202],[-74.0053,40.72208],[-74.0053,40.72214],[-74.00529,40.7222],[-74.00529,40.72226],[-74.00528,40.72232],[-74.00527,40.72238],[-74.00526,40.72244],[-74.00524,40.72249],[-74.00522,40.72255],[-74.00521,40.72261],[-74.00519,40.72266],[-74.00374,40.72623],[-74.00272,40.72858],[-74.00271,40.72862],[-74.00269,40.72866],[-74.00267,40.7287],[-74.00266,40.72874],[-74.00264,40.72879],[-74.00262,40.72883],[-74.0026,40.72888],[-74.00257,40.72892],[-74.00255,40.72897],[-74.00253,40.72902],[-74.0025,40.72907],[-74.00248,40.72912],[-74.00245,40.72917],[-74.00242,40.72922],[-74.0024,40.72928],[-74.00155,40.73082],[-74.00154,40.73085],[-74.00153,40.73087],[-74.00151,40.7309],[-74.0015,40.73092],[-74.00148,40.73095],[-74.00147,40.73098],[-74.00145,40.731],[-74.00144,40.73103],[-74.00142,40.73105],[-74.0014,40.73108],[-74.00138,40.73111],[-74.00137,40.73113],[-74.00135,40.73116],[-74.00133,40.73119],[-74.00131,40.73122],[-74.00051,40.73231],[-74.0005,40.73234],[-74.00048,40.73236],[-73.99978,40.73332],[-73.99974,40.73339],[-73.9997,40.73346],[-73.99967,40.73353],[-73.99965,40.7336],[-73.99964,40.73367],[-73.99963,40.73374],[-73.99962,40.73381],[-73.99962,40.73388],[-73.99963,40.73395],[-73.99964,40.73402],[-73.99966,40.73409],[-73.99968,40.73417],[-73.99971,40.73424],[-73.99975,40.73431],[-73.99979,40.73439],[-74.00243,40.73881],[-74.00248,40.73889],[-74.00251,40.73896],[-74.00254,40.73904],[-74.00257,40.73912],[-74.00258,40.7392],[-74.00259,40.73928],[-74.00259,40.73936],[-74.00259,40.73943],[-74.00258,40.73951],[-74.00256,40.73959],[-74.00253,40.73967],[-74.0025,40.73974],[-74.00246,40.73982],[-74.00242,40.7399],[-74.00236,40.73997],[-74.00169,40.74089],[-73.99804,40.74591],[-73.99339,40.75229],[-73.98973,40.75731],[-73.98598,40.76246],[-73.98532,40.76337],[-73.98524,40.76346],[-73.98516,40.76353],[-73.98507,40.76361],[-73.98498,40.76367],[-73.98488,40.76372],[-73.98478,40.76376],[-73.98467,40.7638],[-73.98457,40.76382],[-73.98445,40.76384],[-73.98434,40.76384],[-73.98422,40.76384],[-73.98409,40.76382],[-73.98396,40.7638],[-73.98383,40.76377],[-73.9837,40.76373],[-73.98166,40.76287],[-73.98164,40.76286],[-73.98021,40.76226],[-73.9767,40.76079],[-73.97522,40.76017],[-73.96905,40.75755],[-73.9627,40.75487],[-73.96263,40.75484],[-73.96255,40.7548],[-73.96248,40.75477],[-73.96241,40.75473],[-73.96233,40.75469],[-73.96226,40.75465],[-73.96219,40.75462],[-73.96212,40.75458],[-73.96206,40.75454],[-73.96199,40.7545],[-73.96192,40.75446],[-73.96186,40.75441],[-73.96179,40.75437],[-73.96173,40.75433],[-73.96167,40.75429],[-73.95725,40.75118],[-73.95692,40.75097],[-73.95658,40.75078],[-73.95625,40.75059],[-73.95592,40.75041],[-73.95559,40.75024],[-73.95526,40.75008],[-73.95493,40.74994],[-73.95461,40.74979],[-73.95428,40.74966],[-73.95395,40.74954],[-73.95363,40.74943],[-73.95331,40.74933],[-73.95298,40.74923],[-73.95266,40.74915],[-73.95234,40.74907],[-73.946,40.74785],[-73.94348,40.74736],[-73.94334,40.74733],[-73.9432,40.74731],[-73.94306,40.74729],[-73.94293,40.74727],[-73.94279,40.74726],[-73.94266,40.74726],[-73.94253,40.74726],[-73.9424,40.74726],[-73.94228,40.74727],[-73.94215,40.74728],[-73.94203,40.7473],[-73.94191,40.74733],[-73.94179,40.74735],[-73.94168,40.74739],[-73.94156,40.74742],[-73.93978,40.74806],[-73.93724,40.74897],[-73.93717,40.749],[-73.9371,40.74903],[-73.93703,40.74905],[-73.93696,40.74908],[-73.9369,40.74911],[-73.93683,40.74915],[-73.93677,40.74918],[-73.93671,40.74921],[-73.93666,40.74925],[-73.9366,40.74929],[-73.93654,40.74933],[-73.93649,40.74937],[-73.93644,40.74941],[-73.93639,40.74945],[-73.93635,40.7495],[-73.93509,40.75066],[-73.93491,40.75083],[-73.93473,40.75098],[-73.93453,40.75113],[-73.93433,40.75126],[-73.93412,40.75138],[-73.9339,40.75149],[-73.93368,40.75159],[-73.93345,40.75168],[-73.93321,40.75176],[-73.93297,40.75182],[-73.93271,40.75188],[-73.93245,40.75192],[-73.93218,40.75196],[-73.93191,40.75198],[-73.93163,40.75199],[-73.92878,40.75204],[-73.92656,40.75207],[-73.92645,40.75208],[-73.92634,40.75208],[-73.92623,40.75209],[-73.92612,40.7521],[-73.92601,40.75211],[-73.9259,40.75212],[-73.9258,40.75213],[-73.92569,40.75215],[-73.92558,40.75216],[-73.92548,40.75218],[-73.92538,40.7522],[-73.92527,40.75222],[-73.92517,40.75224],[-73.92507,40.75226],[-73.92497,40.75229],[-73.92486,40.75231],[-73.92476,40.75234],[-73.92466,40.75237],[-73.92456,40.75241],[-73.92447,40.75245],[-73.92438,40.7525],[-73.92429,40.75254],[-73.92421,40.7526],[-73.92413,40.75265],[-73.92405,40.75271],[-73.92398,40.75278],[-73.92391,40.75285],[-73.92385,40.75292],[-73.92379,40.75299],[-73.92373,40.75307],[-73.92157,40.75585],[-73.92155,40.75587],[-73.92155,40.75588],[-73.92154,40.75589],[-73.92153,40.75591],[-73.92151,40.75592],[-73.9215,40.75593],[-73.92149,40.75595],[-73.92148,40.75596],[-73.92147,40.75598],[-73.92146,40.75599],[-73.92145,40.75601],[-73.92143,40.75602],[-73.92142,40.75604],[-73.92141,40.75606],[-73.9214,40.75607],[-73.92074,40.75688],[-73.91985,40.75797],[-73.91971,40.75811],[-73.91957,40.75821],[-73.91942,40.7583],[-73.91926,40.75838],[-73.9191,40.75844],[-73.91894,40.75848],[-73.91876,40.75851],[-73.91859,40.75852],[-73.91841,40.75852],[-73.91822,40.7585],[-73.91803,40.75847],[-73.91784,40.75842],[-73.91764,40.75836],[-73.91743,40.75828],[-73.91722,40.75818],[-73.91483,40.75702],[-73.9148,40.757],[-73.91476,40.75699],[-73.91473,40.75697],[-73.91469,40.75695],[-73.91465,40.75693],[-73.91462,40.75691],[-73.91458,40.7569],[-73.91455,40.75688],[-73.91451,40.75686],[-73.91447,40.75685],[-73.91444,40.75683],[-73.9144,40.75681],[-73.91437,40.75679],[-73.91433,40.75678],[-73.91429,40.75676],[-73.91333,40.75631],[-73.90893,40.75424],[-73.90679,40.75322],[-73.90601,40.75288],[-73.89845,40.74967],[-73.89134,40.74664],[-73.88515,40.74401],[-73.8851,40.74399],[-73.88506,40.74397],[-73.88501,40.74395],[-73.88497,40.74393],[-73.88493,40.74391],[-73.88488,40.74389],[-73.88484,40.74387],[-73.8848,40.74385],[-73.88476,40.74383],[-73.88472,40.74381],[-73.88468,40.74379],[-73.88464,40.74377],[-73.8846,40.74376],[-73.88456,40.74374],[-73.88452,40.74372],[-73.88292,40.74293],[-73.88285,40.7429],[-73.88277,40.74286],[-73.88271,40.74283],[-73.88264,40.74279],[-73.88257,40.74276],[-73.88251,40.74273],[-73.88245,40.74269],[-73.88239,40.74266],[-73.88233,40.74263],[-73.88227,40.7426],[-73.88222,40.74257],[-73.88217,40.74254],[-73.88211,40.74251],[-73.88206,40.74248],[-73.88202,40.74245],[-73.88195,40.74242],[-73.88187,40.74238],[-73.8818,40.74234],[-73.88173,40.7423],[-73.88166,40.74226],[-73.88159,40.74222],[-73.88152,40.74217],[-73.88145,40.74213],[-73.88138,40.74209],[-73.88132,40.74204],[-73.88125,40.742],[-73.88118,40.74196],[-73.88111,40.74191],[-73.88104,40.74187],[-73.88098,40.74182],[-73.87942,40.74066],[-73.87936,40.74061],[-73.87929,40.74056],[-73.87923,40.74051],[-73.87918,40.74045],[-73.87912,40.74039],[-73.87906,40.74033],[-73.879,40.74026],[-73.87895,40.74019],[-73.8789,40.74012],[-73.87884,40.74005],[-73.87879,40.73998],[-73.87874,40.7399],[-73.8787,40.73982],[-73.87865,40.73974],[-73.8786,40.73965],[-73.87722,40.73701],[-73.87705,40.73671],[-73.87695,40.73651],[-73.87683,40.73633],[-73.87671,40.73615],[-73.87656,40.73598],[-73.87641,40.73581],[-73.87624,40.73566],[-73.87605,40.73551],[-73.87586,40.73537],[-73.87565,40.73523],[-73.87543,40.73511],[-73.87519,40.73499],[-73.87495,40.73488],[-73.87469,40.73477],[-73.87441,40.73468],[-73.87413,40.73459],[-73.87092,40.73365],[-73.87081,40.73361],[-73.87069,40.73358],[-73.87057,40.73354],[-73.87045,40.73351],[-73.87034,40.73347],[-73.87022,40.73344],[-73.87011,40.7334],[-73.87,40.73336],[-73.86988,40.73333],[-73.86977,40.73329],[-73.86966,40.73325],[-73.86955,40.73322],[-73.86944,40.73318],[-73.86934,40.73314],[-73.86923,40.73311],[-73.86906,40.73304],[-73.8689,40.73298],[-73.86874,40.73291],[-73.86858,40.73284],[-73.86843,40.73277],[-73.86827,40.73271],[-73.86813,40.73264],[-73.86798,40.73257],[-73.86784,40.7325],[-73.86771,40.73243],[-73.86757,40.73236],[-73.86744,40.73229],[-73.86732,40.73221],[-73.86719,40.73214],[-73.86707,40.73207],[-73.86695,40.73199],[-73.86681,40.73191],[-73.86668,40.73184],[-73.86653,40.73176],[-73.86639,40.73169],[-73.86624,40.73161],[-73.86609,40.73154],[-73.86593,40.73147],[-73.86577,40.7314],[-73.8656,40.73133],[-73.86543,40.73126],[-73.86526,40.73119],[-73.86508,40.73112],[-73.8649,40.73105],[-73.86471,40.73098],[-73.8616,40.72985],[-73.85438,40.72722],[-73.85428,40.72718],[-73.85418,40.72714],[-73.85408,40.7271],[-73.85398,40.72706],[-73.85388,40.72702],[-73.85377,40.72698],[-73.85367,40.72693],[-73.85355,40.72689],[-73.85344,40.72684],[-73.85333,40.72679],[-73.85321,40.72674],[-73.85309,40.72669],[-73.85297,40.72664],[-73.85285,40.72658],[-73.85272,40.72652],[-73.85254,40.72644],[-73.85236,40.72636],[-73.85219,40.72627],[-73.85201,40.72618],[-73.85185,40.72609],[-73.85169,40.72599],[-73.85153,40.7259],[-73.85138,40.7258],[-73.85123,40.7257],[-73.85108,40.7256],[-73.85094,40.72549],[-73.8508,40.72538],[-73.85067,40.72527],[-73.85054,40.72516],[-73.85042,40.72505],[-73.85025,40.72489],[-73.85008,40.72474],[-73.84991,40.72458],[-73.84974,40.72444],[-73.84956,40.72429],[-73.84937,40.72415],[-73.84918,40.72401],[-73.84899,40.72388],[-73.8488,40.72375],[-73.8486,40.72362],[-73.84839,40.72349],[-73.84819,40.72337],[-73.84798,40.72325],[-73.84776,40.72314],[-73.84754,40.72303],[-73.84452,40.72169],[-73.84142,40.72031],[-73.84133,40.72027],[-73.84124,40.72023],[-73.84115,40.72019],[-73.84105,40.72015],[-73.84096,40.72011],[-73.84087,40.72007],[-73.84079,40.72003],[-73.8407,40.71999],[-73.84061,40.71994],[-73.84052,40.7199],[-73.84043,40.71986],[-73.84034,40.71981],[-73.84026,40.71977],[-73.84017,40.71972],[-73.84009,40.71968],[-73.83732,40.71833],[-73.83575,40.71753],[-73.83561,40.71745],[-73.83546,40.71737],[-73.83532,40.71729],[-73.83518,40.71721],[-73.83504,40.71713],[-73.8349,40.71705],[-73.83476,40.71696],[-73.83462,40.71688],[-73.83448,40.71679],[-73.83435,40.7167],[-73.83421,40.71661],[-73.83408,40.71652],[-73.83395,40.71643],[-73.83382,40.71633],[-73.83369,40.71624],[-73.83345,40.71605],[-73.83329,40.71594],[-73.83314,40.71582],[-73.83298,40.71571],[-73.83283,40.7156],[-73.83267,40.71549],[-73.83251,40.71538],[-73.83235,40.71527],[-73.83219,40.71516],[-73.83202,40.71505],[-73.83186,40.71495],[-73.83169,40.71484],[-73.83152,40.71474],[-73.83135,40.71464],[-73.83118,40.71454],[-73.83101,40.71444],[-73.82834,40.71313],[-73.82827,40.71309],[-73.82819,40.71306],[-73.82811,40.71302],[-73.82803,40.71299],[-73.82795,40.71295],[-73.82787,40.71292],[-73.82779,40.71288],[-73.8277,40.71285],[-73.82762,40.71282],[-73.82753,40.71278],[-73.82744,40.71275],[-73.82736,40.71272],[-73.82727,40.71268],[-73.82718,40.71265],[-73.82708,40.71262],[-73.82247,40.71085],[-73.82232,40.71079],[-73.82217,40.71072],[-73.82202,40.71066],[-73.82189,40.71059],[-73.82176,40.71052],[-73.82163,40.71044],[-73.82152,40.71036],[-73.82141,40.71028],[-73.8213,40.71019],[-73.82121,40.71011],[-73.82112,40.71001],[-73.82104,40.70992],[-73.82096,40.70982],[-73.82089,40.70972],[-73.82083,40.70962],[-73.82057,40.70918],[-73.81948,40.7073],[-73.81838,40.70556],[-73.81831,40.70546],[-73.81825,40.70536],[-73.81819,40.70527],[-73.81813,40.70518],[-73.81808,40.7051],[-73.81803,40.70502],[-73.81798,40.70495],[-73.81794,40.70488],[-73.8179,40.70481],[-73.81787,40.70475],[-73.81784,40.7047],[-73.81782,40.70465],[-73.8178,40.7046],[-73.81778,40.70456],[-73.81776,40.70453],[-73.81686,40.70257],[-73.81619,40.70127],[-73.81613,40.70115],[-73.81606,40.70104],[-73.81599,40.70094],[-73.81591,40.70083],[-73.81583,40.70074],[-73.81575,40.70064],[-73.81566,40.70055],[-73.81556,40.70047],[-73.81546,40.70039],[-73.81535,40.70031],[-73.81524,40.70024],[-73.81512,40.70018],[-73.815,40.70011],[-73.81488,40.70006],[-73.81474,40.7],[-73.81265,40.69944],[-73.81255,40.69942],[-73.81244,40.6994],[-73.81233,40.69938],[-73.81222,40.69937],[-73.81212,40.69936],[-73.81202,40.69936],[-73.81191,40.69936],[-73.81181,40.69936],[-73.81171,40.69936],[-73.8116,40.69937],[-73.8115,40.69938],[-73.8114,40.6994],[-73.8113,40.69942],[-73.8112,40.69944],[-73.8111,40.69946],[-73.80974,40.69985],[-73.80967,40.69986],[-73.80961,40.69988],[-73.80955,40.6999],[-73.80949,40.69992],[-73.80943,40.69994],[-73.80937,40.69996],[-73.80931,40.69998],[-73.80925,40.7],[-73.80919,40.70002],[-73.80913,40.70005],[-73.80907,40.70007],[-73.80901,40.70009],[-73.80895,40.70012],[-73.8089,40.70014],[-73.80884,40.70017],[-73.80878,40.7002],[-73.80873,40.70022],[-73.80867,40.70025],[-73.80861,40.70027],[-73.80856,40.70029],[-73.8085,40.70032],[-73.80844,40.70034],[-73.80838,40.70036],[-73.80833,40.70038],[-73.80827,40.7004],[-73.80821,40.70042],[-73.80815,40.70043],[-73.80809,40.70045],[-73.80803,40.70047],[-73.80797,40.70049],[-73.80665,40.70082],[-73.80404,40.70149],[-73.80399,40.7015],[-73.80394,40.70151],[-73.80389,40.70152],[-73.80384,40.70153],[-73.8038,40.70155],[-73.80375,40.70155],[-73.80371,40.70157],[-73.80366,40.70157],[-73.80362,40.70158],[-73.80358,40.70159],[-73.80354,40.7016],[-73.8035,40.70161],[-73.80346,40.70162],[-73.80343,40.70163],[-73.80339,40.70163],[-73.80111,40.70215]]}},{"type":"Feature","properties":{"route":"F","color":"#EB6800"},"geometry":{"type":"LineString","coordinates":[[-73.78382,40.71265],[-73.78527,40.71231],[-73.78535,40.71229],[-73.78543,40.71227],[-73.78551,40.71225],[-73.78559,40.71224],[-73.78567,40.71222],[-73.78575,40.7122],[-73.78584,40.71219],[-73.78592,40.71218],[-73.786,40.71216],[-73.78609,40.71215],[-73.78617,40.71214],[-73.78626,40.71213],[-73.78634,40.71212],[-73.78643,40.71211],[-73.78651,40.7121],[-73.78799,40.71199],[-73.7882,40.71199],[-73.78841,40.71198],[-73.78861,40.71197],[-73.78881,40.71195],[-73.78901,40.71193],[-73.78921,40.7119],[-73.7894,40.71187],[-73.78959,40.71184],[-73.78978,40.7118],[-73.78996,40.71176],[-73.79014,40.71172],[-73.79032,40.71167],[-73.79049,40.71161],[-73.79066,40.71155],[-73.79083,40.71149],[-73.7936,40.71047],[-73.79475,40.71003],[-73.79481,40.71001],[-73.79487,40.70999],[-73.79493,40.70997],[-73.79498,40.70995],[-73.79504,40.70993],[-73.7951,40.70991],[-73.79516,40.70989],[-73.79521,40.70987],[-73.79527,40.70985],[-73.79533,40.70984],[-73.79539,40.70982],[-73.79544,40.7098],[-73.7955,40.70979],[-73.79556,40.70977],[-73.79561,40.70976],[-73.80333,40.70756],[-73.81071,40.70546],[-73.81441,40.70441],[-73.81475,40.70433],[-73.81508,40.70427],[-73.8154,40.70423],[-73.81571,40.70421],[-73.81601,40.70422],[-73.8163,40.70425],[-73.81657,40.70431],[-73.81684,40.70438],[-73.81709,40.70448],[-73.81733,40.7046],[-73.81757,40.70475],[-73.81779,40.70492],[-73.818,40.70511],[-73.8182,40.70532],[-73.81838,40.70556],[-73.81948,40.7073],[-73.82057,40.70918],[-73.82083,40.70962],[-73.82089,40.70972],[-73.82096,40.70982],[-73.82104,40.70992],[-73.82112,40.71001],[-73.82121,40.71011],[-73.8213,40.71019],[-73.82141,40.71028],[-73.82152,40.71036],[-73.82163,40.71044],[-73.82176,40.71052],[-73.82189,40.71059],[-73.82202,40.71066],[-73.82217,40.71072],[-73.82232,40.71079],[-73.82247,40.71085],[-73.82708,40.71262],[-73.82718,40.71265],[-73.82727,40.71268],[-73.82736,40.71272],[-73.82744,40.71275],[-73.82753,40.71278],[-73.82762,40.71282],[-73.8277,40.71285],[-73.82779,40.71288],[-73.82787,40.71292],[-73.82795,40.71295],[-73.82803,40.71299],[-73.82811,40.71302],[-73.82819,40.71306],[-73.82827,40.71309],[-73.82834,40.71313],[-73.83101,40.71444],[-73.83118,40.71454],[-73.83135,40.71464],[-73.83152,40.71474],[-73.83169,40.71484],[-73.83186,40.71495],[-73.83202,40.71505],[-73.83219,40.71516],[-73.83235,40.71527],[-73.83251,40.71538],[-73.83267,40.71549],[-73.83283,40.7156],[-73.83298,40.71571],[-73.83314,40.71582],[-73.83329,40.71594],[-73.83345,40.71605],[-73.83369,40.71624],[-73.83382,40.71633],[-73.83395,40.71643],[-73.83408,40.71652],[-73.83421,40.71661],[-73.83435,40.7167],[-73.83448,40.71679],[-73.83462,40.71688],[-73.83476,40.71696],[-73.8349,40.71705],[-73.83504,40.71713],[-73.83518,40.71721],[-73.83532,40.71729],[-73.83546,40.71737],[-73.83561,40.71745],[-73.83575,40.71753],[-73.83732,40.71833],[-73.84009,40.71968],[-73.84017,40.71972],[-73.84026,40.71977],[-73.84034,40.71981],[-73.84043,40.71986],[-73.84052,40.7199],[-73.84061,40.71994],[-73.8407,40.71999],[-73.84079,40.72003],[-73.84087,40.72007],[-73.84096,40.72011],[-73.84105,40.72015],[-73.84115,40.72019],[-73.84124,40.72023],[-73.84133,40.72027],[-73.84142,40.72031],[-73.84452,40.72169],[-73.84754,40.72303],[-73.84776,40.72314],[-73.84798,40.72325],[-73.84819,40.72337],[-73.84839,40.72349],[-73.8486,40.72362],[-73.8488,40.72375],[-73.84899,40.72388],[-73.84918,40.72401],[-73.84937,40.72415],[-73.84956,40.72429],[-73.84974,40.72444],[-73.84991,40.72458],[-73.85008,40.72474],[-73.85025,40.72489],[-73.85042,40.72505],[-73.85054,40.72516],[-73.85067,40.72527],[-73.8508,40.72538],[-73.85094,40.72549],[-73.85108,40.7256],[-73.85123,40.7257],[-73.85138,40.7258],[-73.85153,40.7259],[-73.85169,40.72599],[-73.85185,40.72609],[-73.85201,40.72618],[-73.85219,40.72627],[-73.85236,40.72636],[-73.85254,40.72644],[-73.85272,40.72652],[-73.85285,40.72658],[-73.85297,40.72664],[-73.85309,40.72669],[-73.85321,40.72674],[-73.85333,40.72679],[-73.85344,40.72684],[-73.85355,40.72689],[-73.85367,40.72693],[-73.85377,40.72698],[-73.85388,40.72702],[-73.85398,40.72706],[-73.85408,40.7271],[-73.85418,40.72714],[-73.85428,40.72718],[-73.85438,40.72722],[-73.8616,40.72985],[-73.86471,40.73098],[-73.8649,40.73105],[-73.86508,40.73112],[-73.86526,40.73119],[-73.86543,40.73126],[-73.8656,40.73133],[-73.86577,40.7314],[-73.86593,40.73147],[-73.86609,40.73154],[-73.86624,40.73161],[-73.86639,40.73169],[-73.86653,40.73176],[-73.86668,40.73184],[-73.86681,40.73191],[-73.86695,40.73199],[-73.86707,40.73207],[-73.86719,40.73214],[-73.86732,40.73221],[-73.86744,40.73229],[-73.86757,40.73236],[-73.86771,40.73243],[-73.86784,40.7325],[-73.86798,40.73257],[-73.86813,40.73264],[-73.86827,40.73271],[-73.86843,40.73277],[-73.86858,40.73284],[-73.86874,40.73291],[-73.8689,40.73298],[-73.86906,40.73304],[-73.86923,40.73311],[-73.86934,40.73314],[-73.86944,40.73318],[-73.86955,40.73322],[-73.86966,40.73325],[-73.86977,40.73329],[-73.86988,40.73333],[-73.87,40.73336],[-73.87011,40.7334],[-73.87022,40.73344],[-73.87034,40.73347],[-73.87045,40.73351],[-73.87057,40.73354],[-73.87069,40.73358],[-73.87081,40.73361],[-73.87092,40.73365],[-73.87413,40.73459],[-73.87441,40.73468],[-73.87469,40.73477],[-73.87495,40.73488],[-73.87519,40.73499],[-73.87543,40.73511],[-73.87565,40.73523],[-73.87586,40.73537],[-73.87605,40.73551],[-73.87624,40.73566],[-73.87641,40.73581],[-73.87656,40.73598],[-73.87671,40.73615],[-73.87683,40.73633],[-73.87695,40.73651],[-73.87705,40.73671],[-73.87722,40.73701],[-73.8786,40.73965],[-73.87865,40.73974],[-73.8787,40.73982],[-73.87874,40.7399],[-73.87879,40.73998],[-73.87884,40.74005],[-73.8789,40.74012],[-73.87895,40.74019],[-73.879,40.74026],[-73.87906,40.74033],[-73.87912,40.74039],[-73.87918,40.74045],[-73.87923,40.74051],[-73.87929,40.74056],[-73.87936,40.74061],[-73.87942,40.74066],[-73.88098,40.74182],[-73.88104,40.74187],[-73.88111,40.74191],[-73.88118,40.74196],[-73.88125,40.742],[-73.88132,40.74204],[-73.88138,40.74209],[-73.88145,40.74213],[-73.88152,40.74217],[-73.88159,40.74222],[-73.88166,40.74226],[-73.88173,40.7423],[-73.8818,40.74234],[-73.88187,40.74238],[-73.88195,40.74242],[-73.88202,40.74245],[-73.88206,40.74248],[-73.88211,40.74251],[-73.88217,40.74254],[-73.88222,40.74257],[-73.88227,40.7426],[-73.88233,40.74263],[-73.88239,40.74266],[-73.88245,40.74269],[-73.88251,40.74273],[-73.88257,40.74276],[-73.88264,40.74279],[-73.88271,40.74283],[-73.88277,40.74286],[-73.88285,40.7429],[-73.88292,40.74293],[-73.88452,40.74372],[-73.88456,40.74374],[-73.8846,40.74376],[-73.88464,40.74377],[-73.88468,40.74379],[-73.88472,40.74381],[-73.88476,40.74383],[-73.8848,40.74385],[-73.88484,40.74387],[-73.88488,40.74389],[-73.88493,40.74391],[-73.88497,40.74393],[-73.88501,40.74395],[-73.88506,40.74397],[-73.8851,40.74399],[-73.88515,40.74401],[-73.89134,40.74664],[-73.89845,40.74967],[-73.90601,40.75288],[-73.90614,40.75294],[-73.90628,40.75299],[-73.90642,40.75303],[-73.90656,40.75307],[-73.9067,40.75311],[-73.90685,40.75314],[-73.90699,40.75317],[-73.90714,40.75319],[-73.9073,40.75321],[-73.90745,40.75322],[-73.90761,40.75323],[-73.90777,40.75323],[-73.90793,40.75323],[-73.90809,40.75322],[-73.90826,40.75321],[-73.90985,40.75304],[-73.90996,40.75303],[-73.91007,40.75303],[-73.91017,40.75302],[-73.91029,40.75302],[-73.91039,40.75301],[-73.91051,40.75301],[-73.91062,40.75301],[-73.91073,40.75302],[-73.91084,40.75302],[-73.91096,40.75303],[-73.91107,40.75303],[-73.91119,40.75304],[-73.9113,40.75305],[-73.91142,40.75307],[-73.91154,40.75308],[-73.91531,40.75372],[-73.91554,40.75375],[-73.91578,40.75379],[-73.91601,40.75381],[-73.91624,40.75383],[-73.91647,40.75384],[-73.9167,40.75385],[-73.91693,40.75385],[-73.91716,40.75385],[-73.91739,40.75384],[-73.91761,40.75382],[-73.91784,40.7538],[-73.91806,40.75377],[-73.91829,40.75374],[-73.91851,40.7537],[-73.91873,40.75365],[-73.92497,40.75229],[-73.92507,40.75226],[-73.92517,40.75224],[-73.92527,40.75222],[-73.92538,40.7522],[-73.92548,40.75218],[-73.92558,40.75216],[-73.92569,40.75215],[-73.9258,40.75213],[-73.9259,40.75212],[-73.92601,40.75211],[-73.92612,40.7521],[-73.92623,40.75209],[-73.92634,40.75208],[-73.92645,40.75208],[-73.92656,40.75207],[-73.92878,40.75204],[-73.93163,40.75199],[-73.93191,40.75198],[-73.93218,40.75196],[-73.93245,40.75192],[-73.93271,40.75188],[-73.93297,40.75182],[-73.93321,40.75176],[-73.93345,40.75168],[-73.93368,40.75159],[-73.9339,40.75149],[-73.93412,40.75138],[-73.93433,40.75126],[-73.93453,40.75113],[-73.93468,40.75103],[-73.93482,40.75094],[-73.93497,40.75087],[-73.93511,40.75081],[-73.93525,40.75076],[-73.9354,40.75072],[-73.93554,40.7507],[-73.93569,40.75068],[-73.93583,40.75068],[-73.93597,40.7507],[-73.93612,40.75072],[-73.93626,40.75076],[-73.9364,40.75081],[-73.93655,40.75087],[-73.93669,40.75095],[-73.94099,40.75323],[-73.94104,40.75326],[-73.9411,40.75329],[-73.94115,40.75332],[-73.94121,40.75335],[-73.94127,40.75339],[-73.94132,40.75342],[-73.94138,40.75345],[-73.94143,40.75348],[-73.94149,40.75351],[-73.94154,40.75353],[-73.9416,40.75357],[-73.94166,40.75359],[-73.94171,40.75362],[-73.94177,40.75365],[-73.94182,40.75368],[-73.94284,40.7542],[-73.94711,40.75639],[-73.94715,40.75642],[-73.9472,40.75644],[-73.94724,40.75646],[-73.94728,40.75648],[-73.94733,40.75651],[-73.94737,40.75653],[-73.94742,40.75655],[-73.94746,40.75657],[-73.94751,40.7566],[-73.94755,40.75662],[-73.9476,40.75664],[-73.94764,40.75666],[-73.94769,40.75668],[-73.94774,40.7567],[-73.94778,40.75672],[-73.95326,40.75914],[-73.95715,40.76085],[-73.95719,40.76086],[-73.95722,40.76088],[-73.95725,40.76089],[-73.95729,40.76091],[-73.95732,40.76092],[-73.95736,40.76094],[-73.95739,40.76095],[-73.95743,40.76097],[-73.95747,40.76099],[-73.95751,40.761],[-73.95754,40.76102],[-73.95758,40.76104],[-73.95762,40.76105],[-73.95767,40.76107],[-73.95771,40.76109],[-73.96456,40.76397],[-73.96611,40.76463],[-73.97133,40.76683],[-73.97169,40.76698],[-73.97205,40.7671],[-73.97239,40.7672],[-73.97273,40.76728],[-73.97305,40.76733],[-73.97336,40.76735],[-73.97366,40.76735],[-73.97395,40.76733],[-73.97422,40.76728],[-73.97449,40.7672],[-73.97474,40.76711],[-73.97498,40.76698],[-73.97521,40.76683],[-73.97543,40.76666],[-73.97564,40.76646],[-73.97745,40.76397],[-73.9797,40.76089],[-73.98133,40.75866],[-73.98457,40.75422],[-73.98782,40.74972],[-73.99282,40.74288],[-73.99621,40.73823],[-73.99978,40.73332],[-74.00048,40.73236],[-74.0005,40.73234],[-74.00051,40.73231],[-74.00131,40.73122],[-74.00133,40.73119],[-74.00135,40.73116],[-74.00137,40.73113],[-74.00138,40.73111],[-74.0014,40.73108],[-74.00142,40.73105],[-74.00144,40.73103],[-74.00145,40.731],[-74.00147,40.73098],[-74.00148,40.73095],[-74.0015,40.73092],[-74.00151,40.7309],[-74.00153,40.73087],[-74.00154,40.73085],[-74.00155,40.73082],[-74.0024,40.72928],[-74.00245,40.72915],[-74.00249,40.72903],[-74.00252,40.72892],[-74.00253,40.72881],[-74.00253,40.7287],[-74.00253,40.7286],[-74.00251,40.7285],[-74.00247,40.72841],[-74.00243,40.72833],[-74.00237,40.72825],[-74.0023,40.72817],[-74.00222,40.7281],[-74.00213,40.72803],[-74.00202,40.72797],[-74.0019,40.72791],[-73.99811,40.72605],[-73.99803,40.726],[-73.99794,40.72596],[-73.99785,40.72592],[-73.99776,40.72588],[-73.99766,40.72583],[-73.99757,40.72579],[-73.99747,40.72575],[-73.99737,40.72571],[-73.99727,40.72567],[-73.99717,40.72563],[-73.99707,40.72559],[-73.99696,40.72555],[-73.99686,40.72551],[-73.99675,40.72548],[-73.99664,40.72544],[-73.9962,40.7253],[-73.99255,40.72418],[-73.98994,40.7234],[-73.98792,40.72279],[-73.9877,40.72272],[-73.98751,40.72264],[-73.98734,40.72256],[-73.98719,40.72247],[-73.98706,40.72237],[-73.98695,40.72225],[-73.98686,40.72214],[-73.9868,40.72201],[-73.98675,40.72188],[-73.98673,40.72174],[-73.98673,40.72159],[-73.98675,40.72144],[-73.98679,40.72127],[-73.98685,40.7211],[-73.98693,40.72092],[-73.98811,40.71861],[-73.98985,40.71525],[-73.98989,40.71518],[-73.98992,40.71512],[-73.98995,40.71505],[-73.98998,40.71499],[-73.99001,40.71493],[-73.99003,40.71487],[-73.99005,40.71481],[-73.99008,40.71475],[-73.99009,40.71469],[-73.99011,40.71462],[-73.99013,40.71457],[-73.99014,40.71451],[-73.99015,40.71445],[-73.99016,40.71439],[-73.99017,40.71433],[-73.99018,40.71429],[-73.99018,40.71425],[-73.99018,40.71422],[-73.99019,40.71418],[-73.99019,40.71414],[-73.99019,40.7141],[-73.99019,40.71406],[-73.99019,40.71401],[-73.99019,40.71397],[-73.99019,40.71393],[-73.99019,40.71389],[-73.99018,40.71385],[-73.99018,40.7138],[-73.99018,40.71376],[-73.99017,40.71372],[-73.99017,40.71366],[-73.99017,40.71361],[-73.99016,40.71356],[-73.99016,40.71351],[-73.99015,40.71345],[-73.99015,40.71339],[-73.99014,40.71333],[-73.99013,40.71327],[-73.99013,40.71321],[-73.99012,40.71315],[-73.99011,40.71309],[-73.9901,40.71302],[-73.99009,40.71295],[-73.99008,40.71288],[-73.99007,40.71282],[-73.98987,40.7115],[-73.98982,40.71129],[-73.98977,40.71108],[-73.98971,40.71088],[-73.98965,40.71068],[-73.98959,40.71048],[-73.98952,40.71029],[-73.98944,40.7101],[-73.98937,40.70992],[-73.98928,40.70974],[-73.98919,40.70957],[-73.9891,40.7094],[-73.989,40.70923],[-73.9889,40.70907],[-73.98879,40.70891],[-73.98868,40.70877],[-73.98787,40.70768],[-73.98769,40.70745],[-73.98752,40.70722],[-73.98737,40.70699],[-73.98723,40.70675],[-73.98711,40.70652],[-73.987,40.70628],[-73.9869,40.70604],[-73.98681,40.7058],[-73.98674,40.70556],[-73.98668,40.70532],[-73.98664,40.70508],[-73.9866,40.70484],[-73.98659,40.70459],[-73.98658,40.70435],[-73.98659,40.7041],[-73.98689,40.69974],[-73.98704,40.6974],[-73.98717,40.69483],[-73.98717,40.69479],[-73.98717,40.69476],[-73.98717,40.69472],[-73.98717,40.69469],[-73.98718,40.69465],[-73.98718,40.69462],[-73.98718,40.69458],[-73.98718,40.69455],[-73.98719,40.69452],[-73.98719,40.69449],[-73.98719,40.69445],[-73.9872,40.69442],[-73.9872,40.69439],[-73.98721,40.69436],[-73.98721,40.69433],[-73.98723,40.6942],[-73.98723,40.69417],[-73.98723,40.69413],[-73.98724,40.69409],[-73.98724,40.69406],[-73.98725,40.69402],[-73.98725,40.69399],[-73.98726,40.69395],[-73.98726,40.69392],[-73.98726,40.69388],[-73.98726,40.69385],[-73.98727,40.69382],[-73.98727,40.69378],[-73.98727,40.69375],[-73.98728,40.69371],[-73.98728,40.69368],[-73.98734,40.69235],[-73.98734,40.69234],[-73.98734,40.69233],[-73.98738,40.6917],[-73.98738,40.69164],[-73.98738,40.69159],[-73.98739,40.69154],[-73.98739,40.69149],[-73.9874,40.69144],[-73.98741,40.69139],[-73.98742,40.69134],[-73.98744,40.69129],[-73.98745,40.69124],[-73.98747,40.69119],[-73.98749,40.69114],[-73.98751,40.69109],[-73.98753,40.69104],[-73.98756,40.69099],[-73.98758,40.69094],[-73.98774,40.6907],[-73.98894,40.68893],[-73.98894,40.68893],[-73.99086,40.68615],[-73.9937,40.68195],[-73.99375,40.68187],[-73.9938,40.6818],[-73.99385,40.68173],[-73.9939,40.68165],[-73.99395,40.68158],[-73.994,40.68151],[-73.99405,40.68144],[-73.9941,40.68137],[-73.99415,40.6813],[-73.9942,40.68123],[-73.99425,40.68117],[-73.9943,40.6811],[-73.99435,40.68103],[-73.9944,40.68097],[-73.99445,40.6809],[-73.99505,40.6803],[-73.99513,40.68021],[-73.99521,40.68011],[-73.99529,40.68001],[-73.99537,40.6799],[-73.99545,40.67979],[-73.99553,40.67968],[-73.99561,40.67956],[-73.99569,40.67943],[-73.99577,40.6793],[-73.99586,40.67917],[-73.99594,40.67903],[-73.99602,40.67889],[-73.9961,40.67874],[-73.99618,40.67859],[-73.99626,40.67844],[-73.99722,40.67644],[-73.99725,40.67639],[-73.99727,40.67635],[-73.99729,40.6763],[-73.99731,40.67626],[-73.99733,40.67621],[-73.99734,40.67617],[-73.99736,40.67612],[-73.99738,40.67608],[-73.99739,40.67603],[-73.9974,40.67599],[-73.99742,40.67594],[-73.99743,40.6759],[-73.99744,40.67585],[-73.99745,40.6758],[-73.99745,40.67576],[-73.99746,40.67566],[-73.99746,40.67557],[-73.99746,40.67547],[-73.99745,40.67538],[-73.99744,40.67529],[-73.99742,40.6752],[-73.9974,40.67511],[-73.99737,40.67502],[-73.99733,40.67494],[-73.99729,40.67486],[-73.99725,40.67478],[-73.9972,40.6747],[-73.99715,40.67462],[-73.99709,40.67455],[-73.99702,40.67447],[-73.99695,40.67441],[-73.99688,40.67434],[-73.99681,40.67427],[-73.99675,40.67421],[-73.99667,40.67415],[-73.9966,40.67408],[-73.99653,40.67402],[-73.99646,40.67396],[-73.99639,40.67391],[-73.99632,40.67385],[-73.99625,40.67379],[-73.99618,40.67374],[-73.9961,40.67368],[-73.99603,40.67363],[-73.99596,40.67358],[-73.99591,40.67355],[-73.99587,40.67351],[-73.99582,40.67348],[-73.99578,40.67345],[-73.99573,40.67342],[-73.99568,40.67339],[-73.99563,40.67336],[-73.99559,40.67332],[-73.99554,40.67329],[-73.99549,40.67326],[-73.99543,40.67323],[-73.99538,40.6732],[-73.99533,40.67317],[-73.99528,40.67314],[-73.99522,40.6731],[-73.99335,40.67202],[-73.99333,40.67201],[-73.9933,40.67199],[-73.99327,40.67198],[-73.99324,40.67196],[-73.99321,40.67194],[-73.99318,40.67193],[-73.99315,40.67191],[-73.99312,40.67189],[-73.99309,40.67188],[-73.99306,40.67186],[-73.99302,40.67184],[-73.99299,40.67183],[-73.99296,40.67181],[-73.99292,40.67179],[-73.99289,40.67177],[-73.98978,40.67027],[-73.98847,40.66964],[-73.98836,40.66959],[-73.98825,40.66955],[-73.98814,40.66951],[-73.98803,40.66947],[-73.98793,40.66943],[-73.98782,40.66939],[-73.98771,40.66936],[-73.9876,40.66933],[-73.98749,40.66929],[-73.98738,40.66927],[-73.98727,40.66924],[-73.98716,40.66922],[-73.98705,40.6692],[-73.98694,40.66918],[-73.98684,40.66916],[-73.98674,40.66915],[-73.98664,40.66913],[-73.98654,40.66912],[-73.98644,40.6691],[-73.98634,40.66908],[-73.98624,40.66906],[-73.98614,40.66904],[-73.98604,40.66901],[-73.98594,40.66898],[-73.98584,40.66895],[-73.98574,40.66892],[-73.98565,40.66888],[-73.98555,40.66885],[-73.98545,40.66881],[-73.98535,40.66877],[-73.98337,40.66776],[-73.98333,40.66774],[-73.98329,40.66772],[-73.98325,40.6677],[-73.98321,40.66768],[-73.98317,40.66766],[-73.98312,40.66764],[-73.98308,40.66761],[-73.98304,40.66759],[-73.98299,40.66757],[-73.98295,40.66755],[-73.9829,40.66753],[-73.98286,40.6675],[-73.98281,40.66748],[-73.98276,40.66746],[-73.98271,40.66744],[-73.98031,40.66627],[-73.97794,40.66513],[-73.97773,40.66501],[-73.97754,40.66489],[-73.97738,40.66477],[-73.97724,40.66465],[-73.97713,40.66452],[-73.97704,40.66438],[-73.97698,40.66425],[-73.97694,40.66411],[-73.97692,40.66397],[-73.97693,40.66382],[-73.97696,40.66367],[-73.97701,40.66352],[-73.97709,40.66336],[-73.9772,40.6632],[-73.97733,40.66305],[-73.97949,40.66036],[-73.97956,40.66027],[-73.97963,40.66018],[-73.9797,40.66009],[-73.97976,40.66],[-73.97982,40.65991],[-73.97988,40.65982],[-73.97994,40.65973],[-73.98,40.65964],[-73.98005,40.65956],[-73.9801,40.65947],[-73.98015,40.65938],[-73.9802,40.6593],[-73.98025,40.65921],[-73.9803,40.65912],[-73.98034,40.65904],[-73.98039,40.65892],[-73.98042,40.65881],[-73.98044,40.65869],[-73.98045,40.65858],[-73.98044,40.65848],[-73.98042,40.65837],[-73.98039,40.65827],[-73.98034,40.65816],[-73.98028,40.65807],[-73.98021,40.65797],[-73.98012,40.65788],[-73.98002,40.65778],[-73.97991,40.65769],[-73.97979,40.65761],[-73.97965,40.65752],[-73.97741,40.65622],[-73.97731,40.65615],[-73.9772,40.65608],[-73.97711,40.65601],[-73.97702,40.65594],[-73.97693,40.65586],[-73.97686,40.65578],[-73.97679,40.6557],[-73.97672,40.65561],[-73.97666,40.65552],[-73.97661,40.65542],[-73.97656,40.65532],[-73.97652,40.65522],[-73.97649,40.65512],[-73.97646,40.65501],[-73.97644,40.6549],[-73.97595,40.65229],[-73.97593,40.65217],[-73.97591,40.65206],[-73.97589,40.65194],[-73.97588,40.65183],[-73.97586,40.65172],[-73.97585,40.65162],[-73.97584,40.65152],[-73.97583,40.65142],[-73.97581,40.65132],[-73.97581,40.65122],[-73.9758,40.65113],[-73.97579,40.65104],[-73.97579,40.65095],[-73.97578,40.65087],[-73.97578,40.65078],[-73.97579,40.65055],[-73.97581,40.65032],[-73.97585,40.65011],[-73.9759,40.6499],[-73.97596,40.64971],[-73.97604,40.64952],[-73.97613,40.64935],[-73.97623,40.64919],[-73.97634,40.64904],[-73.97647,40.6489],[-73.97661,40.64877],[-73.97677,40.64865],[-73.97693,40.64854],[-73.97711,40.64844],[-73.97731,40.64835],[-73.97866,40.64781],[-73.97886,40.64771],[-73.97905,40.64759],[-73.97922,40.64747],[-73.97938,40.64734],[-73.97951,40.6472],[-73.97963,40.64706],[-73.97973,40.64691],[-73.97982,40.64675],[-73.97989,40.64658],[-73.97994,40.6464],[-73.97997,40.64621],[-73.97999,40.64602],[-73.97998,40.64582],[-73.97997,40.64561],[-73.97993,40.6454],[-73.97968,40.64404],[-73.97931,40.64212],[-73.9793,40.64207],[-73.97929,40.64201],[-73.97929,40.64196],[-73.97928,40.64191],[-73.97927,40.64186],[-73.97926,40.64181],[-73.97925,40.64176],[-73.97924,40.64171],[-73.97924,40.64166],[-73.97923,40.64161],[-73.97922,40.64156],[-73.97922,40.64151],[-73.97921,40.64146],[-73.97921,40.64142],[-73.9792,40.64137],[-73.97915,40.64082],[-73.97914,40.64077],[-73.97914,40.64073],[-73.97913,40.64068],[-73.97913,40.64063],[-73.97912,40.64059],[-73.97912,40.64055],[-73.97911,40.6405],[-73.97911,40.64046],[-73.9791,40.64042],[-73.97909,40.64038],[-73.97909,40.64034],[-73.97908,40.6403],[-73.97907,40.64026],[-73.97906,40.64022],[-73.97906,40.64019],[-73.97876,40.63864],[-73.97875,40.6386],[-73.97874,40.63855],[-73.97873,40.6385],[-73.97872,40.63845],[-73.97871,40.6384],[-73.9787,40.63835],[-73.97869,40.6383],[-73.97868,40.63825],[-73.97867,40.6382],[-73.97866,40.63815],[-73.97865,40.6381],[-73.97863,40.63805],[-73.97862,40.638],[-73.97861,40.63795],[-73.97859,40.63789],[-73.97856,40.63778],[-73.97853,40.63767],[-73.9785,40.63757],[-73.97847,40.63746],[-73.97844,40.63736],[-73.97842,40.63726],[-73.9784,40.63717],[-73.97837,40.63708],[-73.97835,40.63699],[-73.97833,40.63691],[-73.97831,40.63682],[-73.97829,40.63674],[-73.97828,40.63667],[-73.97826,40.6366],[-73.97825,40.63653],[-73.97817,40.63612],[-73.97697,40.62976],[-73.97613,40.62532],[-73.97526,40.62077],[-73.9742,40.61514],[-73.97302,40.60894],[-73.9723,40.60514],[-73.97228,40.60506],[-73.97227,40.60498],[-73.97226,40.6049],[-73.97225,40.60483],[-73.97224,40.60475],[-73.97224,40.60468],[-73.97223,40.6046],[-73.97223,40.60453],[-73.97223,40.60446],[-73.97223,40.60439],[-73.97223,40.60432],[-73.97223,40.60425],[-73.97223,40.60418],[-73.97224,40.60412],[-73.97225,40.60405],[-73.97236,40.60322],[-73.97336,40.59606],[-73.97407,40.59102],[-73.97408,40.59094],[-73.97409,40.59085],[-73.9741,40.59076],[-73.97412,40.59067],[-73.97413,40.59058],[-73.97414,40.59049],[-73.97416,40.5904],[-73.97417,40.5903],[-73.97418,40.59021],[-73.97419,40.59011],[-73.9742,40.59002],[-73.97422,40.58992],[-73.97423,40.58982],[-73.97424,40.58972],[-73.97425,40.58962],[-73.97426,40.58953],[-73.97427,40.58945],[-73.97427,40.58937],[-73.97428,40.58929],[-73.97429,40.58921],[-73.97429,40.58913],[-73.9743,40.58905],[-73.9743,40.58898],[-73.97431,40.58891],[-73.97431,40.58884],[-73.97432,40.58877],[-73.97432,40.5887],[-73.97432,40.58863],[-73.97432,40.58857],[-73.97433,40.58851],[-73.97463,40.5833],[-73.97463,40.58326],[-73.97463,40.58322],[-73.97463,40.58318],[-73.97463,40.58314],[-73.97463,40.58311],[-73.97463,40.58307],[-73.97463,40.58303],[-73.97463,40.58299],[-73.97462,40.58296],[-73.97462,40.58292],[-73.97462,40.58289],[-73.97461,40.58285],[-73.97461,40.58282],[-73.97461,40.58279],[-73.9746,40.58275],[-73.97454,40.58225],[-73.97454,40.58222],[-73.97453,40.58219],[-73.97453,40.58217],[-73.97452,40.58214],[-73.97452,40.58211],[-73.97452,40.58208],[-73.97452,40.58205],[-73.97452,40.58203],[-73.97451,40.582],[-73.97451,40.58197],[-73.97451,40.58195],[-73.97451,40.58192],[-73.97451,40.5819],[-73.97451,40.58187],[-73.97452,40.58184],[-73.97457,40.58101],[-73.97471,40.57908],[-73.97471,40.57904],[-73.97471,40.579],[-73.97472,40.57896],[-73.97472,40.57892],[-73.97472,40.57888],[-73.97472,40.57884],[-73.97472,40.57879],[-73.97472,40.57876],[-73.97472,40.57871],[-73.97472,40.57867],[-73.97471,40.57863],[-73.97471,40.57859],[-73.97471,40.57855],[-73.9747,40.57851],[-73.9747,40.57847],[-73.97453,40.57709],[-73.97453,40.57703],[-73.97453,40.57697],[-73.97453,40.57691],[-73.97454,40.57685],[-73.97456,40.5768],[-73.97458,40.57675],[-73.9746,40.5767],[-73.97463,40.57666],[-73.97467,40.57662],[-73.97471,40.57658],[-73.97475,40.57655],[-73.9748,40.57651],[-73.97486,40.57648],[-73.97492,40.57645],[-73.97498,40.57643],[-73.97594,40.57613],[-73.97662,40.57591],[-73.97672,40.57588],[-73.97682,40.57586],[-73.97692,40.57584],[-73.97701,40.57582],[-73.97711,40.5758],[-73.97721,40.57579],[-73.97731,40.57577],[-73.97741,40.57576],[-73.97751,40.57576],[-73.9776,40.57575],[-73.9777,40.57575],[-73.9778,40.57575],[-73.9779,40.57576],[-73.97799,40.57576],[-73.97809,40.57577],[-73.98009,40.57604],[-73.98021,40.57606],[-73.98032,40.57608],[-73.98042,40.57611],[-73.98052,40.57613],[-73.98061,40.57617],[-73.98069,40.5762],[-73.98076,40.57623],[-73.98083,40.57628],[-73.98089,40.57632],[-73.98094,40.57636],[-73.98098,40.57641],[-73.98102,40.57646],[-73.98105,40.57652],[-73.98107,40.57657],[-73.98108,40.57664],[-73.98123,40.57742]]}},{"type":"Feature","properties":{"route":"F","color":"#EB6800"},"geometry":{"type":"LineString","coordinates":[[-73.98123,40.57742],[-73.98108,40.57664],[-73.98107,40.57657],[-73.98105,40.57652],[-73.98102,40.57646],[-73.98098,40.57641],[-73.98094,40.57636],[-73.98089,40.57632],[-73.98083,40.57628],[-73.98076,40.57623],[-73.98069,40.5762],[-73.98061,40.57617],[-73.98052,40.57613],[-73.98042,40.57611],[-73.98032,40.57608],[-73.98021,40.57606],[-73.98009,40.57604],[-73.97809,40.57577],[-73.97799,40.57576],[-73.9779,40.57576],[-73.9778,40.57575],[-73.9777,40.57575],[-73.9776,40.57575],[-73.97751,40.57576],[-73.97741,40.57576],[-73.97731,40.57577],[-73.97721,40.57579],[-73.97711,40.5758],[-73.97701,40.57582],[-73.97692,40.57584],[-73.97682,40.57586],[-73.97672,40.57588],[-73.97662,40.57591],[-73.97594,40.57613],[-73.97498,40.57643],[-73.97492,40.57645],[-73.97486,40.57648],[-73.9748,40.57651],[-73.97475,40.57655],[-73.97471,40.57658],[-73.97467,40.57662],[-73.97463,40.57666],[-73.9746,40.5767],[-73.97458,40.57675],[-73.97456,40.5768],[-73.97454,40.57685],[-73.97453,40.57691],[-73.97453,40.57697],[-73.97453,40.57703],[-73.97453,40.57709],[-73.9747,40.57847],[-73.9747,40.57851],[-73.97471,40.57855],[-73.97471,40.57859],[-73.97471,40.57863],[-73.97472,40.57867],[-73.97472,40.57871],[-73.97472,40.57876],[-73.97472,40.57879],[-73.97472,40.57884],[-73.97472,40.57888],[-73.97472,40.57892],[-73.97472,40.57896],[-73.97471,40.579],[-73.97471,40.57904],[-73.97471,40.57908],[-73.97457,40.58101],[-73.97452,40.58184],[-73.97451,40.58187],[-73.97451,40.5819],[-73.97451,40.58192],[-73.97451,40.58195],[-73.97451,40.58197],[-73.97451,40.582],[-73.97452,40.58203],[-73.97452,40.58205],[-73.97452,40.58208],[-73.97452,40.58211],[-73.97452,40.58214],[-73.97453,40.58217],[-73.97453,40.58219],[-73.97454,40.58222],[-73.97454,40.58225],[-73.9746,40.58275],[-73.97461,40.58279],[-73.97461,40.58282],[-73.97461,40.58285],[-73.97462,40.58289],[-73.97462,40.58292],[-73.97462,40.58296],[-73.97463,40.58299],[-73.97463,40.58303],[-73.97463,40.58307],[-73.97463,40.58311],[-73.97463,40.58314],[-73.97463,40.58318],[-73.97463,40.58322],[-73.97463,40.58326],[-73.97463,40.5833],[-73.97433,40.58851],[-73.97432,40.58857],[-73.97432,40.58863],[-73.97432,40.5887],[-73.97432,40.58877],[-73.97431,40.58884],[-73.97431,40.58891],[-73.9743,40.58898],[-73.9743,40.58905],[-73.97429,40.58913],[-73.97429,40.58921],[-73.97428,40.58929],[-73.97427,40.58937],[-73.97427,40.58945],[-73.97426,40.58953],[-73.97425,40.58962],[-73.97424,40.58972],[-73.97423,40.58982],[-73.97422,40.58992],[-73.9742,40.59002],[-73.97419,40.59011],[-73.97418,40.59021],[-73.97417,40.5903],[-73.97416,40.5904],[-73.97414,40.59049],[-73.97413,40.59058],[-73.97412,40.59067],[-73.9741,40.59076],[-73.97409,40.59085],[-73.97408,40.59094],[-73.97407,40.59102],[-73.97336,40.59606],[-73.97236,40.60322],[-73.97225,40.60405],[-73.97224,40.60412],[-73.97223,40.60418],[-73.97223,40.60425],[-73.97223,40.60432],[-73.97223,40.60439],[-73.97223,40.60446],[-73.97223,40.60453],[-73.97223,40.6046],[-73.97224,40.60468],[-73.97224,40.60475],[-73.97225,40.60483],[-73.97226,40.6049],[-73.97227,40.60498],[-73.97228,40.60506],[-73.9723,40.60514],[-73.97302,40.60894],[-73.9742,40.61514],[-73.97526,40.62077],[-73.97613,40.62532],[-73.97697,40.62976],[-73.97817,40.63612],[-73.97825,40.63653],[-73.97826,40.6366],[-73.97828,40.63667],[-73.97829,40.63674],[-73.97831,40.63682],[-73.97833,40.63691],[-73.97835,40.63699],[-73.97837,40.63708],[-73.9784,40.63717],[-73.97842,40.63726],[-73.97844,40.63736],[-73.97847,40.63746],[-73.9785,40.63757],[-73.97853,40.63767],[-73.97856,40.63778],[-73.97859,40.63789],[-73.97861,40.63795],[-73.97862,40.638],[-73.97863,40.63805],[-73.97865,40.6381],[-73.97866,40.63815],[-73.97867,40.6382],[-73.97868,40.63825],[-73.97869,40.6383],[-73.9787,40.63835],[-73.97871,40.6384],[-73.97872,40.63845],[-73.97873,40.6385],[-73.97874,40.63855],[-73.97875,40.6386],[-73.97876,40.63864],[-73.97906,40.64019],[-73.97906,40.64022],[-73.97907,40.64026],[-73.97908,40.6403],[-73.97909,40.64034],[-73.97909,40.64038],[-73.9791,40.64042],[-73.97911,40.64046],[-73.97911,40.6405],[-73.97912,40.64055],[-73.97912,40.64059],[-73.97913,40.64063],[-73.97913,40.64068],[-73.97914,40.64073],[-73.97914,40.64077],[-73.97915,40.64082],[-73.9792,40.64137],[-73.97921,40.64142],[-73.97921,40.64146],[-73.97922,40.64151],[-73.97922,40.64156],[-73.97923,40.64161],[-73.97924,40.64166],[-73.97924,40.64171],[-73.97925,40.64176],[-73.97926,40.64181],[-73.97927,40.64186],[-73.97928,40.64191],[-73.97929,40.64196],[-73.97929,40.64201],[-73.9793,40.64207],[-73.97931,40.64212],[-73.97968,40.64404],[-73.97993,40.6454],[-73.97997,40.64561],[-73.97998,40.64582],[-73.97999,40.64602],[-73.97997,40.64621],[-73.97994,40.6464],[-73.97989,40.64658],[-73.97982,40.64675],[-73.97973,40.64691],[-73.97963,40.64706],[-73.97951,40.6472],[-73.97938,40.64734],[-73.97922,40.64747],[-73.97905,40.64759],[-73.97886,40.64771],[-73.97866,40.64781],[-73.97731,40.64835],[-73.97711,40.64844],[-73.97693,40.64854],[-73.97677,40.64865],[-73.97661,40.64877],[-73.97647,40.6489],[-73.97634,40.64904],[-73.97623,40.64919],[-73.97613,40.64935],[-73.97604,40.64952],[-73.97596,40.64971],[-73.9759,40.6499],[-73.97585,40.65011],[-73.97581,40.65032],[-73.97579,40.65055],[-73.97578,40.65078],[-73.97578,40.65087],[-73.97579,40.65095],[-73.97579,40.65104],[-73.9758,40.65113],[-73.97581,40.65122],[-73.97581,40.65132],[-73.97583,40.65142],[-73.97584,40.65152],[-73.97585,40.65162],[-73.97586,40.65172],[-73.97588,40.65183],[-73.97589,40.65194],[-73.97591,40.65206],[-73.97593,40.65217],[-73.97595,40.65229],[-73.97644,40.6549],[-73.97646,40.65501],[-73.97649,40.65512],[-73.97652,40.65522],[-73.97656,40.65532],[-73.97661,40.65542],[-73.97666,40.65552],[-73.97672,40.65561],[-73.97679,40.6557],[-73.97686,40.65578],[-73.97693,40.65586],[-73.97702,40.65594],[-73.97711,40.65601],[-73.9772,40.65608],[-73.97731,40.65615],[-73.97741,40.65622],[-73.97965,40.65752],[-73.97979,40.65761],[-73.97991,40.65769],[-73.98002,40.65778],[-73.98012,40.65788],[-73.98021,40.65797],[-73.98028,40.65807],[-73.98034,40.65816],[-73.98039,40.65827],[-73.98042,40.65837],[-73.98044,40.65848],[-73.98045,40.65858],[-73.98044,40.65869],[-73.98042,40.65881],[-73.98039,40.65892],[-73.98034,40.65904],[-73.9803,40.65912],[-73.98025,40.65921],[-73.9802,40.6593],[-73.98015,40.65938],[-73.9801,40.65947],[-73.98005,40.65956],[-73.98,40.65964],[-73.97994,40.65973],[-73.97988,40.65982],[-73.97982,40.65991],[-73.97976,40.66],[-73.9797,40.66009],[-73.97963,40.66018],[-73.97956,40.66027],[-73.97949,40.66036],[-73.97733,40.66305],[-73.9772,40.6632],[-73.97709,40.66336],[-73.97701,40.66352],[-73.97696,40.66367],[-73.97693,40.66382],[-73.97692,40.66397],[-73.97694,40.66411],[-73.97698,40.66425],[-73.97704,40.66438],[-73.97713,40.66452],[-73.97724,40.66465],[-73.97738,40.66477],[-73.97754,40.66489],[-73.97773,40.66501],[-73.97794,40.66513],[-73.98031,40.66627],[-73.98271,40.66744],[-73.98276,40.66746],[-73.98281,40.66748],[-73.98286,40.6675],[-73.9829,40.66753],[-73.98295,40.66755],[-73.98299,40.66757],[-73.98304,40.66759],[-73.98308,40.66761],[-73.98312,40.66764],[-73.98317,40.66766],[-73.98321,40.66768],[-73.98325,40.6677],[-73.98329,40.66772],[-73.98333,40.66774],[-73.98337,40.66776],[-73.98535,40.66877],[-73.98545,40.66881],[-73.98555,40.66885],[-73.98565,40.66888],[-73.98574,40.66892],[-73.98584,40.66895],[-73.98594,40.66898],[-73.98604,40.66901],[-73.98614,40.66904],[-73.98624,40.66906],[-73.98634,40.66908],[-73.98644,40.6691],[-73.98654,40.66912],[-73.98664,40.66913],[-73.98674,40.66915],[-73.98684,40.66916],[-73.98694,40.66918],[-73.98705,40.6692],[-73.98716,40.66922],[-73.98727,40.66924],[-73.98738,40.66927],[-73.98749,40.66929],[-73.9876,40.66933],[-73.98771,40.66936],[-73.98782,40.66939],[-73.98793,40.66943],[-73.98803,40.66947],[-73.98814,40.66951],[-73.98825,40.66955],[-73.98836,40.66959],[-73.98847,40.66964],[-73.98978,40.67027],[-73.99289,40.67177],[-73.99292,40.67179],[-73.99296,40.67181],[-73.99299,40.67183],[-73.99302,40.67184],[-73.99306,40.67186],[-73.99309,40.67188],[-73.99312,40.67189],[-73.99315,40.67191],[-73.99318,40.67193],[-73.99321,40.67194],[-73.99324,40.67196],[-73.99327,40.67198],[-73.9933,40.67199],[-73.99333,40.67201],[-73.99335,40.67202],[-73.99522,40.6731],[-73.99528,40.67314],[-73.99533,40.67317],[-73.99538,40.6732],[-73.99543,40.67323],[-73.99549,40.67326],[-73.99554,40.67329],[-73.99559,40.67332],[-73.99563,40.67336],[-73.99568,40.67339],[-73.99573,40.67342],[-73.99578,40.67345],[-73.99582,40.67348],[-73.99587,40.67351],[-73.99591,40.67355],[-73.99596,40.67358],[-73.99603,40.67363],[-73.9961,40.67368],[-73.99618,40.67374],[-73.99625,40.67379],[-73.99632,40.67385],[-73.99639,40.67391],[-73.99646,40.67396],[-73.99653,40.67402],[-73.9966,40.67408],[-73.99667,40.67415],[-73.99675,40.67421],[-73.99681,40.67427],[-73.99688,40.67434],[-73.99695,40.67441],[-73.99702,40.67447],[-73.99709,40.67455],[-73.99715,40.67462],[-73.9972,40.6747],[-73.99725,40.67478],[-73.99729,40.67486],[-73.99733,40.67494],[-73.99737,40.67502],[-73.9974,40.67511],[-73.99742,40.6752],[-73.99744,40.67529],[-73.99745,40.67538],[-73.99746,40.67547],[-73.99746,40.67557],[-73.99746,40.67566],[-73.99745,40.67576],[-73.99745,40.6758],[-73.99744,40.67585],[-73.99743,40.6759],[-73.99742,40.67594],[-73.9974,40.67599],[-73.99739,40.67603],[-73.99738,40.67608],[-73.99736,40.67612],[-73.99734,40.67617],[-73.99733,40.67621],[-73.99731,40.67626],[-73.99729,40.6763],[-73.99727,40.67635],[-73.99725,40.67639],[-73.99722,40.67644],[-73.99626,40.67844],[-73.99618,40.67859],[-73.9961,40.67874],[-73.99602,40.67889],[-73.99594,40.67903],[-73.99586,40.67917],[-73.99577,40.6793],[-73.99569,40.67943],[-73.99561,40.67956],[-73.99553,40.67968],[-73.99545,40.67979],[-73.99537,40.6799],[-73.99529,40.68001],[-73.99521,40.68011],[-73.99513,40.68021],[-73.99505,40.6803],[-73.99445,40.6809],[-73.9944,40.68097],[-73.99435,40.68103],[-73.9943,40.6811],[-73.99425,40.68117],[-73.9942,40.68123],[-73.99415,40.6813],[-73.9941,40.68137],[-73.99405,40.68144],[-73.994,40.68151],[-73.99395,40.68158],[-73.9939,40.68165],[-73.99385,40.68173],[-73.9938,40.6818],[-73.99375,40.68187],[-73.9937,40.68195],[-73.99086,40.68615],[-73.98894,40.68893],[-73.98774,40.6907],[-73.98758,40.69094],[-73.98756,40.69099],[-73.98753,40.69104],[-73.98751,40.69109],[-73.98749,40.69114],[-73.98747,40.69119],[-73.98745,40.69124],[-73.98744,40.69129],[-73.98742,40.69134],[-73.98741,40.69139],[-73.9874,40.69144],[-73.98739,40.69149],[-73.98739,40.69154],[-73.98738,40.69159],[-73.98738,40.69164],[-73.98738,40.6917],[-73.98734,40.69233],[-73.98734,40.69234],[-73.98734,40.69235],[-73.98728,40.69368],[-73.98728,40.69371],[-73.98727,40.69375],[-73.98727,40.69378],[-73.98727,40.69382],[-73.98726,40.69385],[-73.98726,40.69388],[-73.98726,40.69392],[-73.98726,40.69395],[-73.98725,40.69399],[-73.98725,40.69402],[-73.98724,40.69406],[-73.98724,40.69409],[-73.98723,40.69413],[-73.98723,40.69417],[-73.98723,40.6942],[-73.98721,40.69433],[-73.98721,40.69436],[-73.9872,40.69439],[-73.9872,40.69442],[-73.98719,40.69445],[-73.98719,40.69449],[-73.98719,40.69452],[-73.98718,40.69455],[-73.98718,40.69458],[-73.98718,40.69462],[-73.98718,40.69465],[-73.98717,40.69469],[-73.98717,40.69472],[-73.98717,40.69476],[-73.98717,40.69479],[-73.98717,40.69483],[-73.98704,40.6974],[-73.98689,40.69974],[-73.98659,40.7041],[-73.98658,40.70435],[-73.98659,40.70459],[-73.9866,40.70484],[-73.98664,40.70508],[-73.98668,40.70532],[-73.98674,40.70556],[-73.98681,40.7058],[-73.9869,40.70604],[-73.987,40.70628],[-73.98711,40.70652],[-73.98723,40.70675],[-73.98737,40.70699],[-73.98752,40.70722],[-73.98769,40.70745],[-73.98787,40.70768],[-73.98868,40.70877],[-73.98879,40.70891],[-73.9889,40.70907],[-73.989,40.70923],[-73.9891,40.7094],[-73.98919,40.70957],[-73.98928,40.70974],[-73.98937,40.70992],[-73.98944,40.7101],[-73.98952,40.71029],[-73.98959,40.71048],[-73.98965,40.71068],[-73.98971,40.71088],[-73.98977,40.71108],[-73.98982,40.71129],[-73.98987,40.7115],[-73.99007,40.71282],[-73.99008,40.71288],[-73.99009,40.71295],[-73.9901,40.71302],[-73.99011,40.71309],[-73.99012,40.71315],[-73.99013,40.71321],[-73.99013,40.71327],[-73.99014,40.71333],[-73.99015,40.71339],[-73.99015,40.71345],[-73.99016,40.71351],[-73.99016,40.71356],[-73.99017,40.71361],[-73.99017,40.71366],[-73.99017,40.71372],[-73.99018,40.71376],[-73.99018,40.7138],[-73.99018,40.71385],[-73.99019,40.71389],[-73.99019,40.71393],[-73.99019,40.71397],[-73.99019,40.71401],[-73.99019,40.71406],[-73.99019,40.7141],[-73.99019,40.71414],[-73.99019,40.71418],[-73.99018,40.71422],[-73.99018,40.71425],[-73.99018,40.71429],[-73.99017,40.71433],[-73.99016,40.71439],[-73.99015,40.71445],[-73.99014,40.71451],[-73.99013,40.71457],[-73.99011,40.71462],[-73.99009,40.71469],[-73.99008,40.71475],[-73.99005,40.71481],[-73.99003,40.71487],[-73.99001,40.71493],[-73.98998,40.71499],[-73.98995,40.71505],[-73.98992,40.71512],[-73.98989,40.71518],[-73.98985,40.71525],[-73.98811,40.71861],[-73.98693,40.72092],[-73.98685,40.7211],[-73.98679,40.72127],[-73.98675,40.72144],[-73.98673,40.72159],[-73.98673,40.72174],[-73.98675,40.72188],[-73.9868,40.72201],[-73.98686,40.72214],[-73.98695,40.72225],[-73.98706,40.72237],[-73.98719,40.72247],[-73.98734,40.72256],[-73.98751,40.72264],[-73.9877,40.72272],[-73.98792,40.72279],[-73.98994,40.7234],[-73.99255,40.72418],[-73.9962,40.7253],[-73.99664,40.72544],[-73.99675,40.72548],[-73.99686,40.72551],[-73.99696,40.72555],[-73.99707,40.72559],[-73.99717,40.72563],[-73.99727,40.72567],[-73.99737,40.72571],[-73.99747,40.72575],[-73.99757,40.72579],[-73.99766,40.72583],[-73.99776,40.72588],[-73.99785,40.72592],[-73.99794,40.72596],[-73.99803,40.726],[-73.99811,40.72605],[-74.0019,40.72791],[-74.00202,40.72797],[-74.00213,40.72803],[-74.00222,40.7281],[-74.0023,40.72817],[-74.00237,40.72825],[-74.00243,40.72833],[-74.00247,40.72841],[-74.00251,40.7285],[-74.00253,40.7286],[-74.00253,40.7287],[-74.00253,40.72881],[-74.00252,40.72892],[-74.00249,40.72903],[-74.00245,40.72915],[-74.0024,40.72928],[-74.00155,40.73082],[-74.00154,40.73085],[-74.00153,40.73087],[-74.00151,40.7309],[-74.0015,40.73092],[-74.00148,40.73095],[-74.00147,40.73098],[-74.00145,40.731],[-74.00144,40.73103],[-74.00142,40.73105],[-74.0014,40.73108],[-74.00138,40.73111],[-74.00137,40.73113],[-74.00135,40.73116],[-74.00133,40.73119],[-74.00131,40.73122],[-74.00051,40.73231],[-74.0005,40.73234],[-74.00048,40.73236],[-73.99978,40.73332],[-73.99621,40.73823],[-73.99282,40.74288],[-73.98782,40.74972],[-73.98457,40.75422],[-73.98133,40.75866],[-73.9797,40.76089],[-73.97745,40.76397],[-73.97564,40.76646],[-73.97564,40.76646],[-73.97543,40.76666],[-73.97521,40.76683],[-73.97498,40.76698],[-73.97474,40.76711],[-73.97449,40.7672],[-73.97422,40.76728],[-73.97395,40.76733],[-73.97366,40.76735],[-73.97336,40.76735],[-73.97305,40.76733],[-73.97273,40.76728],[-73.97239,40.7672],[-73.97205,40.7671],[-73.97169,40.76698],[-73.97133,40.76683],[-73.96611,40.76463],[-73.96456,40.76397],[-73.95771,40.76109],[-73.95767,40.76107],[-73.95762,40.76105],[-73.95758,40.76104],[-73.95754,40.76102],[-73.95751,40.761],[-73.95747,40.76099],[-73.95743,40.76097],[-73.95739,40.76095],[-73.95736,40.76094],[-73.95732,40.76092],[-73.95729,40.76091],[-73.95725,40.76089],[-73.95722,40.76088],[-73.95719,40.76086],[-73.95715,40.76085],[-73.95326,40.75914],[-73.94778,40.75672],[-73.94774,40.7567],[-73.94769,40.75668],[-73.94764,40.75666],[-73.9476,40.75664],[-73.94755,40.75662],[-73.94751,40.7566],[-73.94746,40.75657],[-73.94742,40.75655],[-73.94737,40.75653],[-73.94733,40.75651],[-73.94728,40.75648],[-73.94724,40.75646],[-73.9472,40.75644],[-73.94715,40.75642],[-73.94711,40.75639],[-73.94284,40.7542],[-73.94182,40.75368],[-73.94177,40.75365],[-73.94171,40.75362],[-73.94166,40.75359],[-73.9416,40.75357],[-73.94154,40.75353],[-73.94149,40.75351],[-73.94143,40.75348],[-73.94138,40.75345],[-73.94132,40.75342],[-73.94127,40.75339],[-73.94121,40.75335],[-73.94115,40.75332],[-73.9411,40.75329],[-73.94104,40.75326],[-73.94099,40.75323],[-73.93669,40.75095],[-73.93655,40.75087],[-73.9364,40.75081],[-73.93626,40.75076],[-73.93612,40.75072],[-73.93597,40.7507],[-73.93583,40.75068],[-73.93569,40.75068],[-73.93554,40.7507],[-73.9354,40.75072],[-73.93525,40.75076],[-73.93511,40.75081],[-73.93497,40.75087],[-73.93482,40.75094],[-73.93468,40.75103],[-73.93453,40.75113],[-73.93433,40.75126],[-73.93412,40.75138],[-73.9339,40.75149],[-73.93368,40.75159],[-73.93345,40.75168],[-73.93321,40.75176],[-73.93297,40.75182],[-73.93271,40.75188],[-73.93245,40.75192],[-73.93218,40.75196],[-73.93191,40.75198],[-73.93163,40.75199],[-73.92878,40.75204],[-73.92656,40.75207],[-73.92645,40.75208],[-73.92634,40.75208],[-73.92623,40.75209],[-73.92612,40.7521],[-73.92601,40.75211],[-73.9259,40.75212],[-73.9258,40.75213],[-73.92569,40.75215],[-73.92558,40.75216],[-73.92548,40.75218],[-73.92538,40.7522],[-73.92527,40.75222],[-73.92517,40.75224],[-73.92507,40.75226],[-73.92497,40.75229],[-73.91873,40.75365],[-73.91851,40.7537],[-73.91829,40.75374],[-73.91806,40.75377],[-73.91784,40.7538],[-73.91761,40.75382],[-73.91739,40.75384],[-73.91716,40.75385],[-73.91693,40.75385],[-73.9167,40.75385],[-73.91647,40.75384],[-73.91624,40.75383],[-73.91601,40.75381],[-73.91578,40.75379],[-73.91554,40.75375],[-73.91531,40.75372],[-73.91154,40.75308],[-73.91142,40.75307],[-73.9113,40.75305],[-73.91119,40.75304],[-73.91107,40.75303],[-73.91096,40.75303],[-73.91084,40.75302],[-73.91073,40.75302],[-73.91062,40.75301],[-73.91051,40.75301],[-73.91039,40.75301],[-73.91029,40.75302],[-73.91017,40.75302],[-73.91007,40.75303],[-73.90996,40.75303],[-73.90985,40.75304],[-73.90826,40.75321],[-73.90809,40.75322],[-73.90793,40.75323],[-73.90777,40.75323],[-73.90761,40.75323],[-73.90745,40.75322],[-73.9073,40.75321],[-73.90714,40.75319],[-73.90699,40.75317],[-73.90685,40.75314],[-73.9067,40.75311],[-73.90656,40.75307],[-73.90642,40.75303],[-73.90628,40.75299],[-73.90614,40.75294],[-73.90601,40.75288],[-73.89845,40.74967],[-73.89134,40.74664],[-73.88515,40.74401],[-73.8851,40.74399],[-73.88506,40.74397],[-73.88501,40.74395],[-73.88497,40.74393],[-73.88493,40.74391],[-73.88488,40.74389],[-73.88484,40.74387],[-73.8848,40.74385],[-73.88476,40.74383],[-73.88472,40.74381],[-73.88468,40.74379],[-73.88464,40.74377],[-73.8846,40.74376],[-73.88456,40.74374],[-73.88452,40.74372],[-73.88292,40.74293],[-73.88285,40.7429],[-73.88277,40.74286],[-73.88271,40.74283],[-73.88264,40.74279],[-73.88257,40.74276],[-73.88251,40.74273],[-73.88245,40.74269],[-73.88239,40.74266],[-73.88233,40.74263],[-73.88227,40.7426],[-73.88222,40.74257],[-73.88217,40.74254],[-73.88211,40.74251],[-73.88206,40.74248],[-73.88202,40.74245],[-73.88195,40.74242],[-73.88187,40.74238],[-73.8818,40.74234],[-73.88173,40.7423],[-73.88166,40.74226],[-73.88159,40.74222],[-73.88152,40.74217],[-73.88145,40.74213],[-73.88138,40.74209],[-73.88132,40.74204],[-73.88125,40.742],[-73.88118,40.74196],[-73.88111,40.74191],[-73.88104,40.74187],[-73.88098,40.74182],[-73.87942,40.74066],[-73.87936,40.74061],[-73.87929,40.74056],[-73.87923,40.74051],[-73.87918,40.74045],[-73.87912,40.74039],[-73.87906,40.74033],[-73.879,40.74026],[-73.87895,40.74019],[-73.8789,40.74012],[-73.87884,40.74005],[-73.87879,40.73998],[-73.87874,40.7399],[-73.8787,40.73982],[-73.87865,40.73974],[-73.8786,40.73965],[-73.87722,40.73701],[-73.87705,40.73671],[-73.87695,40.73651],[-73.87683,40.73633],[-73.87671,40.73615],[-73.87656,40.73598],[-73.87641,40.73581],[-73.87624,40.73566],[-73.87605,40.73551],[-73.87586,40.73537],[-73.87565,40.73523],[-73.87543,40.73511],[-73.87519,40.73499],[-73.87495,40.73488],[-73.87469,40.73477],[-73.87441,40.73468],[-73.87413,40.73459],[-73.87092,40.73365],[-73.87081,40.73361],[-73.87069,40.73358],[-73.87057,40.73354],[-73.87045,40.73351],[-73.87034,40.73347],[-73.87022,40.73344],[-73.87011,40.7334],[-73.87,40.73336],[-73.86988,40.73333],[-73.86977,40.73329],[-73.86966,40.73325],[-73.86955,40.73322],[-73.86944,40.73318],[-73.86934,40.73314],[-73.86923,40.73311],[-73.86906,40.73304],[-73.8689,40.73298],[-73.86874,40.73291],[-73.86858,40.73284],[-73.86843,40.73277],[-73.86827,40.73271],[-73.86813,40.73264],[-73.86798,40.73257],[-73.86784,40.7325],[-73.86771,40.73243],[-73.86757,40.73236],[-73.86744,40.73229],[-73.86732,40.73221],[-73.86719,40.73214],[-73.86707,40.73207],[-73.86695,40.73199],[-73.86681,40.73191],[-73.86668,40.73184],[-73.86653,40.73176],[-73.86639,40.73169],[-73.86624,40.73161],[-73.86609,40.73154],[-73.86593,40.73147],[-73.86577,40.7314],[-73.8656,40.73133],[-73.86543,40.73126],[-73.86526,40.73119],[-73.86508,40.73112],[-73.8649,40.73105],[-73.86471,40.73098],[-73.8616,40.72985],[-73.85438,40.72722],[-73.85428,40.72718],[-73.85418,40.72714],[-73.85408,40.7271],[-73.85398,40.72706],[-73.85388,40.72702],[-73.85377,40.72698],[-73.85367,40.72693],[-73.85355,40.72689],[-73.85344,40.72684],[-73.85333,40.72679],[-73.85321,40.72674],[-73.85309,40.72669],[-73.85297,40.72664],[-73.85285,40.72658],[-73.85272,40.72652],[-73.85254,40.72644],[-73.85236,40.72636],[-73.85219,40.72627],[-73.85201,40.72618],[-73.85185,40.72609],[-73.85169,40.72599],[-73.85153,40.7259],[-73.85138,40.7258],[-73.85123,40.7257],[-73.85108,40.7256],[-73.85094,40.72549],[-73.8508,40.72538],[-73.85067,40.72527],[-73.85054,40.72516],[-73.85042,40.72505],[-73.85025,40.72489],[-73.85008,40.72474],[-73.84991,40.72458],[-73.84974,40.72444],[-73.84956,40.72429],[-73.84937,40.72415],[-73.84918,40.72401],[-73.84899,40.72388],[-73.8488,40.72375],[-73.8486,40.72362],[-73.84839,40.72349],[-73.84819,40.72337],[-73.84798,40.72325],[-73.84776,40.72314],[-73.84754,40.72303],[-73.84452,40.72169],[-73.84142,40.72031],[-73.84133,40.72027],[-73.84124,40.72023],[-73.84115,40.72019],[-73.84105,40.72015],[-73.84096,40.72011],[-73.84087,40.72007],[-73.84079,40.72003],[-73.8407,40.71999],[-73.84061,40.71994],[-73.84052,40.7199],[-73.84043,40.71986],[-73.84034,40.71981],[-73.84026,40.71977],[-73.84017,40.71972],[-73.84009,40.71968],[-73.83732,40.71833],[-73.83575,40.71753],[-73.83561,40.71745],[-73.83546,40.71737],[-73.83532,40.71729],[-73.83518,40.71721],[-73.83504,40.71713],[-73.8349,40.71705],[-73.83476,40.71696],[-73.83462,40.71688],[-73.83448,40.71679],[-73.83435,40.7167],[-73.83421,40.71661],[-73.83408,40.71652],[-73.83395,40.71643],[-73.83382,40.71633],[-73.83369,40.71624],[-73.83345,40.71605],[-73.83329,40.71594],[-73.83314,40.71582],[-73.83298,40.71571],[-73.83283,40.7156],[-73.83267,40.71549],[-73.83251,40.71538],[-73.83235,40.71527],[-73.83219,40.71516],[-73.83202,40.71505],[-73.83186,40.71495],[-73.83169,40.71484],[-73.83152,40.71474],[-73.83135,40.71464],[-73.83118,40.71454],[-73.83101,40.71444],[-73.82834,40.71313],[-73.82827,40.71309],[-73.82819,40.71306],[-73.82811,40.71302],[-73.82803,40.71299],[-73.82795,40.71295],[-73.82787,40.71292],[-73.82779,40.71288],[-73.8277,40.71285],[-73.82762,40.71282],[-73.82753,40.71278],[-73.82744,40.71275],[-73.82736,40.71272],[-73.82727,40.71268],[-73.82718,40.71265],[-73.82708,40.71262],[-73.82247,40.71085],[-73.82232,40.71079],[-73.82217,40.71072],[-73.82202,40.71066],[-73.82189,40.71059],[-73.82176,40.71052],[-73.82163,40.71044],[-73.82152,40.71036],[-73.82141,40.71028],[-73.8213,40.71019],[-73.82121,40.71011],[-73.82112,40.71001],[-73.82104,40.70992],[-73.82096,40.70982],[-73.82089,40.70972],[-73.82083,40.70962],[-73.82057,40.70918],[-73.81948,40.7073],[-73.81838,40.70556],[-73.8182,40.70532],[-73.818,40.70511],[-73.81779,40.70492],[-73.81757,40.70475],[-73.81733,40.7046],[-73.81709,40.70448],[-73.81684,40.70438],[-73.81657,40.70431],[-73.8163,40.70425],[-73.81601,40.70422],[-73.81571,40.70421],[-73.8154,40.70423],[-73.81508,40.70427],[-73.81475,40.70433],[-73.81441,40.70441],[-73.81071,40.70546],[-73.80333,40.70756],[-73.79561,40.70976],[-73.79556,40.70977],[-73.7955,40.70979],[-73.79544,40.7098],[-73.79539,40.70982],[-73.79533,40.70984],[-73.79527,40.70985],[-73.79521,40.70987],[-73.79516,40.70989],[-73.7951,40.70991],[-73.79504,40.70993],[-73.79498,40.70995],[-73.79493,40.70997],[-73.79487,40.70999],[-73.79481,40.71001],[-73.79475,40.71003],[-73.7936,40.71047],[-73.79083,40.71149],[-73.79066,40.71155],[-73.79049,40.71161],[-73.79032,40.71167],[-73.79014,40.71172],[-73.78996,40.71176],[-73.78978,40.7118],[-73.78959,40.71184],[-73.7894,40.71187],[-73.78921,40.7119],[-73.78901,40.71193],[-73.78881,40.71195],[-73.78861,40.71197],[-73.78841,40.71198],[-73.7882,40.71199],[-73.78799,40.71199],[-73.78651,40.7121],[-73.78643,40.71211],[-73.78634,40.71212],[-73.78626,40.71213],[-73.78617,40.71214],[-73.78609,40.71215],[-73.786,40.71216],[-73.78592,40.71218],[-73.78584,40.71219],[-73.78575,40.7122],[-73.78567,40.71222],[-73.78559,40.71224],[-73.78551,40.71225],[-73.78543,40.71227],[-73.78535,40.71229],[-73.78527,40.71231],[-73.78382,40.71265]]}},{"type":"Feature","properties":{"route":"FX","color":"#EB6800"},"geometry":{"type":"LineString","coordinates":[[-73.78382,40.71265],[-73.78527,40.71231],[-73.78535,40.71229],[-73.78543,40.71227],[-73.78551,40.71225],[-73.78559,40.71224],[-73.78567,40.71222],[-73.78575,40.7122],[-73.78584,40.71219],[-73.78592,40.71218],[-73.786,40.71216],[-73.78609,40.71215],[-73.78617,40.71214],[-73.78626,40.71213],[-73.78634,40.71212],[-73.78643,40.71211],[-73.78651,40.7121],[-73.78799,40.71199],[-73.7882,40.71199],[-73.78841,40.71198],[-73.78861,40.71197],[-73.78881,40.71195],[-73.78901,40.71193],[-73.78921,40.7119],[-73.7894,40.71187],[-73.78959,40.71184],[-73.78978,40.7118],[-73.78996,40.71176],[-73.79014,40.71172],[-73.79032,40.71167],[-73.79049,40.71161],[-73.79066,40.71155],[-73.79083,40.71149],[-73.7936,40.71047],[-73.79475,40.71003],[-73.79481,40.71001],[-73.79487,40.70999],[-73.79493,40.70997],[-73.79498,40.70995],[-73.79504,40.70993],[-73.7951,40.70991],[-73.79516,40.70989],[-73.79521,40.70987],[-73.79527,40.70985],[-73.79533,40.70984],[-73.79539,40.70982],[-73.79544,40.7098],[-73.7955,40.70979],[-73.79556,40.70977],[-73.79561,40.70976],[-73.80333,40.70756],[-73.81071,40.70546],[-73.81441,40.70441],[-73.81475,40.70433],[-73.81508,40.70427],[-73.8154,40.70423],[-73.81571,40.70421],[-73.81601,40.70422],[-73.8163,40.70425],[-73.81657,40.70431],[-73.81684,40.70438],[-73.81709,40.70448],[-73.81733,40.7046],[-73.81757,40.70475],[-73.81779,40.70492],[-73.818,40.70511],[-73.8182,40.70532],[-73.81838,40.70556],[-73.81948,40.7073],[-73.82057,40.70918],[-73.82083,40.70962],[-73.82089,40.70972],[-73.82096,40.70982],[-73.82104,40.70992],[-73.82112,40.71001],[-73.82121,40.71011],[-73.8213,40.71019],[-73.82141,40.71028],[-73.82152,40.71036],[-73.82163,40.71044],[-73.82176,40.71052],[-73.82189,40.71059],[-73.82202,40.71066],[-73.82217,40.71072],[-73.82232,40.71079],[-73.82247,40.71085],[-73.82708,40.71262],[-73.82718,40.71265],[-73.82727,40.71268],[-73.82736,40.71272],[-73.82744,40.71275],[-73.82753,40.71278],[-73.82762,40.71282],[-73.8277,40.71285],[-73.82779,40.71288],[-73.82787,40.71292],[-73.82795,40.71295],[-73.82803,40.71299],[-73.82811,40.71302],[-73.82819,40.71306],[-73.82827,40.71309],[-73.82834,40.71313],[-73.83101,40.71444],[-73.83118,40.71454],[-73.83135,40.71464],[-73.83152,40.71474],[-73.83169,40.71484],[-73.83186,40.71495],[-73.83202,40.71505],[-73.83219,40.71516],[-73.83235,40.71527],[-73.83251,40.71538],[-73.83267,40.71549],[-73.83283,40.7156],[-73.83298,40.71571],[-73.83314,40.71582],[-73.83329,40.71594],[-73.83345,40.71605],[-73.83369,40.71624],[-73.83382,40.71633],[-73.83395,40.71643],[-73.83408,40.71652],[-73.83421,40.71661],[-73.83435,40.7167],[-73.83448,40.71679],[-73.83462,40.71688],[-73.83476,40.71696],[-73.8349,40.71705],[-73.83504,40.71713],[-73.83518,40.71721],[-73.83532,40.71729],[-73.83546,40.71737],[-73.83561,40.71745],[-73.83575,40.71753],[-73.83732,40.71833],[-73.84009,40.71968],[-73.84017,40.71972],[-73.84026,40.71977],[-73.84034,40.71981],[-73.84043,40.71986],[-73.84052,40.7199],[-73.84061,40.71994],[-73.8407,40.71999],[-73.84079,40.72003],[-73.84087,40.72007],[-73.84096,40.72011],[-73.84105,40.72015],[-73.84115,40.72019],[-73.84124,40.72023],[-73.84133,40.72027],[-73.84142,40.72031],[-73.84452,40.72169],[-73.84754,40.72303],[-73.84776,40.72314],[-73.84798,40.72325],[-73.84819,40.72337],[-73.84839,40.72349],[-73.8486,40.72362],[-73.8488,40.72375],[-73.84899,40.72388],[-73.84918,40.72401],[-73.84937,40.72415],[-73.84956,40.72429],[-73.84974,40.72444],[-73.84991,40.72458],[-73.85008,40.72474],[-73.85025,40.72489],[-73.85042,40.72505],[-73.85054,40.72516],[-73.85067,40.72527],[-73.8508,40.72538],[-73.85094,40.72549],[-73.85108,40.7256],[-73.85123,40.7257],[-73.85138,40.7258],[-73.85153,40.7259],[-73.85169,40.72599],[-73.85185,40.72609],[-73.85201,40.72618],[-73.85219,40.72627],[-73.85236,40.72636],[-73.85254,40.72644],[-73.85272,40.72652],[-73.85285,40.72658],[-73.85297,40.72664],[-73.85309,40.72669],[-73.85321,40.72674],[-73.85333,40.72679],[-73.85344,40.72684],[-73.85355,40.72689],[-73.85367,40.72693],[-73.85377,40.72698],[-73.85388,40.72702],[-73.85398,40.72706],[-73.85408,40.7271],[-73.85418,40.72714],[-73.85428,40.72718],[-73.85438,40.72722],[-73.8616,40.72985],[-73.86471,40.73098],[-73.8649,40.73105],[-73.86508,40.73112],[-73.86526,40.73119],[-73.86543,40.73126],[-73.8656,40.73133],[-73.86577,40.7314],[-73.86593,40.73147],[-73.86609,40.73154],[-73.86624,40.73161],[-73.86639,40.73169],[-73.86653,40.73176],[-73.86668,40.73184],[-73.86681,40.73191],[-73.86695,40.73199],[-73.86707,40.73207],[-73.86719,40.73214],[-73.86732,40.73221],[-73.86744,40.73229],[-73.86757,40.73236],[-73.86771,40.73243],[-73.86784,40.7325],[-73.86798,40.73257],[-73.86813,40.73264],[-73.86827,40.73271],[-73.86843,40.73277],[-73.86858,40.73284],[-73.86874,40.73291],[-73.8689,40.73298],[-73.86906,40.73304],[-73.86923,40.73311],[-73.86934,40.73314],[-73.86944,40.73318],[-73.86955,40.73322],[-73.86966,40.73325],[-73.86977,40.73329],[-73.86988,40.73333],[-73.87,40.73336],[-73.87011,40.7334],[-73.87022,40.73344],[-73.87034,40.73347],[-73.87045,40.73351],[-73.87057,40.73354],[-73.87069,40.73358],[-73.87081,40.73361],[-73.87092,40.73365],[-73.87413,40.73459],[-73.87441,40.73468],[-73.87469,40.73477],[-73.87495,40.73488],[-73.87519,40.73499],[-73.87543,40.73511],[-73.87565,40.73523],[-73.87586,40.73537],[-73.87605,40.73551],[-73.87624,40.73566],[-73.87641,40.73581],[-73.87656,40.73598],[-73.87671,40.73615],[-73.87683,40.73633],[-73.87695,40.73651],[-73.87705,40.73671],[-73.87722,40.73701],[-73.8786,40.73965],[-73.87865,40.73974],[-73.8787,40.73982],[-73.87874,40.7399],[-73.87879,40.73998],[-73.87884,40.74005],[-73.8789,40.74012],[-73.87895,40.74019],[-73.879,40.74026],[-73.87906,40.74033],[-73.87912,40.74039],[-73.87918,40.74045],[-73.87923,40.74051],[-73.87929,40.74056],[-73.87936,40.74061],[-73.87942,40.74066],[-73.88098,40.74182],[-73.88104,40.74187],[-73.88111,40.74191],[-73.88118,40.74196],[-73.88125,40.742],[-73.88132,40.74204],[-73.88138,40.74209],[-73.88145,40.74213],[-73.88152,40.74217],[-73.88159,40.74222],[-73.88166,40.74226],[-73.88173,40.7423],[-73.8818,40.74234],[-73.88187,40.74238],[-73.88195,40.74242],[-73.88202,40.74245],[-73.88206,40.74248],[-73.88211,40.74251],[-73.88217,40.74254],[-73.88222,40.74257],[-73.88227,40.7426],[-73.88233,40.74263],[-73.88239,40.74266],[-73.88245,40.74269],[-73.88251,40.74273],[-73.88257,40.74276],[-73.88264,40.74279],[-73.88271,40.74283],[-73.88277,40.74286],[-73.88285,40.7429],[-73.88292,40.74293],[-73.88452,40.74372],[-73.88456,40.74374],[-73.8846,40.74376],[-73.88464,40.74377],[-73.88468,40.74379],[-73.88472,40.74381],[-73.88476,40.74383],[-73.8848,40.74385],[-73.88484,40.74387],[-73.88488,40.74389],[-73.88493,40.74391],[-73.88497,40.74393],[-73.88501,40.74395],[-73.88506,40.74397],[-73.8851,40.74399],[-73.88515,40.74401],[-73.89134,40.74664],[-73.89845,40.74967],[-73.90601,40.75288],[-73.90614,40.75294],[-73.90628,40.75299],[-73.90642,40.75303],[-73.90656,40.75307],[-73.9067,40.75311],[-73.90685,40.75314],[-73.90699,40.75317],[-73.90714,40.75319],[-73.9073,40.75321],[-73.90745,40.75322],[-73.90761,40.75323],[-73.90777,40.75323],[-73.90793,40.75323],[-73.90809,40.75322],[-73.90826,40.75321],[-73.90985,40.75304],[-73.90996,40.75303],[-73.91007,40.75303],[-73.91017,40.75302],[-73.91029,40.75302],[-73.91039,40.75301],[-73.91051,40.75301],[-73.91062,40.75301],[-73.91073,40.75302],[-73.91084,40.75302],[-73.91096,40.75303],[-73.91107,40.75303],[-73.91119,40.75304],[-73.9113,40.75305],[-73.91142,40.75307],[-73.91154,40.75308],[-73.91531,40.75372],[-73.91554,40.75375],[-73.91578,40.75379],[-73.91601,40.75381],[-73.91624,40.75383],[-73.91647,40.75384],[-73.9167,40.75385],[-73.91693,40.75385],[-73.91716,40.75385],[-73.91739,40.75384],[-73.91761,40.75382],[-73.91784,40.7538],[-73.91806,40.75377],[-73.91829,40.75374],[-73.91851,40.7537],[-73.91873,40.75365],[-73.92497,40.75229],[-73.92507,40.75226],[-73.92517,40.75224],[-73.92527,40.75222],[-73.92538,40.7522],[-73.92548,40.75218],[-73.92558,40.75216],[-73.92569,40.75215],[-73.9258,40.75213],[-73.9259,40.75212],[-73.92601,40.75211],[-73.92612,40.7521],[-73.92623,40.75209],[-73.92634,40.75208],[-73.92645,40.75208],[-73.92656,40.75207],[-73.92878,40.75204],[-73.93163,40.75199],[-73.93191,40.75198],[-73.93218,40.75196],[-73.93245,40.75192],[-73.93271,40.75188],[-73.93297,40.75182],[-73.93321,40.75176],[-73.93345,40.75168],[-73.93368,40.75159],[-73.9339,40.75149],[-73.93412,40.75138],[-73.93433,40.75126],[-73.93453,40.75112],[-73.93494,40.7509],[-73.93532,40.75077],[-73.93578,40.75073],[-73.93634,40.75085],[-73.93671,40.75095],[-73.94284,40.7542],[-73.94711,40.75639],[-73.94715,40.75642],[-73.9472,40.75644],[-73.94724,40.75646],[-73.94728,40.75648],[-73.94733,40.75651],[-73.94737,40.75653],[-73.94742,40.75655],[-73.94746,40.75657],[-73.94751,40.7566],[-73.94755,40.75662],[-73.9476,40.75664],[-73.94764,40.75666],[-73.94769,40.75668],[-73.94774,40.7567],[-73.94778,40.75672],[-73.95326,40.75914],[-73.95715,40.76085],[-73.95719,40.76086],[-73.95722,40.76088],[-73.95725,40.76089],[-73.95729,40.76091],[-73.95732,40.76092],[-73.95736,40.76094],[-73.95739,40.76095],[-73.95743,40.76097],[-73.95747,40.76099],[-73.95751,40.761],[-73.95754,40.76102],[-73.95758,40.76104],[-73.95762,40.76105],[-73.95767,40.76107],[-73.95771,40.76109],[-73.96456,40.76397],[-73.96611,40.76463],[-73.97133,40.76683],[-73.97169,40.76698],[-73.97205,40.7671],[-73.97239,40.7672],[-73.97273,40.76728],[-73.97305,40.76733],[-73.97336,40.76735],[-73.97366,40.76735],[-73.97395,40.76733],[-73.97422,40.76728],[-73.97449,40.7672],[-73.97474,40.76711],[-73.97498,40.76698],[-73.97521,40.76683],[-73.97543,40.76666],[-73.97564,40.76646],[-73.97745,40.76397],[-73.9797,40.76089],[-73.98133,40.75866],[-73.98457,40.75422],[-73.98782,40.74972],[-73.99282,40.74288],[-73.99621,40.73823],[-73.99978,40.73332],[-74.00048,40.73236],[-74.0005,40.73234],[-74.00051,40.73231],[-74.00131,40.73122],[-74.00133,40.73119],[-74.00135,40.73116],[-74.00137,40.73113],[-74.00138,40.73111],[-74.0014,40.73108],[-74.00142,40.73105],[-74.00144,40.73103],[-74.00145,40.731],[-74.00147,40.73098],[-74.00148,40.73095],[-74.0015,40.73092],[-74.00151,40.7309],[-74.00153,40.73087],[-74.00154,40.73085],[-74.00155,40.73082],[-74.0024,40.72928],[-74.00245,40.72915],[-74.00249,40.72903],[-74.00252,40.72892],[-74.00253,40.72881],[-74.00253,40.7287],[-74.00253,40.7286],[-74.00251,40.7285],[-74.00247,40.72841],[-74.00243,40.72833],[-74.00237,40.72825],[-74.0023,40.72817],[-74.00222,40.7281],[-74.00213,40.72803],[-74.00202,40.72797],[-74.0019,40.72791],[-73.99811,40.72605],[-73.99803,40.726],[-73.99794,40.72596],[-73.99785,40.72592],[-73.99776,40.72588],[-73.99766,40.72583],[-73.99757,40.72579],[-73.99747,40.72575],[-73.99737,40.72571],[-73.99727,40.72567],[-73.99717,40.72563],[-73.99707,40.72559],[-73.99696,40.72555],[-73.99686,40.72551],[-73.99675,40.72548],[-73.99664,40.72544],[-73.9962,40.7253],[-73.99255,40.72418],[-73.98994,40.7234],[-73.98792,40.72279],[-73.9877,40.72272],[-73.98751,40.72264],[-73.98734,40.72256],[-73.98719,40.72247],[-73.98706,40.72237],[-73.98695,40.72225],[-73.98686,40.72214],[-73.9868,40.72201],[-73.98675,40.72188],[-73.98673,40.72174],[-73.98673,40.72159],[-73.98675,40.72144],[-73.98679,40.72127],[-73.98685,40.7211],[-73.98693,40.72092],[-73.98811,40.71861],[-73.98985,40.71525],[-73.98989,40.71518],[-73.98992,40.71512],[-73.98995,40.71505],[-73.98998,40.71499],[-73.99001,40.71493],[-73.99003,40.71487],[-73.99005,40.71481],[-73.99008,40.71475],[-73.99009,40.71469],[-73.99011,40.71462],[-73.99013,40.71457],[-73.99014,40.71451],[-73.99015,40.71445],[-73.99016,40.71439],[-73.99017,40.71433],[-73.99018,40.71429],[-73.99018,40.71425],[-73.99018,40.71422],[-73.99019,40.71418],[-73.99019,40.71414],[-73.99019,40.7141],[-73.99019,40.71406],[-73.99019,40.71401],[-73.99019,40.71397],[-73.99019,40.71393],[-73.99019,40.71389],[-73.99018,40.71385],[-73.99018,40.7138],[-73.99018,40.71376],[-73.99017,40.71372],[-73.99017,40.71366],[-73.99017,40.71361],[-73.99016,40.71356],[-73.99016,40.71351],[-73.99015,40.71345],[-73.99015,40.71339],[-73.99014,40.71333],[-73.99013,40.71327],[-73.99013,40.71321],[-73.99012,40.71315],[-73.99011,40.71309],[-73.9901,40.71302],[-73.99009,40.71295],[-73.99008,40.71288],[-73.99007,40.71282],[-73.98987,40.7115],[-73.98982,40.71129],[-73.98977,40.71108],[-73.98971,40.71088],[-73.98965,40.71068],[-73.98959,40.71048],[-73.98952,40.71029],[-73.98944,40.7101],[-73.98937,40.70992],[-73.98928,40.70974],[-73.98919,40.70957],[-73.9891,40.7094],[-73.989,40.70923],[-73.9889,40.70907],[-73.98879,40.70891],[-73.98868,40.70877],[-73.98787,40.70768],[-73.98769,40.70745],[-73.98752,40.70722],[-73.98737,40.70699],[-73.98723,40.70675],[-73.98711,40.70652],[-73.987,40.70628],[-73.9869,40.70604],[-73.98681,40.7058],[-73.98674,40.70556],[-73.98668,40.70532],[-73.98664,40.70508],[-73.9866,40.70484],[-73.98659,40.70459],[-73.98658,40.70435],[-73.98659,40.7041],[-73.98689,40.69974],[-73.98704,40.6974],[-73.98717,40.69483],[-73.98717,40.69479],[-73.98717,40.69476],[-73.98717,40.69472],[-73.98717,40.69469],[-73.98718,40.69465],[-73.98718,40.69462],[-73.98718,40.69458],[-73.98718,40.69455],[-73.98719,40.69452],[-73.98719,40.69449],[-73.98719,40.69445],[-73.9872,40.69442],[-73.9872,40.69439],[-73.98721,40.69436],[-73.98721,40.69433],[-73.98723,40.6942],[-73.98723,40.69417],[-73.98723,40.69413],[-73.98724,40.69409],[-73.98724,40.69406],[-73.98725,40.69402],[-73.98725,40.69399],[-73.98726,40.69395],[-73.98726,40.69392],[-73.98726,40.69388],[-73.98726,40.69385],[-73.98727,40.69382],[-73.98727,40.69378],[-73.98727,40.69375],[-73.98728,40.69371],[-73.98728,40.69368],[-73.98734,40.69235],[-73.98734,40.69234],[-73.98734,40.69233],[-73.98738,40.6917],[-73.98738,40.69164],[-73.98738,40.69159],[-73.98739,40.69154],[-73.98739,40.69149],[-73.9874,40.69144],[-73.98741,40.69139],[-73.98742,40.69134],[-73.98744,40.69129],[-73.98745,40.69124],[-73.98747,40.69119],[-73.98749,40.69114],[-73.98751,40.69109],[-73.98753,40.69104],[-73.98756,40.69099],[-73.98758,40.69094],[-73.98774,40.6907],[-73.98894,40.68893],[-73.99086,40.68615],[-73.9937,40.68195],[-73.99375,40.68187],[-73.9938,40.6818],[-73.99385,40.68173],[-73.9939,40.68165],[-73.99395,40.68158],[-73.994,40.68151],[-73.99405,40.68144],[-73.9941,40.68137],[-73.99415,40.6813],[-73.9942,40.68123],[-73.99425,40.68117],[-73.9943,40.6811],[-73.99435,40.68103],[-73.9944,40.68097],[-73.99445,40.6809],[-73.99505,40.6803],[-73.99513,40.68021],[-73.99521,40.68011],[-73.99529,40.68001],[-73.99537,40.6799],[-73.99545,40.67979],[-73.99553,40.67968],[-73.99561,40.67956],[-73.99569,40.67943],[-73.99577,40.6793],[-73.99586,40.67917],[-73.99594,40.67903],[-73.99602,40.67889],[-73.9961,40.67874],[-73.99618,40.67859],[-73.99626,40.67844],[-73.99722,40.67644],[-73.99725,40.67639],[-73.99727,40.67635],[-73.99729,40.6763],[-73.99731,40.67626],[-73.99733,40.67621],[-73.99734,40.67617],[-73.99736,40.67612],[-73.99738,40.67608],[-73.99739,40.67603],[-73.9974,40.67599],[-73.99742,40.67594],[-73.99743,40.6759],[-73.99744,40.67585],[-73.99745,40.6758],[-73.99745,40.67576],[-73.99746,40.67566],[-73.99746,40.67557],[-73.99746,40.67547],[-73.99745,40.67538],[-73.99744,40.67529],[-73.99742,40.6752],[-73.9974,40.67511],[-73.99737,40.67502],[-73.99733,40.67494],[-73.99729,40.67486],[-73.99725,40.67478],[-73.9972,40.6747],[-73.99715,40.67462],[-73.99709,40.67455],[-73.99702,40.67447],[-73.99695,40.67441],[-73.99688,40.67434],[-73.99681,40.67427],[-73.99675,40.67421],[-73.99667,40.67415],[-73.9966,40.67408],[-73.99653,40.67402],[-73.99646,40.67396],[-73.99639,40.67391],[-73.99632,40.67385],[-73.99625,40.67379],[-73.99618,40.67374],[-73.9961,40.67368],[-73.99603,40.67363],[-73.99596,40.67358],[-73.99591,40.67355],[-73.99587,40.67351],[-73.99582,40.67348],[-73.99578,40.67345],[-73.99573,40.67342],[-73.99568,40.67339],[-73.99563,40.67336],[-73.99559,40.67332],[-73.99554,40.67329],[-73.99549,40.67326],[-73.99543,40.67323],[-73.99538,40.6732],[-73.99533,40.67317],[-73.99528,40.67314],[-73.99522,40.6731],[-73.99335,40.67202],[-73.99333,40.67201],[-73.9933,40.67199],[-73.99327,40.67198],[-73.99324,40.67196],[-73.99321,40.67194],[-73.99318,40.67193],[-73.99315,40.67191],[-73.99312,40.67189],[-73.99309,40.67188],[-73.99306,40.67186],[-73.99302,40.67184],[-73.99299,40.67183],[-73.99296,40.67181],[-73.99292,40.67179],[-73.99289,40.67177],[-73.98978,40.67027],[-73.98847,40.66964],[-73.98836,40.66959],[-73.98825,40.66955],[-73.98814,40.66951],[-73.98803,40.66947],[-73.98793,40.66943],[-73.98782,40.66939],[-73.98771,40.66936],[-73.9876,40.66933],[-73.98749,40.66929],[-73.98738,40.66927],[-73.98727,40.66924],[-73.98716,40.66922],[-73.98705,40.6692],[-73.98694,40.66918],[-73.98684,40.66916],[-73.98674,40.66915],[-73.98664,40.66913],[-73.98654,40.66912],[-73.98644,40.6691],[-73.98634,40.66908],[-73.98624,40.66906],[-73.98614,40.66904],[-73.98604,40.66901],[-73.98594,40.66898],[-73.98584,40.66895],[-73.98574,40.66892],[-73.98565,40.66888],[-73.98555,40.66885],[-73.98545,40.66881],[-73.98535,40.66877],[-73.98337,40.66776],[-73.98333,40.66774],[-73.98329,40.66772],[-73.98325,40.6677],[-73.98321,40.66768],[-73.98317,40.66766],[-73.98312,40.66764],[-73.98308,40.66761],[-73.98304,40.66759],[-73.98299,40.66757],[-73.98295,40.66755],[-73.9829,40.66753],[-73.98286,40.6675],[-73.98281,40.66748],[-73.98276,40.66746],[-73.98271,40.66744],[-73.98031,40.66627],[-73.97794,40.66513],[-73.97775,40.66504],[-73.97757,40.66494],[-73.9774,40.66483],[-73.97724,40.66471],[-73.9771,40.66458],[-73.97696,40.66445],[-73.97684,40.6643],[-73.97673,40.66415],[-73.97663,40.66399],[-73.97654,40.66382],[-73.97646,40.66364],[-73.97639,40.66345],[-73.97634,40.66325],[-73.9763,40.66305],[-73.97627,40.66284],[-73.97601,40.65952],[-73.97601,40.65937],[-73.97602,40.65922],[-73.97603,40.65906],[-73.97604,40.65891],[-73.97606,40.65875],[-73.97608,40.6586],[-73.9761,40.65844],[-73.97612,40.65829],[-73.97615,40.65813],[-73.97618,40.65798],[-73.97622,40.65782],[-73.97625,40.65767],[-73.97629,40.65751],[-73.97634,40.65736],[-73.97638,40.6572],[-73.97641,40.65706],[-73.97644,40.65691],[-73.97646,40.65677],[-73.97648,40.65662],[-73.97649,40.65647],[-73.9765,40.65632],[-73.97651,40.65617],[-73.97651,40.65601],[-73.97651,40.65586],[-73.97651,40.6557],[-73.9765,40.65554],[-73.97649,40.65538],[-73.97648,40.65522],[-73.97646,40.65506],[-73.97644,40.6549],[-73.97595,40.65229],[-73.97593,40.65217],[-73.97591,40.65206],[-73.97589,40.65194],[-73.97588,40.65183],[-73.97586,40.65172],[-73.97585,40.65162],[-73.97584,40.65152],[-73.97583,40.65142],[-73.97581,40.65132],[-73.97581,40.65122],[-73.9758,40.65113],[-73.97579,40.65104],[-73.97579,40.65095],[-73.97578,40.65087],[-73.97578,40.65078],[-73.97579,40.65055],[-73.97581,40.65032],[-73.97585,40.65011],[-73.9759,40.6499],[-73.97596,40.64971],[-73.97604,40.64952],[-73.97613,40.64935],[-73.97623,40.64919],[-73.97634,40.64904],[-73.97647,40.6489],[-73.97661,40.64877],[-73.97677,40.64865],[-73.97693,40.64854],[-73.97711,40.64844],[-73.97731,40.64835],[-73.97866,40.64781],[-73.97886,40.64771],[-73.97905,40.64759],[-73.97922,40.64747],[-73.97938,40.64734],[-73.97951,40.6472],[-73.97963,40.64706],[-73.97973,40.64691],[-73.97982,40.64675],[-73.97989,40.64658],[-73.97994,40.6464],[-73.97997,40.64621],[-73.97999,40.64602],[-73.97998,40.64582],[-73.97997,40.64561],[-73.97993,40.6454],[-73.97968,40.64404],[-73.97931,40.64212],[-73.9793,40.64207],[-73.97929,40.64201],[-73.97929,40.64196],[-73.97928,40.64191],[-73.97927,40.64186],[-73.97926,40.64181],[-73.97925,40.64176],[-73.97924,40.64171],[-73.97924,40.64166],[-73.97923,40.64161],[-73.97922,40.64156],[-73.97922,40.64151],[-73.97921,40.64146],[-73.97921,40.64142],[-73.9792,40.64137],[-73.97915,40.64082],[-73.97914,40.64077],[-73.97914,40.64073],[-73.97913,40.64068],[-73.97913,40.64063],[-73.97912,40.64059],[-73.97912,40.64055],[-73.97911,40.6405],[-73.97911,40.64046],[-73.9791,40.64042],[-73.97909,40.64038],[-73.97909,40.64034],[-73.97908,40.6403],[-73.97907,40.64026],[-73.97906,40.64022],[-73.97906,40.64019],[-73.97876,40.63864],[-73.97875,40.6386],[-73.97874,40.63855],[-73.97873,40.6385],[-73.97872,40.63845],[-73.97871,40.6384],[-73.9787,40.63835],[-73.97869,40.6383],[-73.97868,40.63825],[-73.97867,40.6382],[-73.97866,40.63815],[-73.97865,40.6381],[-73.97863,40.63805],[-73.97862,40.638],[-73.97861,40.63795],[-73.97859,40.63789],[-73.97856,40.63778],[-73.97853,40.63767],[-73.9785,40.63757],[-73.97847,40.63746],[-73.97844,40.63736],[-73.97842,40.63726],[-73.9784,40.63717],[-73.97837,40.63708],[-73.97835,40.63699],[-73.97833,40.63691],[-73.97831,40.63682],[-73.97829,40.63674],[-73.97828,40.63667],[-73.97826,40.6366],[-73.97825,40.63653],[-73.97817,40.63612],[-73.97697,40.62976],[-73.97613,40.62532],[-73.97526,40.62077],[-73.9742,40.61514],[-73.97302,40.60894],[-73.9723,40.60514],[-73.97228,40.60506],[-73.97227,40.60498],[-73.97226,40.6049],[-73.97225,40.60483],[-73.97224,40.60475],[-73.97224,40.60468],[-73.97223,40.6046],[-73.97223,40.60453],[-73.97223,40.60446],[-73.97223,40.60439],[-73.97223,40.60432],[-73.97223,40.60425],[-73.97223,40.60418],[-73.97224,40.60412],[-73.97225,40.60405],[-73.97236,40.60322],[-73.97336,40.59606],[-73.97407,40.59102],[-73.97408,40.59094],[-73.97409,40.59085],[-73.9741,40.59076],[-73.97412,40.59067],[-73.97413,40.59058],[-73.97414,40.59049],[-73.97416,40.5904],[-73.97417,40.5903],[-73.97418,40.59021],[-73.97419,40.59011],[-73.9742,40.59002],[-73.97422,40.58992],[-73.97423,40.58982],[-73.97424,40.58972],[-73.97425,40.58962],[-73.97426,40.58953],[-73.97427,40.58945],[-73.97427,40.58937],[-73.97428,40.58929],[-73.97429,40.58921],[-73.97429,40.58913],[-73.9743,40.58905],[-73.9743,40.58898],[-73.97431,40.58891],[-73.97431,40.58884],[-73.97432,40.58877],[-73.97432,40.5887],[-73.97432,40.58863],[-73.97432,40.58857],[-73.97433,40.58851],[-73.97463,40.5833],[-73.97463,40.58326],[-73.97463,40.58322],[-73.97463,40.58318],[-73.97463,40.58314],[-73.97463,40.58311],[-73.97463,40.58307],[-73.97463,40.58303],[-73.97463,40.58299],[-73.97462,40.58296],[-73.97462,40.58292],[-73.97462,40.58289],[-73.97461,40.58285],[-73.97461,40.58282],[-73.97461,40.58279],[-73.9746,40.58275],[-73.97454,40.58225],[-73.97454,40.58222],[-73.97453,40.58219],[-73.97453,40.58217],[-73.97452,40.58214],[-73.97452,40.58211],[-73.97452,40.58208],[-73.97452,40.58205],[-73.97452,40.58203],[-73.97451,40.582],[-73.97451,40.58197],[-73.97451,40.58195],[-73.97451,40.58192],[-73.97451,40.5819],[-73.97451,40.58187],[-73.97452,40.58184],[-73.97457,40.58101],[-73.97471,40.57908],[-73.97471,40.57904],[-73.97471,40.579],[-73.97472,40.57896],[-73.97472,40.57892],[-73.97472,40.57888],[-73.97472,40.57884],[-73.97472,40.57879],[-73.97472,40.57876],[-73.97472,40.57871],[-73.97472,40.57867],[-73.97471,40.57863],[-73.97471,40.57859],[-73.97471,40.57855],[-73.9747,40.57851],[-73.9747,40.57847],[-73.97453,40.57709],[-73.97453,40.57703],[-73.97453,40.57697],[-73.97453,40.57691],[-73.97454,40.57685],[-73.97456,40.5768],[-73.97458,40.57675],[-73.9746,40.5767],[-73.97463,40.57666],[-73.97467,40.57662],[-73.97471,40.57658],[-73.97475,40.57655],[-73.9748,40.57651],[-73.97486,40.57648],[-73.97492,40.57645],[-73.97498,40.57643],[-73.97594,40.57613],[-73.97662,40.57591],[-73.97672,40.57588],[-73.97682,40.57586],[-73.97692,40.57584],[-73.97701,40.57582],[-73.97711,40.5758],[-73.97721,40.57579],[-73.97731,40.57577],[-73.97741,40.57576],[-73.97751,40.57576],[-73.9776,40.57575],[-73.9777,40.57575],[-73.9778,40.57575],[-73.9779,40.57576],[-73.97799,40.57576],[-73.97809,40.57577],[-73.98009,40.57604],[-73.98021,40.57606],[-73.98032,40.57608],[-73.98042,40.57611],[-73.98052,40.57613],[-73.98061,40.57617],[-73.98069,40.5762],[-73.98076,40.57623],[-73.98083,40.57628],[-73.98089,40.57632],[-73.98094,40.57636],[-73.98098,40.57641],[-73.98102,40.57646],[-73.98105,40.57652],[-73.98107,40.57657],[-73.98108,40.57664],[-73.98123,40.57742]]}},{"type":"Feature","properties":{"route":"FX","color":"#EB6800"},"geometry":{"type":"LineString","coordinates":[[-73.98123,40.57742],[-73.98108,40.57664],[-73.98107,40.57657],[-73.98105,40.57652],[-73.98102,40.57646],[-73.98098,40.57641],[-73.98094,40.57636],[-73.98089,40.57632],[-73.98083,40.57628],[-73.98076,40.57623],[-73.98069,40.5762],[-73.98061,40.57617],[-73.98052,40.57613],[-73.98042,40.57611],[-73.98032,40.57608],[-73.98021,40.57606],[-73.98009,40.57604],[-73.97809,40.57577],[-73.97799,40.57576],[-73.9779,40.57576],[-73.9778,40.57575],[-73.9777,40.57575],[-73.9776,40.57575],[-73.97751,40.57576],[-73.97741,40.57576],[-73.97731,40.57577],[-73.97721,40.57579],[-73.97711,40.5758],[-73.97701,40.57582],[-73.97692,40.57584],[-73.97682,40.57586],[-73.97672,40.57588],[-73.97662,40.57591],[-73.97594,40.57613],[-73.97498,40.57643],[-73.97492,40.57645],[-73.97486,40.57648],[-73.9748,40.57651],[-73.97475,40.57655],[-73.97471,40.57658],[-73.97467,40.57662],[-73.97463,40.57666],[-73.9746,40.5767],[-73.97458,40.57675],[-73.97456,40.5768],[-73.97454,40.57685],[-73.97453,40.57691],[-73.97453,40.57697],[-73.97453,40.57703],[-73.97453,40.57709],[-73.9747,40.57847],[-73.9747,40.57851],[-73.97471,40.57855],[-73.97471,40.57859],[-73.97471,40.57863],[-73.97472,40.57867],[-73.97472,40.57871],[-73.97472,40.57876],[-73.97472,40.57879],[-73.97472,40.57884],[-73.97472,40.57888],[-73.97472,40.57892],[-73.97472,40.57896],[-73.97471,40.579],[-73.97471,40.57904],[-73.97471,40.57908],[-73.97457,40.58101],[-73.97452,40.58184],[-73.97451,40.58187],[-73.97451,40.5819],[-73.97451,40.58192],[-73.97451,40.58195],[-73.97451,40.58197],[-73.97451,40.582],[-73.97452,40.58203],[-73.97452,40.58205],[-73.97452,40.58208],[-73.97452,40.58211],[-73.97452,40.58214],[-73.97453,40.58217],[-73.97453,40.58219],[-73.97454,40.58222],[-73.97454,40.58225],[-73.9746,40.58275],[-73.97461,40.58279],[-73.97461,40.58282],[-73.97461,40.58285],[-73.97462,40.58289],[-73.97462,40.58292],[-73.97462,40.58296],[-73.97463,40.58299],[-73.97463,40.58303],[-73.97463,40.58307],[-73.97463,40.58311],[-73.97463,40.58314],[-73.97463,40.58318],[-73.97463,40.58322],[-73.97463,40.58326],[-73.97463,40.5833],[-73.97433,40.58851],[-73.97432,40.58857],[-73.97432,40.58863],[-73.97432,40.5887],[-73.97432,40.58877],[-73.97431,40.58884],[-73.97431,40.58891],[-73.9743,40.58898],[-73.9743,40.58905],[-73.97429,40.58913],[-73.97429,40.58921],[-73.97428,40.58929],[-73.97427,40.58937],[-73.97427,40.58945],[-73.97426,40.58953],[-73.97425,40.58962],[-73.97424,40.58972],[-73.97423,40.58982],[-73.97422,40.58992],[-73.9742,40.59002],[-73.97419,40.59011],[-73.97418,40.59021],[-73.97417,40.5903],[-73.97416,40.5904],[-73.97414,40.59049],[-73.97413,40.59058],[-73.97412,40.59067],[-73.9741,40.59076],[-73.97409,40.59085],[-73.97408,40.59094],[-73.97407,40.59102],[-73.97336,40.59606],[-73.97236,40.60322],[-73.97225,40.60405],[-73.97224,40.60412],[-73.97223,40.60418],[-73.97223,40.60425],[-73.97223,40.60432],[-73.97223,40.60439],[-73.97223,40.60446],[-73.97223,40.60453],[-73.97223,40.6046],[-73.97224,40.60468],[-73.97224,40.60475],[-73.97225,40.60483],[-73.97226,40.6049],[-73.97227,40.60498],[-73.97228,40.60506],[-73.9723,40.60514],[-73.97302,40.60894],[-73.9742,40.61514],[-73.97526,40.62077],[-73.97613,40.62532],[-73.97697,40.62976],[-73.97817,40.63612],[-73.97825,40.63653],[-73.97826,40.6366],[-73.97828,40.63667],[-73.97829,40.63674],[-73.97831,40.63682],[-73.97833,40.63691],[-73.97835,40.63699],[-73.97837,40.63708],[-73.9784,40.63717],[-73.97842,40.63726],[-73.97844,40.63736],[-73.97847,40.63746],[-73.9785,40.63757],[-73.97853,40.63767],[-73.97856,40.63778],[-73.97859,40.63789],[-73.97861,40.63795],[-73.97862,40.638],[-73.97863,40.63805],[-73.97865,40.6381],[-73.97866,40.63815],[-73.97867,40.6382],[-73.97868,40.63825],[-73.97869,40.6383],[-73.9787,40.63835],[-73.97871,40.6384],[-73.97872,40.63845],[-73.97873,40.6385],[-73.97874,40.63855],[-73.97875,40.6386],[-73.97876,40.63864],[-73.97906,40.64019],[-73.97906,40.64022],[-73.97907,40.64026],[-73.97908,40.6403],[-73.97909,40.64034],[-73.97909,40.64038],[-73.9791,40.64042],[-73.97911,40.64046],[-73.97911,40.6405],[-73.97912,40.64055],[-73.97912,40.64059],[-73.97913,40.64063],[-73.97913,40.64068],[-73.97914,40.64073],[-73.97914,40.64077],[-73.97915,40.64082],[-73.9792,40.64137],[-73.97921,40.64142],[-73.97921,40.64146],[-73.97922,40.64151],[-73.97922,40.64156],[-73.97923,40.64161],[-73.97924,40.64166],[-73.97924,40.64171],[-73.97925,40.64176],[-73.97926,40.64181],[-73.97927,40.64186],[-73.97928,40.64191],[-73.97929,40.64196],[-73.97929,40.64201],[-73.9793,40.64207],[-73.97931,40.64212],[-73.97968,40.64404],[-73.97993,40.6454],[-73.97997,40.64561],[-73.97998,40.64582],[-73.97999,40.64602],[-73.97997,40.64621],[-73.97994,40.6464],[-73.97989,40.64658],[-73.97982,40.64675],[-73.97973,40.64691],[-73.97963,40.64706],[-73.97951,40.6472],[-73.97938,40.64734],[-73.97922,40.64747],[-73.97905,40.64759],[-73.97886,40.64771],[-73.97866,40.64781],[-73.97731,40.64835],[-73.97711,40.64844],[-73.97693,40.64854],[-73.97677,40.64865],[-73.97661,40.64877],[-73.97647,40.6489],[-73.97634,40.64904],[-73.97623,40.64919],[-73.97613,40.64935],[-73.97604,40.64952],[-73.97596,40.64971],[-73.9759,40.6499],[-73.97585,40.65011],[-73.97581,40.65032],[-73.97579,40.65055],[-73.97578,40.65078],[-73.97578,40.65087],[-73.97579,40.65095],[-73.97579,40.65104],[-73.9758,40.65113],[-73.97581,40.65122],[-73.97581,40.65132],[-73.97583,40.65142],[-73.97584,40.65152],[-73.97585,40.65162],[-73.97586,40.65172],[-73.97588,40.65183],[-73.97589,40.65194],[-73.97591,40.65206],[-73.97593,40.65217],[-73.97595,40.65229],[-73.97644,40.6549],[-73.97646,40.65506],[-73.97648,40.65522],[-73.97649,40.65538],[-73.9765,40.65554],[-73.97651,40.6557],[-73.97651,40.65586],[-73.97651,40.65601],[-73.97651,40.65617],[-73.9765,40.65632],[-73.97649,40.65647],[-73.97648,40.65662],[-73.97646,40.65677],[-73.97644,40.65691],[-73.97641,40.65706],[-73.97638,40.6572],[-73.97634,40.65736],[-73.97629,40.65751],[-73.97625,40.65767],[-73.97622,40.65782],[-73.97618,40.65798],[-73.97615,40.65813],[-73.97612,40.65829],[-73.9761,40.65844],[-73.97608,40.6586],[-73.97606,40.65875],[-73.97604,40.65891],[-73.97603,40.65906],[-73.97602,40.65922],[-73.97601,40.65937],[-73.97601,40.65952],[-73.97627,40.66284],[-73.9763,40.66305],[-73.97634,40.66325],[-73.97639,40.66345],[-73.97646,40.66364],[-73.97654,40.66382],[-73.97663,40.66399],[-73.97673,40.66415],[-73.97684,40.6643],[-73.97696,40.66445],[-73.9771,40.66458],[-73.97724,40.66471],[-73.9774,40.66483],[-73.97757,40.66494],[-73.97775,40.66504],[-73.97794,40.66513],[-73.98031,40.66627],[-73.98271,40.66744],[-73.98276,40.66746],[-73.98281,40.66748],[-73.98286,40.6675],[-73.9829,40.66753],[-73.98295,40.66755],[-73.98299,40.66757],[-73.98304,40.66759],[-73.98308,40.66761],[-73.98312,40.66764],[-73.98317,40.66766],[-73.98321,40.66768],[-73.98325,40.6677],[-73.98329,40.66772],[-73.98333,40.66774],[-73.98337,40.66776],[-73.98535,40.66877],[-73.98545,40.66881],[-73.98555,40.66885],[-73.98565,40.66888],[-73.98574,40.66892],[-73.98584,40.66895],[-73.98594,40.66898],[-73.98604,40.66901],[-73.98614,40.66904],[-73.98624,40.66906],[-73.98634,40.66908],[-73.98644,40.6691],[-73.98654,40.66912],[-73.98664,40.66913],[-73.98674,40.66915],[-73.98684,40.66916],[-73.98694,40.66918],[-73.98705,40.6692],[-73.98716,40.66922],[-73.98727,40.66924],[-73.98738,40.66927],[-73.98749,40.66929],[-73.9876,40.66933],[-73.98771,40.66936],[-73.98782,40.66939],[-73.98793,40.66943],[-73.98803,40.66947],[-73.98814,40.66951],[-73.98825,40.66955],[-73.98836,40.66959],[-73.98847,40.66964],[-73.98978,40.67027],[-73.99289,40.67177],[-73.99292,40.67179],[-73.99296,40.67181],[-73.99299,40.67183],[-73.99302,40.67184],[-73.99306,40.67186],[-73.99309,40.67188],[-73.99312,40.67189],[-73.99315,40.67191],[-73.99318,40.67193],[-73.99321,40.67194],[-73.99324,40.67196],[-73.99327,40.67198],[-73.9933,40.67199],[-73.99333,40.67201],[-73.99335,40.67202],[-73.99522,40.6731],[-73.99528,40.67314],[-73.99533,40.67317],[-73.99538,40.6732],[-73.99543,40.67323],[-73.99549,40.67326],[-73.99554,40.67329],[-73.99559,40.67332],[-73.99563,40.67336],[-73.99568,40.67339],[-73.99573,40.67342],[-73.99578,40.67345],[-73.99582,40.67348],[-73.99587,40.67351],[-73.99591,40.67355],[-73.99596,40.67358],[-73.99603,40.67363],[-73.9961,40.67368],[-73.99618,40.67374],[-73.99625,40.67379],[-73.99632,40.67385],[-73.99639,40.67391],[-73.99646,40.67396],[-73.99653,40.67402],[-73.9966,40.67408],[-73.99667,40.67415],[-73.99675,40.67421],[-73.99681,40.67427],[-73.99688,40.67434],[-73.99695,40.67441],[-73.99702,40.67447],[-73.99709,40.67455],[-73.99715,40.67462],[-73.9972,40.6747],[-73.99725,40.67478],[-73.99729,40.67486],[-73.99733,40.67494],[-73.99737,40.67502],[-73.9974,40.67511],[-73.99742,40.6752],[-73.99744,40.67529],[-73.99745,40.67538],[-73.99746,40.67547],[-73.99746,40.67557],[-73.99746,40.67566],[-73.99745,40.67576],[-73.99745,40.6758],[-73.99744,40.67585],[-73.99743,40.6759],[-73.99742,40.67594],[-73.9974,40.67599],[-73.99739,40.67603],[-73.99738,40.67608],[-73.99736,40.67612],[-73.99734,40.67617],[-73.99733,40.67621],[-73.99731,40.67626],[-73.99729,40.6763],[-73.99727,40.67635],[-73.99725,40.67639],[-73.99722,40.67644],[-73.99626,40.67844],[-73.99618,40.67859],[-73.9961,40.67874],[-73.99602,40.67889],[-73.99594,40.67903],[-73.99586,40.67917],[-73.99577,40.6793],[-73.99569,40.67943],[-73.99561,40.67956],[-73.99553,40.67968],[-73.99545,40.67979],[-73.99537,40.6799],[-73.99529,40.68001],[-73.99521,40.68011],[-73.99513,40.68021],[-73.99505,40.6803],[-73.99445,40.6809],[-73.9944,40.68097],[-73.99435,40.68103],[-73.9943,40.6811],[-73.99425,40.68117],[-73.9942,40.68123],[-73.99415,40.6813],[-73.9941,40.68137],[-73.99405,40.68144],[-73.994,40.68151],[-73.99395,40.68158],[-73.9939,40.68165],[-73.99385,40.68173],[-73.9938,40.6818],[-73.99375,40.68187],[-73.9937,40.68195],[-73.99086,40.68615],[-73.98894,40.68893],[-73.98774,40.6907],[-73.98758,40.69094],[-73.98756,40.69099],[-73.98753,40.69104],[-73.98751,40.69109],[-73.98749,40.69114],[-73.98747,40.69119],[-73.98745,40.69124],[-73.98744,40.69129],[-73.98742,40.69134],[-73.98741,40.69139],[-73.9874,40.69144],[-73.98739,40.69149],[-73.98739,40.69154],[-73.98738,40.69159],[-73.98738,40.69164],[-73.98738,40.6917],[-73.98734,40.69233],[-73.98734,40.69234],[-73.98734,40.69235],[-73.98728,40.69368],[-73.98728,40.69371],[-73.98727,40.69375],[-73.98727,40.69378],[-73.98727,40.69382],[-73.98726,40.69385],[-73.98726,40.69388],[-73.98726,40.69392],[-73.98726,40.69395],[-73.98725,40.69399],[-73.98725,40.69402],[-73.98724,40.69406],[-73.98724,40.69409],[-73.98723,40.69413],[-73.98723,40.69417],[-73.98723,40.6942],[-73.98721,40.69433],[-73.98721,40.69436],[-73.9872,40.69439],[-73.9872,40.69442],[-73.98719,40.69445],[-73.98719,40.69449],[-73.98719,40.69452],[-73.98718,40.69455],[-73.98718,40.69458],[-73.98718,40.69462],[-73.98718,40.69465],[-73.98717,40.69469],[-73.98717,40.69472],[-73.98717,40.69476],[-73.98717,40.69479],[-73.98717,40.69483],[-73.98704,40.6974],[-73.98689,40.69974],[-73.98659,40.7041],[-73.98658,40.70435],[-73.98659,40.70459],[-73.9866,40.70484],[-73.98664,40.70508],[-73.98668,40.70532],[-73.98674,40.70556],[-73.98681,40.7058],[-73.9869,40.70604],[-73.987,40.70628],[-73.98711,40.70652],[-73.98723,40.70675],[-73.98737,40.70699],[-73.98752,40.70722],[-73.98769,40.70745],[-73.98787,40.70768],[-73.98868,40.70877],[-73.98879,40.70891],[-73.9889,40.70907],[-73.989,40.70923],[-73.9891,40.7094],[-73.98919,40.70957],[-73.98928,40.70974],[-73.98937,40.70992],[-73.98944,40.7101],[-73.98952,40.71029],[-73.98959,40.71048],[-73.98965,40.71068],[-73.98971,40.71088],[-73.98977,40.71108],[-73.98982,40.71129],[-73.98987,40.7115],[-73.99007,40.71282],[-73.99008,40.71288],[-73.99009,40.71295],[-73.9901,40.71302],[-73.99011,40.71309],[-73.99012,40.71315],[-73.99013,40.71321],[-73.99013,40.71327],[-73.99014,40.71333],[-73.99015,40.71339],[-73.99015,40.71345],[-73.99016,40.71351],[-73.99016,40.71356],[-73.99017,40.71361],[-73.99017,40.71366],[-73.99017,40.71372],[-73.99018,40.71376],[-73.99018,40.7138],[-73.99018,40.71385],[-73.99019,40.71389],[-73.99019,40.71393],[-73.99019,40.71397],[-73.99019,40.71401],[-73.99019,40.71406],[-73.99019,40.7141],[-73.99019,40.71414],[-73.99019,40.71418],[-73.99018,40.71422],[-73.99018,40.71425],[-73.99018,40.71429],[-73.99017,40.71433],[-73.99016,40.71439],[-73.99015,40.71445],[-73.99014,40.71451],[-73.99013,40.71457],[-73.99011,40.71462],[-73.99009,40.71469],[-73.99008,40.71475],[-73.99005,40.71481],[-73.99003,40.71487],[-73.99001,40.71493],[-73.98998,40.71499],[-73.98995,40.71505],[-73.98992,40.71512],[-73.98989,40.71518],[-73.98985,40.71525],[-73.98811,40.71861],[-73.98693,40.72092],[-73.98685,40.7211],[-73.98679,40.72127],[-73.98675,40.72144],[-73.98673,40.72159],[-73.98673,40.72174],[-73.98675,40.72188],[-73.9868,40.72201],[-73.98686,40.72214],[-73.98695,40.72225],[-73.98706,40.72237],[-73.98719,40.72247],[-73.98734,40.72256],[-73.98751,40.72264],[-73.9877,40.72272],[-73.98792,40.72279],[-73.98994,40.7234],[-73.99255,40.72418],[-73.9962,40.7253],[-73.99664,40.72544],[-73.99675,40.72548],[-73.99686,40.72551],[-73.99696,40.72555],[-73.99707,40.72559],[-73.99717,40.72563],[-73.99727,40.72567],[-73.99737,40.72571],[-73.99747,40.72575],[-73.99757,40.72579],[-73.99766,40.72583],[-73.99776,40.72588],[-73.99785,40.72592],[-73.99794,40.72596],[-73.99803,40.726],[-73.99811,40.72605],[-74.0019,40.72791],[-74.00202,40.72797],[-74.00213,40.72803],[-74.00222,40.7281],[-74.0023,40.72817],[-74.00237,40.72825],[-74.00243,40.72833],[-74.00247,40.72841],[-74.00251,40.7285],[-74.00253,40.7286],[-74.00253,40.7287],[-74.00253,40.72881],[-74.00252,40.72892],[-74.00249,40.72903],[-74.00245,40.72915],[-74.0024,40.72928],[-74.00155,40.73082],[-74.00154,40.73085],[-74.00153,40.73087],[-74.00151,40.7309],[-74.0015,40.73092],[-74.00148,40.73095],[-74.00147,40.73098],[-74.00145,40.731],[-74.00144,40.73103],[-74.00142,40.73105],[-74.0014,40.73108],[-74.00138,40.73111],[-74.00137,40.73113],[-74.00135,40.73116],[-74.00133,40.73119],[-74.00131,40.73122],[-74.00051,40.73231],[-74.0005,40.73234],[-74.00048,40.73236],[-73.99978,40.73332],[-73.99621,40.73823],[-73.99282,40.74288],[-73.98782,40.74972],[-73.98457,40.75422],[-73.98133,40.75866],[-73.9797,40.76089],[-73.97745,40.76397],[-73.97564,40.76646],[-73.97543,40.76666],[-73.97521,40.76683],[-73.97498,40.76698],[-73.97474,40.76711],[-73.97449,40.7672],[-73.97422,40.76728],[-73.97395,40.76733],[-73.97366,40.76735],[-73.97336,40.76735],[-73.97305,40.76733],[-73.97273,40.76728],[-73.97239,40.7672],[-73.97205,40.7671],[-73.97169,40.76698],[-73.97133,40.76683],[-73.96611,40.76463],[-73.96456,40.76397],[-73.95771,40.76109],[-73.95767,40.76107],[-73.95762,40.76105],[-73.95758,40.76104],[-73.95754,40.76102],[-73.95751,40.761],[-73.95747,40.76099],[-73.95743,40.76097],[-73.95739,40.76095],[-73.95736,40.76094],[-73.95732,40.76092],[-73.95729,40.76091],[-73.95725,40.76089],[-73.95722,40.76088],[-73.95719,40.76086],[-73.95715,40.76085],[-73.95326,40.75914],[-73.94778,40.75672],[-73.94774,40.7567],[-73.94769,40.75668],[-73.94764,40.75666],[-73.9476,40.75664],[-73.94755,40.75662],[-73.94751,40.7566],[-73.94746,40.75657],[-73.94742,40.75655],[-73.94737,40.75653],[-73.94733,40.75651],[-73.94728,40.75648],[-73.94724,40.75646],[-73.9472,40.75644],[-73.94715,40.75642],[-73.94711,40.75639],[-73.94284,40.7542],[-73.93671,40.75095],[-73.93634,40.75085],[-73.93578,40.75073],[-73.93532,40.75077],[-73.93494,40.7509],[-73.93453,40.75112],[-73.93433,40.75126],[-73.93412,40.75138],[-73.9339,40.75149],[-73.93368,40.75159],[-73.93345,40.75168],[-73.93321,40.75176],[-73.93297,40.75182],[-73.93271,40.75188],[-73.93245,40.75192],[-73.93218,40.75196],[-73.93191,40.75198],[-73.93163,40.75199],[-73.92878,40.75204],[-73.92656,40.75207],[-73.92645,40.75208],[-73.92634,40.75208],[-73.92623,40.75209],[-73.92612,40.7521],[-73.92601,40.75211],[-73.9259,40.75212],[-73.9258,40.75213],[-73.92569,40.75215],[-73.92558,40.75216],[-73.92548,40.75218],[-73.92538,40.7522],[-73.92527,40.75222],[-73.92517,40.75224],[-73.92507,40.75226],[-73.92497,40.75229],[-73.91873,40.75365],[-73.91851,40.7537],[-73.91829,40.75374],[-73.91806,40.75377],[-73.91784,40.7538],[-73.91761,40.75382],[-73.91739,40.75384],[-73.91716,40.75385],[-73.91693,40.75385],[-73.9167,40.75385],[-73.91647,40.75384],[-73.91624,40.75383],[-73.91601,40.75381],[-73.91578,40.75379],[-73.91554,40.75375],[-73.91531,40.75372],[-73.91154,40.75308],[-73.91142,40.75307],[-73.9113,40.75305],[-73.91119,40.75304],[-73.91107,40.75303],[-73.91096,40.75303],[-73.91084,40.75302],[-73.91073,40.75302],[-73.91062,40.75301],[-73.91051,40.75301],[-73.91039,40.75301],[-73.91029,40.75302],[-73.91017,40.75302],[-73.91007,40.75303],[-73.90996,40.75303],[-73.90985,40.75304],[-73.90826,40.75321],[-73.90809,40.75322],[-73.90793,40.75323],[-73.90777,40.75323],[-73.90761,40.75323],[-73.90745,40.75322],[-73.9073,40.75321],[-73.90714,40.75319],[-73.90699,40.75317],[-73.90685,40.75314],[-73.9067,40.75311],[-73.90656,40.75307],[-73.90642,40.75303],[-73.90628,40.75299],[-73.90614,40.75294],[-73.90601,40.75288],[-73.89845,40.74967],[-73.89134,40.74664],[-73.88515,40.74401],[-73.8851,40.74399],[-73.88506,40.74397],[-73.88501,40.74395],[-73.88497,40.74393],[-73.88493,40.74391],[-73.88488,40.74389],[-73.88484,40.74387],[-73.8848,40.74385],[-73.88476,40.74383],[-73.88472,40.74381],[-73.88468,40.74379],[-73.88464,40.74377],[-73.8846,40.74376],[-73.88456,40.74374],[-73.88452,40.74372],[-73.88292,40.74293],[-73.88285,40.7429],[-73.88277,40.74286],[-73.88271,40.74283],[-73.88264,40.74279],[-73.88257,40.74276],[-73.88251,40.74273],[-73.88245,40.74269],[-73.88239,40.74266],[-73.88233,40.74263],[-73.88227,40.7426],[-73.88222,40.74257],[-73.88217,40.74254],[-73.88211,40.74251],[-73.88206,40.74248],[-73.88202,40.74245],[-73.88195,40.74242],[-73.88187,40.74238],[-73.8818,40.74234],[-73.88173,40.7423],[-73.88166,40.74226],[-73.88159,40.74222],[-73.88152,40.74217],[-73.88145,40.74213],[-73.88138,40.74209],[-73.88132,40.74204],[-73.88125,40.742],[-73.88118,40.74196],[-73.88111,40.74191],[-73.88104,40.74187],[-73.88098,40.74182],[-73.87942,40.74066],[-73.87936,40.74061],[-73.87929,40.74056],[-73.87923,40.74051],[-73.87918,40.74045],[-73.87912,40.74039],[-73.87906,40.74033],[-73.879,40.74026],[-73.87895,40.74019],[-73.8789,40.74012],[-73.87884,40.74005],[-73.87879,40.73998],[-73.87874,40.7399],[-73.8787,40.73982],[-73.87865,40.73974],[-73.8786,40.73965],[-73.87722,40.73701],[-73.87705,40.73671],[-73.87695,40.73651],[-73.87683,40.73633],[-73.87671,40.73615],[-73.87656,40.73598],[-73.87641,40.73581],[-73.87624,40.73566],[-73.87605,40.73551],[-73.87586,40.73537],[-73.87565,40.73523],[-73.87543,40.73511],[-73.87519,40.73499],[-73.87495,40.73488],[-73.87469,40.73477],[-73.87441,40.73468],[-73.87413,40.73459],[-73.87092,40.73365],[-73.87081,40.73361],[-73.87069,40.73358],[-73.87057,40.73354],[-73.87045,40.73351],[-73.87034,40.73347],[-73.87022,40.73344],[-73.87011,40.7334],[-73.87,40.73336],[-73.86988,40.73333],[-73.86977,40.73329],[-73.86966,40.73325],[-73.86955,40.73322],[-73.86944,40.73318],[-73.86934,40.73314],[-73.86923,40.73311],[-73.86906,40.73304],[-73.8689,40.73298],[-73.86874,40.73291],[-73.86858,40.73284],[-73.86843,40.73277],[-73.86827,40.73271],[-73.86813,40.73264],[-73.86798,40.73257],[-73.86784,40.7325],[-73.86771,40.73243],[-73.86757,40.73236],[-73.86744,40.73229],[-73.86732,40.73221],[-73.86719,40.73214],[-73.86707,40.73207],[-73.86695,40.73199],[-73.86681,40.73191],[-73.86668,40.73184],[-73.86653,40.73176],[-73.86639,40.73169],[-73.86624,40.73161],[-73.86609,40.73154],[-73.86593,40.73147],[-73.86577,40.7314],[-73.8656,40.73133],[-73.86543,40.73126],[-73.86526,40.73119],[-73.86508,40.73112],[-73.8649,40.73105],[-73.86471,40.73098],[-73.8616,40.72985],[-73.85438,40.72722],[-73.85428,40.72718],[-73.85418,40.72714],[-73.85408,40.7271],[-73.85398,40.72706],[-73.85388,40.72702],[-73.85377,40.72698],[-73.85367,40.72693],[-73.85355,40.72689],[-73.85344,40.72684],[-73.85333,40.72679],[-73.85321,40.72674],[-73.85309,40.72669],[-73.85297,40.72664],[-73.85285,40.72658],[-73.85272,40.72652],[-73.85254,40.72644],[-73.85236,40.72636],[-73.85219,40.72627],[-73.85201,40.72618],[-73.85185,40.72609],[-73.85169,40.72599],[-73.85153,40.7259],[-73.85138,40.7258],[-73.85123,40.7257],[-73.85108,40.7256],[-73.85094,40.72549],[-73.8508,40.72538],[-73.85067,40.72527],[-73.85054,40.72516],[-73.85042,40.72505],[-73.85025,40.72489],[-73.85008,40.72474],[-73.84991,40.72458],[-73.84974,40.72444],[-73.84956,40.72429],[-73.84937,40.72415],[-73.84918,40.72401],[-73.84899,40.72388],[-73.8488,40.72375],[-73.8486,40.72362],[-73.84839,40.72349],[-73.84819,40.72337],[-73.84798,40.72325],[-73.84776,40.72314],[-73.84754,40.72303],[-73.84452,40.72169],[-73.84142,40.72031],[-73.84133,40.72027],[-73.84124,40.72023],[-73.84115,40.72019],[-73.84105,40.72015],[-73.84096,40.72011],[-73.84087,40.72007],[-73.84079,40.72003],[-73.8407,40.71999],[-73.84061,40.71994],[-73.84052,40.7199],[-73.84043,40.71986],[-73.84034,40.71981],[-73.84026,40.71977],[-73.84017,40.71972],[-73.84009,40.71968],[-73.83732,40.71833],[-73.83575,40.71753],[-73.83561,40.71745],[-73.83546,40.71737],[-73.83532,40.71729],[-73.83518,40.71721],[-73.83504,40.71713],[-73.8349,40.71705],[-73.83476,40.71696],[-73.83462,40.71688],[-73.83448,40.71679],[-73.83435,40.7167],[-73.83421,40.71661],[-73.83408,40.71652],[-73.83395,40.71643],[-73.83382,40.71633],[-73.83369,40.71624],[-73.83345,40.71605],[-73.83329,40.71594],[-73.83314,40.71582],[-73.83298,40.71571],[-73.83283,40.7156],[-73.83267,40.71549],[-73.83251,40.71538],[-73.83235,40.71527],[-73.83219,40.71516],[-73.83202,40.71505],[-73.83186,40.71495],[-73.83169,40.71484],[-73.83152,40.71474],[-73.83135,40.71464],[-73.83118,40.71454],[-73.83101,40.71444],[-73.82834,40.71313],[-73.82827,40.71309],[-73.82819,40.71306],[-73.82811,40.71302],[-73.82803,40.71299],[-73.82795,40.71295],[-73.82787,40.71292],[-73.82779,40.71288],[-73.8277,40.71285],[-73.82762,40.71282],[-73.82753,40.71278],[-73.82744,40.71275],[-73.82736,40.71272],[-73.82727,40.71268],[-73.82718,40.71265],[-73.82708,40.71262],[-73.82247,40.71085],[-73.82232,40.71079],[-73.82217,40.71072],[-73.82202,40.71066],[-73.82189,40.71059],[-73.82176,40.71052],[-73.82163,40.71044],[-73.82152,40.71036],[-73.82141,40.71028],[-73.8213,40.71019],[-73.82121,40.71011],[-73.82112,40.71001],[-73.82104,40.70992],[-73.82096,40.70982],[-73.82089,40.70972],[-73.82083,40.70962],[-73.82057,40.70918],[-73.81948,40.7073],[-73.81838,40.70556],[-73.8182,40.70532],[-73.818,40.70511],[-73.81779,40.70492],[-73.81757,40.70475],[-73.81733,40.7046],[-73.81709,40.70448],[-73.81684,40.70438],[-73.81657,40.70431],[-73.8163,40.70425],[-73.81601,40.70422],[-73.81571,40.70421],[-73.8154,40.70423],[-73.81508,40.70427],[-73.81475,40.70433],[-73.81441,40.70441],[-73.81071,40.70546],[-73.80333,40.70756],[-73.79561,40.70976],[-73.79556,40.70977],[-73.7955,40.70979],[-73.79544,40.7098],[-73.79539,40.70982],[-73.79533,40.70984],[-73.79527,40.70985],[-73.79521,40.70987],[-73.79516,40.70989],[-73.7951,40.70991],[-73.79504,40.70993],[-73.79498,40.70995],[-73.79493,40.70997],[-73.79487,40.70999],[-73.79481,40.71001],[-73.79475,40.71003],[-73.7936,40.71047],[-73.79083,40.71149],[-73.79066,40.71155],[-73.79049,40.71161],[-73.79032,40.71167],[-73.79014,40.71172],[-73.78996,40.71176],[-73.78978,40.7118],[-73.78959,40.71184],[-73.7894,40.71187],[-73.78921,40.7119],[-73.78901,40.71193],[-73.78881,40.71195],[-73.78861,40.71197],[-73.78841,40.71198],[-73.7882,40.71199],[-73.78799,40.71199],[-73.78651,40.7121],[-73.78643,40.71211],[-73.78634,40.71212],[-73.78626,40.71213],[-73.78617,40.71214],[-73.78609,40.71215],[-73.786,40.71216],[-73.78592,40.71218],[-73.78584,40.71219],[-73.78575,40.7122],[-73.78567,40.71222],[-73.78559,40.71224],[-73.78551,40.71225],[-73.78543,40.71227],[-73.78535,40.71229],[-73.78527,40.71231],[-73.78382,40.71265]]}},{"type":"Feature","properties":{"route":"S","color":"#7C858C"},"geometry":{"type":"LineString","coordinates":[[-73.95583,40.6806],[-73.95585,40.67999],[-73.95585,40.67995],[-73.95585,40.67991],[-73.95586,40.67988],[-73.95586,40.67984],[-73.95586,40.6798],[-73.95587,40.67977],[-73.95588,40.67973],[-73.95588,40.67969],[-73.95589,40.67965],[-73.9559,40.67962],[-73.9559,40.67958],[-73.95591,40.67954],[-73.95592,40.67951],[-73.95593,40.67947],[-73.95594,40.67943],[-73.95762,40.67477],[-73.95924,40.67034],[-73.96114,40.66514],[-73.96151,40.66413],[-73.96179,40.66349],[-73.96187,40.66335],[-73.96193,40.66321],[-73.962,40.66307],[-73.96205,40.66294],[-73.9621,40.66281],[-73.96214,40.66268],[-73.96218,40.66256],[-73.96221,40.66243],[-73.96223,40.66231],[-73.96225,40.66219],[-73.96226,40.66207],[-73.96227,40.66195],[-73.96227,40.66184],[-73.96226,40.66172],[-73.96225,40.66161]]}},{"type":"Feature","properties":{"route":"G","color":"#799534"},"geometry":{"type":"LineString","coordinates":[[-73.94383,40.74655],[-73.94793,40.74491],[-73.94805,40.74487],[-73.94816,40.74482],[-73.94828,40.74477],[-73.9484,40.74471],[-73.94851,40.74466],[-73.94863,40.74461],[-73.94875,40.74455],[-73.94887,40.7445],[-73.94899,40.74444],[-73.94911,40.74438],[-73.94923,40.74432],[-73.94935,40.74426],[-73.94948,40.74419],[-73.9496,40.74413],[-73.94972,40.74406],[-73.95331,40.74219],[-73.95352,40.74208],[-73.95372,40.74196],[-73.95391,40.74183],[-73.95409,40.7417],[-73.95426,40.74156],[-73.95441,40.74142],[-73.95456,40.74127],[-73.95469,40.74111],[-73.95481,40.74095],[-73.95492,40.74078],[-73.95501,40.7406],[-73.9551,40.74042],[-73.95517,40.74023],[-73.95523,40.74004],[-73.95528,40.73984],[-73.95542,40.73856],[-73.95543,40.73845],[-73.95544,40.73834],[-73.95544,40.73824],[-73.95545,40.73813],[-73.95545,40.73802],[-73.95545,40.73792],[-73.95545,40.73781],[-73.95545,40.7377],[-73.95544,40.7376],[-73.95544,40.73749],[-73.95543,40.73739],[-73.95542,40.73728],[-73.9554,40.73717],[-73.95539,40.73707],[-73.95537,40.73696],[-73.95445,40.73135],[-73.95439,40.73097],[-73.95436,40.7308],[-73.95433,40.73064],[-73.95429,40.73048],[-73.95425,40.73033],[-73.95421,40.73017],[-73.95417,40.73002],[-73.95412,40.72987],[-73.95407,40.72972],[-73.95402,40.72958],[-73.95396,40.72944],[-73.95391,40.7293],[-73.95384,40.72917],[-73.95378,40.72903],[-73.95371,40.7289],[-73.95364,40.72877],[-73.95128,40.72463],[-73.95004,40.72245],[-73.94999,40.72234],[-73.94996,40.72223],[-73.94993,40.72212],[-73.94992,40.72201],[-73.94992,40.7219],[-73.94993,40.72179],[-73.94995,40.72169],[-73.94998,40.72158],[-73.95002,40.72147],[-73.95007,40.72137],[-73.95013,40.72126],[-73.95021,40.72116],[-73.95029,40.72105],[-73.95038,40.72095],[-73.95049,40.72084],[-73.95188,40.71943],[-73.95194,40.71934],[-73.952,40.71926],[-73.95206,40.71918],[-73.95211,40.71909],[-73.95215,40.71901],[-73.95219,40.71892],[-73.95222,40.71883],[-73.95225,40.71875],[-73.95227,40.71866],[-73.95229,40.71857],[-73.9523,40.71848],[-73.9523,40.71839],[-73.9523,40.7183],[-73.9523,40.71821],[-73.95229,40.71812],[-73.95142,40.71279],[-73.95031,40.70609],[-73.95029,40.706],[-73.95028,40.7059],[-73.95026,40.70581],[-73.95025,40.70573],[-73.95023,40.70564],[-73.95022,40.70556],[-73.95022,40.70547],[-73.95021,40.7054],[-73.9502,40.70532],[-73.9502,40.70525],[-73.95019,40.70518],[-73.95019,40.70511],[-73.95019,40.70504],[-73.95019,40.70498],[-73.9502,40.70492],[-73.95029,40.70109],[-73.95029,40.70103],[-73.95029,40.70098],[-73.95028,40.70093],[-73.95028,40.70087],[-73.95028,40.70082],[-73.95028,40.70077],[-73.95028,40.70072],[-73.95027,40.70067],[-73.95027,40.70063],[-73.95026,40.70058],[-73.95026,40.70054],[-73.95025,40.7005],[-73.95025,40.70045],[-73.95024,40.70042],[-73.95023,40.70038],[-73.94905,40.69457],[-73.94876,40.69311],[-73.94875,40.69307],[-73.94874,40.69303],[-73.94873,40.69298],[-73.94872,40.69294],[-73.94871,40.6929],[-73.94871,40.69286],[-73.9487,40.69281],[-73.94869,40.69277],[-73.94868,40.69273],[-73.94867,40.69268],[-73.94866,40.69264],[-73.94865,40.6926],[-73.94864,40.69255],[-73.94863,40.69251],[-73.94862,40.69247],[-73.94844,40.6917],[-73.94841,40.69153],[-73.9484,40.69137],[-73.9484,40.69122],[-73.94843,40.69108],[-73.94847,40.69095],[-73.94853,40.69082],[-73.9486,40.6907],[-73.9487,40.69059],[-73.9488,40.69049],[-73.94893,40.6904],[-73.94908,40.69031],[-73.94924,40.69023],[-73.94942,40.69016],[-73.94962,40.6901],[-73.94984,40.69005],[-73.95352,40.68963],[-73.96007,40.68887],[-73.96684,40.68809],[-73.97537,40.68712],[-73.97683,40.68697],[-73.97862,40.68676],[-73.97875,40.68675],[-73.97888,40.68673],[-73.979,40.68673],[-73.97912,40.68672],[-73.97925,40.68672],[-73.97936,40.68672],[-73.97948,40.68672],[-73.97959,40.68673],[-73.97971,40.68673],[-73.97982,40.68675],[-73.97992,40.68676],[-73.98003,40.68678],[-73.98013,40.6868],[-73.98024,40.68682],[-73.98034,40.68685],[-73.98074,40.68697],[-73.98077,40.68698],[-73.98081,40.68699],[-73.98085,40.687],[-73.98088,40.687],[-73.98092,40.68701],[-73.98096,40.68702],[-73.981,40.68704],[-73.98103,40.68705],[-73.98107,40.68706],[-73.98111,40.68707],[-73.98115,40.68709],[-73.98119,40.6871],[-73.98123,40.68711],[-73.98127,40.68713],[-73.98131,40.68714],[-73.98188,40.68735],[-73.98195,40.68738],[-73.98202,40.6874],[-73.98209,40.68743],[-73.98216,40.68745],[-73.98223,40.68748],[-73.9823,40.68751],[-73.98237,40.68753],[-73.98244,40.68756],[-73.98251,40.68758],[-73.98258,40.6876],[-73.98265,40.68763],[-73.98272,40.68765],[-73.98279,40.68768],[-73.98286,40.6877],[-73.98293,40.68772],[-73.98301,40.68775],[-73.98308,40.68777],[-73.98315,40.6878],[-73.98323,40.68782],[-73.9833,40.68785],[-73.98338,40.68787],[-73.98345,40.6879],[-73.98353,40.68792],[-73.9836,40.68795],[-73.98368,40.68798],[-73.98375,40.688],[-73.98383,40.68803],[-73.9839,40.68806],[-73.98398,40.68808],[-73.98405,40.68811],[-73.985,40.68848],[-73.98738,40.68941],[-73.98751,40.68944],[-73.98763,40.68947],[-73.98776,40.68949],[-73.98788,40.6895],[-73.98799,40.68949],[-73.98811,40.68948],[-73.98821,40.68946],[-73.98832,40.68943],[-73.98842,40.68938],[-73.98851,40.68933],[-73.98861,40.68927],[-73.9887,40.6892],[-73.98878,40.68912],[-73.98886,40.68903],[-73.98894,40.68893],[-73.99086,40.68615],[-73.9937,40.68195],[-73.99375,40.68187],[-73.9938,40.6818],[-73.99385,40.68173],[-73.9939,40.68165],[-73.99395,40.68158],[-73.994,40.68151],[-73.99405,40.68144],[-73.9941,40.68137],[-73.99415,40.6813],[-73.9942,40.68123],[-73.99425,40.68117],[-73.9943,40.6811],[-73.99435,40.68103],[-73.9944,40.68097],[-73.99445,40.6809],[-73.99505,40.6803],[-73.99513,40.68021],[-73.99521,40.68011],[-73.99529,40.68001],[-73.99537,40.6799],[-73.99545,40.67979],[-73.99553,40.67968],[-73.99561,40.67956],[-73.99569,40.67943],[-73.99577,40.6793],[-73.99586,40.67917],[-73.99594,40.67903],[-73.99602,40.67889],[-73.9961,40.67874],[-73.99618,40.67859],[-73.99626,40.67844],[-73.99722,40.67644],[-73.99725,40.67639],[-73.99727,40.67635],[-73.99729,40.6763],[-73.99731,40.67626],[-73.99733,40.67621],[-73.99734,40.67617],[-73.99736,40.67612],[-73.99738,40.67608],[-73.99739,40.67603],[-73.9974,40.67599],[-73.99742,40.67594],[-73.99743,40.6759],[-73.99744,40.67585],[-73.99745,40.6758],[-73.99745,40.67576],[-73.99746,40.67566],[-73.99746,40.67557],[-73.99746,40.67547],[-73.99745,40.67538],[-73.99744,40.67529],[-73.99742,40.6752],[-73.9974,40.67511],[-73.99737,40.67502],[-73.99733,40.67494],[-73.99729,40.67486],[-73.99725,40.67478],[-73.9972,40.6747],[-73.99715,40.67462],[-73.99709,40.67455],[-73.99702,40.67447],[-73.99695,40.67441],[-73.99688,40.67434],[-73.99681,40.67427],[-73.99675,40.67421],[-73.99667,40.67415],[-73.9966,40.67408],[-73.99653,40.67402],[-73.99646,40.67396],[-73.99639,40.67391],[-73.99632,40.67385],[-73.99625,40.67379],[-73.99618,40.67374],[-73.9961,40.67368],[-73.99603,40.67363],[-73.99596,40.67358],[-73.99591,40.67355],[-73.99587,40.67351],[-73.99582,40.67348],[-73.99578,40.67345],[-73.99573,40.67342],[-73.99568,40.67339],[-73.99563,40.67336],[-73.99559,40.67332],[-73.99554,40.67329],[-73.99549,40.67326],[-73.99543,40.67323],[-73.99538,40.6732],[-73.99533,40.67317],[-73.99528,40.67314],[-73.99522,40.6731],[-73.99335,40.67202],[-73.99333,40.67201],[-73.9933,40.67199],[-73.99327,40.67198],[-73.99324,40.67196],[-73.99321,40.67194],[-73.99318,40.67193],[-73.99315,40.67191],[-73.99312,40.67189],[-73.99309,40.67188],[-73.99306,40.67186],[-73.99302,40.67184],[-73.99299,40.67183],[-73.99296,40.67181],[-73.99292,40.67179],[-73.99289,40.67177],[-73.98978,40.67027],[-73.98847,40.66964],[-73.98836,40.66959],[-73.98825,40.66955],[-73.98814,40.66951],[-73.98803,40.66947],[-73.98793,40.66943],[-73.98782,40.66939],[-73.98771,40.66936],[-73.9876,40.66933],[-73.98749,40.66929],[-73.98738,40.66927],[-73.98727,40.66924],[-73.98716,40.66922],[-73.98705,40.6692],[-73.98694,40.66918],[-73.98684,40.66916],[-73.98674,40.66915],[-73.98664,40.66913],[-73.98654,40.66912],[-73.98644,40.6691],[-73.98634,40.66908],[-73.98624,40.66906],[-73.98614,40.66904],[-73.98604,40.66901],[-73.98594,40.66898],[-73.98584,40.66895],[-73.98574,40.66892],[-73.98565,40.66888],[-73.98555,40.66885],[-73.98545,40.66881],[-73.98535,40.66877],[-73.98337,40.66776],[-73.98333,40.66774],[-73.98329,40.66772],[-73.98325,40.6677],[-73.98321,40.66768],[-73.98317,40.66766],[-73.98312,40.66764],[-73.98308,40.66761],[-73.98304,40.66759],[-73.98299,40.66757],[-73.98295,40.66755],[-73.9829,40.66753],[-73.98286,40.6675],[-73.98281,40.66748],[-73.98276,40.66746],[-73.98271,40.66744],[-73.98031,40.66627],[-73.97794,40.66513],[-73.97773,40.66501],[-73.97754,40.66489],[-73.97738,40.66477],[-73.97724,40.66465],[-73.97713,40.66452],[-73.97704,40.66438],[-73.97698,40.66425],[-73.97694,40.66411],[-73.97692,40.66397],[-73.97693,40.66382],[-73.97696,40.66367],[-73.97701,40.66352],[-73.97709,40.66336],[-73.9772,40.6632],[-73.97733,40.66305],[-73.97949,40.66036],[-73.97956,40.66027],[-73.97963,40.66018],[-73.9797,40.66009],[-73.97976,40.66],[-73.97982,40.65991],[-73.97988,40.65982],[-73.97994,40.65973],[-73.98,40.65964],[-73.98005,40.65956],[-73.9801,40.65947],[-73.98015,40.65938],[-73.9802,40.6593],[-73.98025,40.65921],[-73.9803,40.65912],[-73.98034,40.65904],[-73.98039,40.65892],[-73.98042,40.65881],[-73.98044,40.65869],[-73.98045,40.65858],[-73.98044,40.65848],[-73.98042,40.65837],[-73.98039,40.65827],[-73.98034,40.65816],[-73.98028,40.65807],[-73.98021,40.65797],[-73.98012,40.65788],[-73.98002,40.65778],[-73.97991,40.65769],[-73.97979,40.65761],[-73.97965,40.65752],[-73.97741,40.65622],[-73.97731,40.65615],[-73.9772,40.65608],[-73.97711,40.65601],[-73.97702,40.65594],[-73.97693,40.65586],[-73.97686,40.65578],[-73.97679,40.6557],[-73.97672,40.65561],[-73.97666,40.65552],[-73.97661,40.65542],[-73.97656,40.65532],[-73.97652,40.65522],[-73.97649,40.65512],[-73.97646,40.65501],[-73.97644,40.6549],[-73.97595,40.65229],[-73.97593,40.65217],[-73.97591,40.65206],[-73.97589,40.65194],[-73.97588,40.65183],[-73.97586,40.65172],[-73.97585,40.65162],[-73.97584,40.65152],[-73.97583,40.65142],[-73.97581,40.65132],[-73.97581,40.65122],[-73.9758,40.65113],[-73.97579,40.65104],[-73.97579,40.65095],[-73.97578,40.65087],[-73.97578,40.65078],[-73.97579,40.65055],[-73.97581,40.65032],[-73.97585,40.65011],[-73.9759,40.6499],[-73.97596,40.64971],[-73.97604,40.64952],[-73.97613,40.64935],[-73.97623,40.64919],[-73.97634,40.64904],[-73.97647,40.6489],[-73.97661,40.64877],[-73.97677,40.64865],[-73.97693,40.64854],[-73.97711,40.64844],[-73.97731,40.64835],[-73.97866,40.64781],[-73.97886,40.64771],[-73.97905,40.64759],[-73.97922,40.64747],[-73.97938,40.64734],[-73.97951,40.6472],[-73.97963,40.64706],[-73.97973,40.64691],[-73.97982,40.64675],[-73.97989,40.64658],[-73.97994,40.6464],[-73.97997,40.64621],[-73.97999,40.64602],[-73.97998,40.64582],[-73.97997,40.64561],[-73.97993,40.6454],[-73.97968,40.64404]]}},{"type":"Feature","properties":{"route":"G","color":"#799534"},"geometry":{"type":"LineString","coordinates":[[-73.97968,40.64404],[-73.97993,40.6454],[-73.97997,40.64561],[-73.97998,40.64582],[-73.97999,40.64602],[-73.97997,40.64621],[-73.97994,40.6464],[-73.97989,40.64658],[-73.97982,40.64675],[-73.97973,40.64691],[-73.97963,40.64706],[-73.97951,40.6472],[-73.97938,40.64734],[-73.97922,40.64747],[-73.97905,40.64759],[-73.97886,40.64771],[-73.97866,40.64781],[-73.97731,40.64835],[-73.97711,40.64844],[-73.97693,40.64854],[-73.97677,40.64865],[-73.97661,40.64877],[-73.97647,40.6489],[-73.97634,40.64904],[-73.97623,40.64919],[-73.97613,40.64935],[-73.97604,40.64952],[-73.97596,40.64971],[-73.9759,40.6499],[-73.97585,40.65011],[-73.97581,40.65032],[-73.97579,40.65055],[-73.97578,40.65078],[-73.97578,40.65087],[-73.97579,40.65095],[-73.97579,40.65104],[-73.9758,40.65113],[-73.97581,40.65122],[-73.97581,40.65132],[-73.97583,40.65142],[-73.97584,40.65152],[-73.97585,40.65162],[-73.97586,40.65172],[-73.97588,40.65183],[-73.97589,40.65194],[-73.97591,40.65206],[-73.97593,40.65217],[-73.97595,40.65229],[-73.97644,40.6549],[-73.97646,40.65501],[-73.97649,40.65512],[-73.97652,40.65522],[-73.97656,40.65532],[-73.97661,40.65542],[-73.97666,40.65552],[-73.97672,40.65561],[-73.97679,40.6557],[-73.97686,40.65578],[-73.97693,40.65586],[-73.97702,40.65594],[-73.97711,40.65601],[-73.9772,40.65608],[-73.97731,40.65615],[-73.97741,40.65622],[-73.97965,40.65752],[-73.97979,40.65761],[-73.97991,40.65769],[-73.98002,40.65778],[-73.98012,40.65788],[-73.98021,40.65797],[-73.98028,40.65807],[-73.98034,40.65816],[-73.98039,40.65827],[-73.98042,40.65837],[-73.98044,40.65848],[-73.98045,40.65858],[-73.98044,40.65869],[-73.98042,40.65881],[-73.98039,40.65892],[-73.98034,40.65904],[-73.9803,40.65912],[-73.98025,40.65921],[-73.9802,40.6593],[-73.98015,40.65938],[-73.9801,40.65947],[-73.98005,40.65956],[-73.98,40.65964],[-73.97994,40.65973],[-73.97988,40.65982],[-73.97982,40.65991],[-73.97976,40.66],[-73.9797,40.66009],[-73.97963,40.66018],[-73.97956,40.66027],[-73.97949,40.66036],[-73.97733,40.66305],[-73.9772,40.6632],[-73.97709,40.66336],[-73.97701,40.66352],[-73.97696,40.66367],[-73.97693,40.66382],[-73.97692,40.66397],[-73.97694,40.66411],[-73.97698,40.66425],[-73.97704,40.66438],[-73.97713,40.66452],[-73.97724,40.66465],[-73.97738,40.66477],[-73.97754,40.66489],[-73.97773,40.66501],[-73.97794,40.66513],[-73.98031,40.66627],[-73.98271,40.66744],[-73.98276,40.66746],[-73.98281,40.66748],[-73.98286,40.6675],[-73.9829,40.66753],[-73.98295,40.66755],[-73.98299,40.66757],[-73.98304,40.66759],[-73.98308,40.66761],[-73.98312,40.66764],[-73.98317,40.66766],[-73.98321,40.66768],[-73.98325,40.6677],[-73.98329,40.66772],[-73.98333,40.66774],[-73.98337,40.66776],[-73.98535,40.66877],[-73.98545,40.66881],[-73.98555,40.66885],[-73.98565,40.66888],[-73.98574,40.66892],[-73.98584,40.66895],[-73.98594,40.66898],[-73.98604,40.66901],[-73.98614,40.66904],[-73.98624,40.66906],[-73.98634,40.66908],[-73.98644,40.6691],[-73.98654,40.66912],[-73.98664,40.66913],[-73.98674,40.66915],[-73.98684,40.66916],[-73.98694,40.66918],[-73.98705,40.6692],[-73.98716,40.66922],[-73.98727,40.66924],[-73.98738,40.66927],[-73.98749,40.66929],[-73.9876,40.66933],[-73.98771,40.66936],[-73.98782,40.66939],[-73.98793,40.66943],[-73.98803,40.66947],[-73.98814,40.66951],[-73.98825,40.66955],[-73.98836,40.66959],[-73.98847,40.66964],[-73.98978,40.67027],[-73.99289,40.67177],[-73.99292,40.67179],[-73.99296,40.67181],[-73.99299,40.67183],[-73.99302,40.67184],[-73.99306,40.67186],[-73.99309,40.67188],[-73.99312,40.67189],[-73.99315,40.67191],[-73.99318,40.67193],[-73.99321,40.67194],[-73.99324,40.67196],[-73.99327,40.67198],[-73.9933,40.67199],[-73.99333,40.67201],[-73.99335,40.67202],[-73.99522,40.6731],[-73.99528,40.67314],[-73.99533,40.67317],[-73.99538,40.6732],[-73.99543,40.67323],[-73.99549,40.67326],[-73.99554,40.67329],[-73.99559,40.67332],[-73.99563,40.67336],[-73.99568,40.67339],[-73.99573,40.67342],[-73.99578,40.67345],[-73.99582,40.67348],[-73.99587,40.67351],[-73.99591,40.67355],[-73.99596,40.67358],[-73.99603,40.67363],[-73.9961,40.67368],[-73.99618,40.67374],[-73.99625,40.67379],[-73.99632,40.67385],[-73.99639,40.67391],[-73.99646,40.67396],[-73.99653,40.67402],[-73.9966,40.67408],[-73.99667,40.67415],[-73.99675,40.67421],[-73.99681,40.67427],[-73.99688,40.67434],[-73.99695,40.67441],[-73.99702,40.67447],[-73.99709,40.67455],[-73.99715,40.67462],[-73.9972,40.6747],[-73.99725,40.67478],[-73.99729,40.67486],[-73.99733,40.67494],[-73.99737,40.67502],[-73.9974,40.67511],[-73.99742,40.6752],[-73.99744,40.67529],[-73.99745,40.67538],[-73.99746,40.67547],[-73.99746,40.67557],[-73.99746,40.67566],[-73.99745,40.67576],[-73.99745,40.6758],[-73.99744,40.67585],[-73.99743,40.6759],[-73.99742,40.67594],[-73.9974,40.67599],[-73.99739,40.67603],[-73.99738,40.67608],[-73.99736,40.67612],[-73.99734,40.67617],[-73.99733,40.67621],[-73.99731,40.67626],[-73.99729,40.6763],[-73.99727,40.67635],[-73.99725,40.67639],[-73.99722,40.67644],[-73.99626,40.67844],[-73.99618,40.67859],[-73.9961,40.67874],[-73.99602,40.67889],[-73.99594,40.67903],[-73.99586,40.67917],[-73.99577,40.6793],[-73.99569,40.67943],[-73.99561,40.67956],[-73.99553,40.67968],[-73.99545,40.67979],[-73.99537,40.6799],[-73.99529,40.68001],[-73.99521,40.68011],[-73.99513,40.68021],[-73.99505,40.6803],[-73.99445,40.6809],[-73.9944,40.68097],[-73.99435,40.68103],[-73.9943,40.6811],[-73.99425,40.68117],[-73.9942,40.68123],[-73.99415,40.6813],[-73.9941,40.68137],[-73.99405,40.68144],[-73.994,40.68151],[-73.99395,40.68158],[-73.9939,40.68165],[-73.99385,40.68173],[-73.9938,40.6818],[-73.99375,40.68187],[-73.9937,40.68195],[-73.99086,40.68615],[-73.98894,40.68893],[-73.98886,40.68903],[-73.98878,40.68912],[-73.9887,40.6892],[-73.98861,40.68927],[-73.98851,40.68933],[-73.98842,40.68938],[-73.98832,40.68943],[-73.98821,40.68946],[-73.98811,40.68948],[-73.98799,40.68949],[-73.98788,40.6895],[-73.98776,40.68949],[-73.98763,40.68947],[-73.98751,40.68944],[-73.98738,40.68941],[-73.985,40.68848],[-73.98405,40.68811],[-73.98398,40.68808],[-73.9839,40.68806],[-73.98383,40.68803],[-73.98375,40.688],[-73.98368,40.68798],[-73.9836,40.68795],[-73.98353,40.68792],[-73.98345,40.6879],[-73.98338,40.68787],[-73.9833,40.68785],[-73.98323,40.68782],[-73.98315,40.6878],[-73.98308,40.68777],[-73.98301,40.68775],[-73.98293,40.68772],[-73.98286,40.6877],[-73.98279,40.68768],[-73.98272,40.68765],[-73.98265,40.68763],[-73.98258,40.6876],[-73.98251,40.68758],[-73.98244,40.68756],[-73.98237,40.68753],[-73.9823,40.68751],[-73.98223,40.68748],[-73.98216,40.68745],[-73.98209,40.68743],[-73.98202,40.6874],[-73.98195,40.68738],[-73.98188,40.68735],[-73.98131,40.68714],[-73.98127,40.68713],[-73.98123,40.68711],[-73.98119,40.6871],[-73.98115,40.68709],[-73.98111,40.68707],[-73.98107,40.68706],[-73.98103,40.68705],[-73.981,40.68704],[-73.98096,40.68702],[-73.98092,40.68701],[-73.98088,40.687],[-73.98085,40.687],[-73.98081,40.68699],[-73.98077,40.68698],[-73.98074,40.68697],[-73.98034,40.68685],[-73.98024,40.68682],[-73.98013,40.6868],[-73.98003,40.68678],[-73.97992,40.68676],[-73.97982,40.68675],[-73.97971,40.68673],[-73.97959,40.68673],[-73.97948,40.68672],[-73.97936,40.68672],[-73.97925,40.68672],[-73.97912,40.68672],[-73.979,40.68673],[-73.97888,40.68673],[-73.97875,40.68675],[-73.97862,40.68676],[-73.97683,40.68697],[-73.97537,40.68712],[-73.96684,40.68809],[-73.96007,40.68887],[-73.95352,40.68963],[-73.94984,40.69005],[-73.94962,40.6901],[-73.94942,40.69016],[-73.94924,40.69023],[-73.94908,40.69031],[-73.94893,40.6904],[-73.9488,40.69049],[-73.9487,40.69059],[-73.9486,40.6907],[-73.94853,40.69082],[-73.94847,40.69095],[-73.94843,40.69108],[-73.9484,40.69122],[-73.9484,40.69137],[-73.94841,40.69153],[-73.94844,40.6917],[-73.94862,40.69247],[-73.94863,40.69251],[-73.94864,40.69255],[-73.94865,40.6926],[-73.94866,40.69264],[-73.94867,40.69268],[-73.94868,40.69273],[-73.94869,40.69277],[-73.9487,40.69281],[-73.94871,40.69286],[-73.94871,40.6929],[-73.94872,40.69294],[-73.94873,40.69298],[-73.94874,40.69303],[-73.94875,40.69307],[-73.94876,40.69311],[-73.94905,40.69457],[-73.95023,40.70038],[-73.95024,40.70042],[-73.95025,40.70045],[-73.95025,40.7005],[-73.95026,40.70054],[-73.95026,40.70058],[-73.95027,40.70063],[-73.95027,40.70067],[-73.95028,40.70072],[-73.95028,40.70077],[-73.95028,40.70082],[-73.95028,40.70087],[-73.95028,40.70093],[-73.95029,40.70098],[-73.95029,40.70103],[-73.95029,40.70109],[-73.9502,40.70492],[-73.95019,40.70498],[-73.95019,40.70504],[-73.95019,40.70511],[-73.95019,40.70518],[-73.9502,40.70525],[-73.9502,40.70532],[-73.95021,40.7054],[-73.95022,40.70547],[-73.95022,40.70556],[-73.95023,40.70564],[-73.95025,40.70573],[-73.95026,40.70581],[-73.95028,40.7059],[-73.95029,40.706],[-73.95031,40.70609],[-73.95142,40.71279],[-73.95229,40.71812],[-73.9523,40.71821],[-73.9523,40.7183],[-73.9523,40.71839],[-73.9523,40.71848],[-73.95229,40.71857],[-73.95227,40.71866],[-73.95225,40.71875],[-73.95222,40.71883],[-73.95219,40.71892],[-73.95215,40.71901],[-73.95211,40.71909],[-73.95206,40.71918],[-73.952,40.71926],[-73.95194,40.71934],[-73.95188,40.71943],[-73.95049,40.72084],[-73.95038,40.72095],[-73.95029,40.72105],[-73.95021,40.72116],[-73.95013,40.72126],[-73.95007,40.72137],[-73.95002,40.72147],[-73.94998,40.72158],[-73.94995,40.72169],[-73.94993,40.72179],[-73.94992,40.7219],[-73.94992,40.72201],[-73.94993,40.72212],[-73.94996,40.72223],[-73.94999,40.72234],[-73.95004,40.72245],[-73.95128,40.72463],[-73.95364,40.72877],[-73.95371,40.7289],[-73.95378,40.72903],[-73.95384,40.72917],[-73.95391,40.7293],[-73.95396,40.72944],[-73.95402,40.72958],[-73.95407,40.72972],[-73.95412,40.72987],[-73.95417,40.73002],[-73.95421,40.73017],[-73.95425,40.73033],[-73.95429,40.73048],[-73.95433,40.73064],[-73.95436,40.7308],[-73.95439,40.73097],[-73.95445,40.73135],[-73.95537,40.73696],[-73.95539,40.73707],[-73.9554,40.73717],[-73.95542,40.73728],[-73.95543,40.73739],[-73.95544,40.73749],[-73.95544,40.7376],[-73.95545,40.7377],[-73.95545,40.73781],[-73.95545,40.73792],[-73.95545,40.73802],[-73.95545,40.73813],[-73.95544,40.73824],[-73.95544,40.73834],[-73.95543,40.73845],[-73.95542,40.73856],[-73.95528,40.73984],[-73.95523,40.74004],[-73.95517,40.74023],[-73.9551,40.74042],[-73.95501,40.7406],[-73.95492,40.74078],[-73.95481,40.74095],[-73.95469,40.74111],[-73.95456,40.74127],[-73.95441,40.74142],[-73.95426,40.74156],[-73.95409,40.7417],[-73.95391,40.74183],[-73.95372,40.74196],[-73.95352,40.74208],[-73.95331,40.74219],[-73.94972,40.74406],[-73.9496,40.74413],[-73.94948,40.74419],[-73.94935,40.74426],[-73.94923,40.74432],[-73.94911,40.74438],[-73.94899,40.74444],[-73.94887,40.7445],[-73.94875,40.74455],[-73.94863,40.74461],[-73.94851,40.74466],[-73.9484,40.74471],[-73.94828,40.74477],[-73.94816,40.74482],[-73.94805,40.74487],[-73.94793,40.74491],[-73.94383,40.74655]]}},{"type":"Feature","properties":{"route":"S","color":"#7C858C"},"geometry":{"type":"LineString","coordinates":[[-73.81592,40.60838],[-73.8159,40.6083],[-73.81587,40.60822],[-73.81584,40.60814],[-73.81581,40.60806],[-73.81578,40.60798],[-73.81577,40.60796],[-73.81576,40.60794],[-73.81575,40.60792],[-73.81575,40.6079],[-73.81574,40.60788],[-73.81573,40.60786],[-73.81572,40.60784],[-73.81571,40.60782],[-73.8157,40.6078],[-73.8157,40.60778],[-73.81569,40.60776],[-73.81568,40.60774],[-73.81567,40.60772],[-73.81566,40.6077],[-73.81565,40.60768],[-73.80942,40.59313],[-73.80934,40.5929],[-73.80929,40.59267],[-73.80925,40.59244],[-73.80924,40.59221],[-73.80924,40.59198],[-73.80927,40.59176],[-73.80931,40.59153],[-73.80938,40.5913],[-73.80946,40.59108],[-73.80957,40.59085],[-73.8097,40.59063],[-73.80984,40.59041],[-73.81001,40.59018],[-73.81019,40.58996],[-73.81039,40.58974],[-73.81049,40.58965],[-73.81059,40.58956],[-73.8107,40.58947],[-73.8108,40.58939],[-73.81091,40.58931],[-73.81102,40.58923],[-73.81113,40.58915],[-73.81125,40.58908],[-73.81137,40.58901],[-73.81149,40.58894],[-73.81162,40.58887],[-73.81174,40.58881],[-73.81187,40.58875],[-73.81201,40.58868],[-73.81214,40.58863],[-73.81364,40.58803],[-73.82056,40.58531],[-73.82133,40.58501],[-73.82142,40.58498],[-73.82151,40.58495],[-73.8216,40.58492],[-73.82169,40.58489],[-73.82178,40.58486],[-73.82187,40.58483],[-73.82197,40.58479],[-73.82207,40.58476],[-73.82216,40.58473],[-73.82227,40.5847],[-73.82237,40.58467],[-73.82247,40.58463],[-73.82257,40.5846],[-73.82268,40.58457],[-73.82279,40.58454],[-73.82756,40.58321],[-73.82873,40.58287],[-73.82878,40.58286],[-73.82882,40.58285],[-73.82887,40.58283],[-73.82892,40.58282],[-73.82897,40.5828],[-73.82902,40.58279],[-73.82907,40.58277],[-73.82913,40.58275],[-73.82918,40.58273],[-73.82923,40.58272],[-73.82928,40.5827],[-73.82934,40.58268],[-73.82939,40.58266],[-73.82944,40.58264],[-73.8295,40.58262],[-73.82982,40.58251],[-73.82987,40.58249],[-73.82992,40.58248],[-73.82997,40.58246],[-73.83002,40.58244],[-73.83007,40.58243],[-73.83012,40.58241],[-73.83017,40.58239],[-73.83022,40.58238],[-73.83027,40.58236],[-73.83032,40.58235],[-73.83037,40.58233],[-73.83043,40.58232],[-73.83048,40.5823],[-73.83053,40.58229],[-73.83058,40.58227],[-73.83325,40.58153],[-73.83326,40.58152],[-73.83328,40.58152],[-73.8333,40.58151],[-73.83332,40.58151],[-73.83334,40.5815],[-73.83335,40.5815],[-73.83337,40.58149],[-73.83339,40.58149],[-73.83341,40.58149],[-73.83342,40.58148],[-73.83344,40.58148],[-73.83346,40.58147],[-73.83348,40.58147],[-73.83349,40.58147],[-73.83351,40.58146],[-73.83368,40.58143],[-73.8337,40.58142],[-73.83373,40.58142],[-73.83375,40.58141],[-73.83377,40.58141],[-73.83379,40.5814],[-73.83381,40.5814],[-73.83383,40.58139],[-73.83385,40.58139],[-73.83387,40.58138],[-73.83389,40.58138],[-73.83391,40.58137],[-73.83393,40.58137],[-73.83395,40.58136],[-73.83397,40.58136],[-73.83399,40.58135],[-73.83559,40.5809]]}},{"type":"Feature","properties":{"route":"S","color":"#7C858C"},"geometry":{"type":"LineString","coordinates":[[-73.83559,40.5809],[-73.83399,40.58135],[-73.83397,40.58136],[-73.83395,40.58136],[-73.83393,40.58137],[-73.83391,40.58137],[-73.83389,40.58138],[-73.83387,40.58138],[-73.83385,40.58139],[-73.83383,40.58139],[-73.83381,40.5814],[-73.83379,40.5814],[-73.83377,40.58141],[-73.83375,40.58141],[-73.83373,40.58142],[-73.8337,40.58142],[-73.83368,40.58143],[-73.83351,40.58146],[-73.83349,40.58147],[-73.83348,40.58147],[-73.83346,40.58147],[-73.83344,40.58148],[-73.83342,40.58148],[-73.83341,40.58149],[-73.83339,40.58149],[-73.83337,40.58149],[-73.83335,40.5815],[-73.83334,40.5815],[-73.83332,40.58151],[-73.8333,40.58151],[-73.83328,40.58152],[-73.83326,40.58152],[-73.83325,40.58153],[-73.83058,40.58227],[-73.83053,40.58229],[-73.83048,40.5823],[-73.83043,40.58232],[-73.83037,40.58233],[-73.83032,40.58235],[-73.83027,40.58236],[-73.83022,40.58238],[-73.83017,40.58239],[-73.83012,40.58241],[-73.83007,40.58243],[-73.83002,40.58244],[-73.82997,40.58246],[-73.82992,40.58248],[-73.82987,40.58249],[-73.82982,40.58251],[-73.8295,40.58262],[-73.82944,40.58264],[-73.82939,40.58266],[-73.82934,40.58268],[-73.82928,40.5827],[-73.82923,40.58272],[-73.82918,40.58273],[-73.82913,40.58275],[-73.82907,40.58277],[-73.82902,40.58279],[-73.82897,40.5828],[-73.82892,40.58282],[-73.82887,40.58283],[-73.82882,40.58285],[-73.82878,40.58286],[-73.82873,40.58287],[-73.82756,40.58321],[-73.82279,40.58454],[-73.82268,40.58457],[-73.82257,40.5846],[-73.82247,40.58463],[-73.82237,40.58467],[-73.82227,40.5847],[-73.82216,40.58473],[-73.82207,40.58476],[-73.82197,40.58479],[-73.82187,40.58483],[-73.82178,40.58486],[-73.82169,40.58489],[-73.8216,40.58492],[-73.82151,40.58495],[-73.82142,40.58498],[-73.82133,40.58501],[-73.82056,40.58531],[-73.81364,40.58803],[-73.81214,40.58863],[-73.81201,40.58868],[-73.81187,40.58875],[-73.81174,40.58881],[-73.81162,40.58887],[-73.81149,40.58894],[-73.81137,40.58901],[-73.81125,40.58908],[-73.81113,40.58915],[-73.81102,40.58923],[-73.81091,40.58931],[-73.8108,40.58939],[-73.8107,40.58947],[-73.81059,40.58956],[-73.81049,40.58965],[-73.81039,40.58974],[-73.81019,40.58996],[-73.81001,40.59018],[-73.80984,40.59041],[-73.8097,40.59063],[-73.80957,40.59085],[-73.80946,40.59108],[-73.80938,40.5913],[-73.80931,40.59153],[-73.80927,40.59176],[-73.80924,40.59198],[-73.80924,40.59221],[-73.80925,40.59244],[-73.80929,40.59267],[-73.80934,40.5929],[-73.80942,40.59313],[-73.81565,40.60768],[-73.81566,40.6077],[-73.81567,40.60772],[-73.81568,40.60774],[-73.81569,40.60776],[-73.8157,40.60778],[-73.8157,40.6078],[-73.81571,40.60782],[-73.81572,40.60784],[-73.81573,40.60786],[-73.81574,40.60788],[-73.81575,40.6079],[-73.81575,40.60792],[-73.81576,40.60794],[-73.81577,40.60796],[-73.81578,40.60798],[-73.81581,40.60806],[-73.81584,40.60814],[-73.81587,40.60822],[-73.8159,40.6083],[-73.81592,40.60838]]}},{"type":"Feature","properties":{"route":"J","color":"#8E5C33"},"geometry":{"type":"LineString","coordinates":[[-73.80111,40.70215],[-73.80339,40.70163],[-73.80343,40.70163],[-73.80346,40.70162],[-73.8035,40.70161],[-73.80354,40.7016],[-73.80358,40.70159],[-73.80362,40.70158],[-73.80366,40.70157],[-73.80371,40.70157],[-73.80375,40.70155],[-73.8038,40.70155],[-73.80384,40.70153],[-73.80389,40.70152],[-73.80394,40.70151],[-73.80399,40.7015],[-73.80404,40.70149],[-73.80665,40.70082],[-73.80797,40.70049],[-73.80803,40.70047],[-73.80809,40.70045],[-73.80815,40.70043],[-73.80821,40.70042],[-73.80827,40.7004],[-73.80833,40.70038],[-73.80838,40.70036],[-73.80844,40.70034],[-73.8085,40.70032],[-73.80856,40.70029],[-73.80861,40.70027],[-73.80867,40.70025],[-73.80873,40.70022],[-73.80878,40.7002],[-73.80884,40.70017],[-73.8089,40.70014],[-73.80895,40.70012],[-73.80901,40.70009],[-73.80907,40.70007],[-73.80913,40.70005],[-73.80919,40.70002],[-73.80925,40.7],[-73.80931,40.69998],[-73.80937,40.69996],[-73.80943,40.69994],[-73.80949,40.69992],[-73.80955,40.6999],[-73.80961,40.69988],[-73.80967,40.69986],[-73.80974,40.69985],[-73.8111,40.69946],[-73.81343,40.69879],[-73.81394,40.69866],[-73.81445,40.69856],[-73.81495,40.69849],[-73.81545,40.69846],[-73.81595,40.69846],[-73.81644,40.69849],[-73.81693,40.69856],[-73.81741,40.69866],[-73.81789,40.69879],[-73.81836,40.69895],[-73.81883,40.69915],[-73.8193,40.69938],[-73.81976,40.69965],[-73.82022,40.69994],[-73.82067,40.70027],[-73.82137,40.70083],[-73.82153,40.70094],[-73.82169,40.70104],[-73.82186,40.70113],[-73.82203,40.70121],[-73.8222,40.70128],[-73.82238,40.70133],[-73.82256,40.70138],[-73.82274,40.70141],[-73.82292,40.70143],[-73.82311,40.70145],[-73.82331,40.70145],[-73.8235,40.70144],[-73.8237,40.70142],[-73.8239,40.70139],[-73.82411,40.70135],[-73.82509,40.70108],[-73.82516,40.70106],[-73.82523,40.70104],[-73.8253,40.70102],[-73.82538,40.701],[-73.82545,40.70099],[-73.82553,40.70097],[-73.8256,40.70095],[-73.82568,40.70093],[-73.82575,40.70092],[-73.82583,40.7009],[-73.82591,40.70089],[-73.82599,40.70087],[-73.82607,40.70086],[-73.82615,40.70085],[-73.82623,40.70083],[-73.82829,40.70049],[-73.82963,40.70028],[-73.8297,40.70027],[-73.82977,40.70025],[-73.82984,40.70024],[-73.8299,40.70023],[-73.82997,40.70021],[-73.83004,40.7002],[-73.8301,40.70018],[-73.83017,40.70017],[-73.83023,40.70016],[-73.83029,40.70014],[-73.83035,40.70013],[-73.83041,40.70012],[-73.83047,40.70011],[-73.83053,40.70009],[-73.83058,40.70008],[-73.83179,40.69977],[-73.83186,40.69975],[-73.83192,40.69973],[-73.83198,40.69971],[-73.83204,40.69969],[-73.8321,40.69967],[-73.83216,40.69965],[-73.83223,40.69963],[-73.83229,40.6996],[-73.83236,40.69958],[-73.83242,40.69955],[-73.83248,40.69952],[-73.83255,40.6995],[-73.83262,40.69947],[-73.83268,40.69944],[-73.83275,40.6994],[-73.8355,40.69791],[-73.83557,40.69787],[-73.83562,40.69784],[-73.83568,40.69781],[-73.83575,40.69777],[-73.8358,40.69774],[-73.83586,40.69771],[-73.83592,40.69767],[-73.83597,40.69764],[-73.83603,40.69761],[-73.83608,40.69758],[-73.83614,40.69754],[-73.83619,40.69751],[-73.83624,40.69748],[-73.83629,40.69745],[-73.83634,40.69742],[-73.8382,40.69616],[-73.83833,40.69608],[-73.83847,40.696],[-73.8386,40.69593],[-73.83874,40.69586],[-73.83889,40.6958],[-73.83903,40.69574],[-73.83918,40.69568],[-73.83933,40.69562],[-73.83948,40.69557],[-73.83963,40.69553],[-73.83979,40.69549],[-73.83995,40.69545],[-73.84011,40.69542],[-73.84028,40.69539],[-73.84044,40.69536],[-73.84059,40.69535],[-73.84073,40.69533],[-73.84087,40.69531],[-73.841,40.6953],[-73.84114,40.69528],[-73.84127,40.69527],[-73.8414,40.69526],[-73.84152,40.69525],[-73.84165,40.69524],[-73.84177,40.69523],[-73.84189,40.69522],[-73.842,40.69522],[-73.84211,40.69521],[-73.84222,40.69521],[-73.84233,40.6952],[-73.84433,40.69518],[-73.8451,40.69517],[-73.84519,40.69517],[-73.84527,40.69517],[-73.84535,40.69516],[-73.84543,40.69516],[-73.84551,40.69515],[-73.84559,40.69515],[-73.84567,40.69514],[-73.84574,40.69513],[-73.84582,40.69513],[-73.84589,40.69512],[-73.84596,40.69511],[-73.84603,40.6951],[-73.84609,40.69509],[-73.84616,40.69508],[-73.84623,40.69507],[-73.85012,40.69431],[-73.85021,40.69429],[-73.8503,40.69427],[-73.85039,40.69425],[-73.85049,40.69423],[-73.85058,40.6942],[-73.85067,40.69418],[-73.85077,40.69415],[-73.85086,40.69412],[-73.85096,40.69409],[-73.85106,40.69406],[-73.85116,40.69403],[-73.85126,40.69399],[-73.85137,40.69396],[-73.85147,40.69392],[-73.85158,40.69388],[-73.85378,40.69307],[-73.85389,40.69303],[-73.854,40.69299],[-73.85412,40.69296],[-73.85423,40.69293],[-73.85435,40.6929],[-73.85447,40.69287],[-73.85459,40.69284],[-73.85471,40.69282],[-73.85484,40.6928],[-73.85496,40.69278],[-73.85509,40.69276],[-73.85522,40.69275],[-73.85534,40.69274],[-73.85548,40.69273],[-73.85561,40.69272],[-73.85886,40.69254],[-73.85894,40.69253],[-73.85902,40.69253],[-73.85909,40.69252],[-73.85917,40.69252],[-73.85925,40.69251],[-73.85932,40.69251],[-73.8594,40.6925],[-73.85947,40.69249],[-73.85955,40.69248],[-73.85963,40.69248],[-73.8597,40.69247],[-73.85978,40.69246],[-73.85986,40.69245],[-73.85993,40.69244],[-73.86001,40.69244],[-73.86197,40.69217],[-73.86203,40.69217],[-73.86208,40.69216],[-73.86214,40.69215],[-73.8622,40.69214],[-73.86225,40.69213],[-73.86231,40.69212],[-73.86237,40.69212],[-73.86242,40.69211],[-73.86248,40.6921],[-73.86254,40.69209],[-73.86259,40.69208],[-73.86265,40.69207],[-73.86271,40.69206],[-73.86276,40.69205],[-73.86282,40.69204],[-73.8657,40.69156],[-73.86575,40.69155],[-73.8658,40.69154],[-73.86584,40.69153],[-73.86589,40.69152],[-73.86594,40.69151],[-73.86599,40.6915],[-73.86604,40.6915],[-73.8661,40.69149],[-73.86615,40.69148],[-73.8662,40.69147],[-73.86625,40.69146],[-73.86631,40.69145],[-73.86637,40.69144],[-73.86642,40.69143],[-73.86648,40.69143],[-73.86714,40.69132],[-73.86819,40.69116],[-73.86824,40.69116],[-73.86829,40.69115],[-73.86834,40.69114],[-73.86839,40.69113],[-73.86844,40.69112],[-73.86848,40.69111],[-73.86853,40.6911],[-73.86858,40.69109],[-73.86863,40.69108],[-73.86868,40.69107],[-73.86873,40.69106],[-73.86877,40.69105],[-73.86882,40.69104],[-73.86887,40.69103],[-73.86892,40.69102],[-73.87114,40.69045],[-73.87121,40.69043],[-73.87128,40.69041],[-73.87135,40.6904],[-73.87141,40.69038],[-73.87148,40.69036],[-73.87154,40.69034],[-73.8716,40.69032],[-73.87166,40.6903],[-73.87171,40.69028],[-73.87177,40.69026],[-73.87183,40.69024],[-73.87188,40.69022],[-73.87193,40.69021],[-73.87198,40.69019],[-73.87203,40.69017],[-73.87255,40.68994],[-73.87358,40.6895],[-73.87364,40.68947],[-73.87369,40.68943],[-73.87374,40.68939],[-73.87379,40.68936],[-73.87382,40.68932],[-73.87386,40.68927],[-73.87388,40.68923],[-73.8739,40.68918],[-73.87391,40.68913],[-73.87392,40.68908],[-73.87392,40.68902],[-73.87392,40.68897],[-73.87391,40.68891],[-73.87389,40.68885],[-73.87387,40.68878],[-73.87333,40.68724],[-73.87332,40.68719],[-73.8733,40.68715],[-73.87328,40.68711],[-73.87327,40.68706],[-73.87325,40.68702],[-73.87324,40.68697],[-73.87322,40.68692],[-73.87321,40.68687],[-73.87319,40.68682],[-73.87317,40.68677],[-73.87315,40.68672],[-73.87314,40.68666],[-73.87312,40.68661],[-73.8731,40.68655],[-73.87308,40.6865],[-73.87233,40.68411],[-73.87231,40.68405],[-73.87231,40.68399],[-73.87231,40.68394],[-73.87231,40.68389],[-73.87232,40.68384],[-73.87234,40.6838],[-73.87236,40.68375],[-73.87238,40.68371],[-73.87242,40.68367],[-73.87245,40.68364],[-73.8725,40.68361],[-73.87254,40.68357],[-73.8726,40.68355],[-73.87266,40.68352],[-73.87272,40.6835],[-73.87378,40.68319],[-73.87902,40.68171],[-73.87909,40.68169],[-73.87916,40.68167],[-73.87923,40.68165],[-73.87929,40.68163],[-73.87936,40.68161],[-73.87943,40.68159],[-73.8795,40.68157],[-73.87956,40.68155],[-73.87963,40.68153],[-73.8797,40.68151],[-73.87977,40.68149],[-73.87984,40.68147],[-73.8799,40.68145],[-73.87997,40.68143],[-73.88004,40.68141],[-73.88464,40.67995],[-73.88957,40.67838],[-73.8896,40.67836],[-73.88963,40.67836],[-73.88966,40.67835],[-73.88969,40.67834],[-73.88972,40.67833],[-73.88975,40.67833],[-73.88978,40.67832],[-73.8898,40.67831],[-73.88983,40.67831],[-73.88985,40.6783],[-73.88988,40.6783],[-73.8899,40.67829],[-73.88993,40.67829],[-73.88995,40.67828],[-73.88998,40.67828],[-73.89169,40.67802],[-73.89865,40.67699],[-73.89956,40.67686],[-73.89961,40.67685],[-73.89966,40.67685],[-73.89971,40.67685],[-73.89976,40.67685],[-73.89981,40.67685],[-73.89985,40.67685],[-73.8999,40.67686],[-73.89995,40.67687],[-73.9,40.67688],[-73.90005,40.6769],[-73.90009,40.67691],[-73.90014,40.67693],[-73.90019,40.67695],[-73.90024,40.67698],[-73.90028,40.677],[-73.90451,40.6795],[-73.91046,40.68289],[-73.91656,40.68637],[-73.92227,40.68963],[-73.92881,40.69334],[-73.93468,40.69665],[-73.93566,40.69721],[-73.94113,40.70026],[-73.94194,40.70073],[-73.94198,40.70075],[-73.94202,40.70078],[-73.94206,40.7008],[-73.9421,40.70082],[-73.94214,40.70085],[-73.94218,40.70087],[-73.94222,40.7009],[-73.94226,40.70092],[-73.9423,40.70095],[-73.94234,40.70097],[-73.94238,40.701],[-73.94242,40.70102],[-73.94246,40.70105],[-73.9425,40.70108],[-73.94254,40.7011],[-73.94258,40.70113],[-73.94261,40.70115],[-73.94265,40.70118],[-73.94269,40.7012],[-73.94273,40.70123],[-73.94277,40.70125],[-73.94281,40.70128],[-73.94285,40.7013],[-73.94289,40.70133],[-73.94293,40.70135],[-73.94297,40.70138],[-73.94301,40.7014],[-73.94305,40.70143],[-73.94309,40.70145],[-73.94313,40.70147],[-73.94741,40.70387],[-73.95141,40.7061],[-73.95145,40.70613],[-73.9515,40.70615],[-73.95154,40.70617],[-73.95159,40.70619],[-73.95163,40.70622],[-73.95168,40.70624],[-73.95172,40.70626],[-73.95176,40.70628],[-73.95181,40.7063],[-73.95185,40.70632],[-73.9519,40.70634],[-73.95194,40.70635],[-73.95199,40.70637],[-73.95204,40.70639],[-73.95208,40.70641],[-73.95343,40.70687],[-73.95776,40.70836],[-73.95918,40.70885],[-73.95921,40.70886],[-73.95924,40.70887],[-73.95926,40.70888],[-73.95928,40.70889],[-73.95931,40.70891],[-73.95933,40.70892],[-73.95935,40.70893],[-73.95937,40.70894],[-73.9594,40.70895],[-73.95942,40.70897],[-73.95943,40.70898],[-73.95945,40.70899],[-73.95947,40.70901],[-73.95949,40.70902],[-73.95951,40.70903],[-73.96071,40.71001],[-73.96074,40.71003],[-73.96076,40.71005],[-73.96079,40.71007],[-73.96082,40.71008],[-73.96085,40.7101],[-73.96088,40.71012],[-73.96091,40.71014],[-73.96095,40.71015],[-73.96098,40.71017],[-73.96101,40.71019],[-73.96105,40.7102],[-73.96108,40.71021],[-73.96112,40.71023],[-73.96115,40.71024],[-73.96119,40.71025],[-73.9789,40.71563],[-73.98439,40.71729],[-73.98444,40.7173],[-73.98449,40.71732],[-73.98454,40.71733],[-73.98459,40.71735],[-73.98464,40.71737],[-73.98469,40.71739],[-73.98474,40.7174],[-73.98479,40.71742],[-73.98484,40.71744],[-73.98489,40.71746],[-73.98494,40.71748],[-73.985,40.7175],[-73.98505,40.71752],[-73.9851,40.71754],[-73.98515,40.71756],[-73.98529,40.71762],[-73.98533,40.71763],[-73.98537,40.71765],[-73.98541,40.71766],[-73.98546,40.71768],[-73.9855,40.71769],[-73.98554,40.71771],[-73.98559,40.71773],[-73.98563,40.71774],[-73.98568,40.71776],[-73.98573,40.71778],[-73.98578,40.71779],[-73.98583,40.71781],[-73.98588,40.71783],[-73.98593,40.71784],[-73.98598,40.71786],[-73.98744,40.71831],[-73.99089,40.71936],[-73.99392,40.72028],[-73.99666,40.7212],[-73.99673,40.72121],[-73.9968,40.72123],[-73.99687,40.72124],[-73.99694,40.72124],[-73.997,40.72124],[-73.99706,40.72123],[-73.99712,40.72122],[-73.99718,40.7212],[-73.99724,40.72118],[-73.99729,40.72115],[-73.99735,40.72112],[-73.9974,40.72108],[-73.99744,40.72104],[-73.99749,40.72099],[-73.99753,40.72094],[-73.99894,40.71927],[-73.99896,40.71925],[-73.99898,40.71923],[-73.99899,40.71921],[-73.99901,40.71919],[-73.99903,40.71917],[-73.99905,40.71914],[-73.99907,40.71912],[-73.99908,40.7191],[-73.9991,40.71908],[-73.99912,40.71906],[-73.99914,40.71904],[-73.99916,40.71901],[-73.99917,40.71899],[-73.99919,40.71897],[-73.99921,40.71895],[-73.99989,40.71809],[-74.00032,40.71757],[-74.00035,40.71753],[-74.00038,40.7175],[-74.0004,40.71747],[-74.00043,40.71743],[-74.00045,40.7174],[-74.00048,40.71737],[-74.0005,40.71734],[-74.00053,40.71731],[-74.00055,40.71728],[-74.00058,40.71724],[-74.0006,40.71722],[-74.00062,40.71719],[-74.00064,40.71716],[-74.00066,40.71713],[-74.00069,40.7171],[-74.00248,40.71467],[-74.0025,40.71463],[-74.00253,40.7146],[-74.00255,40.71456],[-74.00258,40.71453],[-74.0026,40.71449],[-74.00263,40.71446],[-74.00265,40.71442],[-74.00268,40.71439],[-74.0027,40.71435],[-74.00272,40.71432],[-74.00275,40.71428],[-74.00277,40.71425],[-74.00279,40.71421],[-74.00281,40.71418],[-74.00283,40.71414],[-74.0034,40.71324],[-74.0038,40.71262],[-74.00383,40.71259],[-74.00385,40.71255],[-74.00388,40.71252],[-74.00392,40.71249],[-74.00395,40.71246],[-74.00399,40.71244],[-74.00403,40.71241],[-74.00407,40.71239],[-74.00412,40.71237],[-74.00417,40.71235],[-74.00422,40.71233],[-74.00427,40.71231],[-74.00433,40.7123],[-74.00439,40.71229],[-74.00445,40.71227],[-74.00468,40.71224],[-74.00474,40.71223],[-74.00479,40.71222],[-74.00484,40.71222],[-74.0049,40.7122],[-74.00495,40.71219],[-74.005,40.71218],[-74.00505,40.71216],[-74.00509,40.71215],[-74.00514,40.71213],[-74.00519,40.71211],[-74.00523,40.71209],[-74.00528,40.71207],[-74.00532,40.71205],[-74.00537,40.71203],[-74.00541,40.71201],[-74.00711,40.71078],[-74.00713,40.71077],[-74.00716,40.71075],[-74.00718,40.71073],[-74.00721,40.71071],[-74.00724,40.71069],[-74.00727,40.71066],[-74.0073,40.71064],[-74.00733,40.71061],[-74.00736,40.71058],[-74.0074,40.71055],[-74.00743,40.71052],[-74.00747,40.71048],[-74.0075,40.71045],[-74.00754,40.71041],[-74.00758,40.71037],[-74.0076,40.71036],[-74.00762,40.71034],[-74.00764,40.71032],[-74.00766,40.71031],[-74.00768,40.71029],[-74.0077,40.71027],[-74.00772,40.71024],[-74.00774,40.71022],[-74.00777,40.7102],[-74.0078,40.71017],[-74.00782,40.71014],[-74.00785,40.71012],[-74.00788,40.71008],[-74.00791,40.71005],[-74.00794,40.71002],[-74.00872,40.70922],[-74.00875,40.70919],[-74.00877,40.70917],[-74.0088,40.70914],[-74.00882,40.70912],[-74.00884,40.70909],[-74.00887,40.70907],[-74.00889,40.70905],[-74.00891,40.70903],[-74.00893,40.70901],[-74.00895,40.70899],[-74.00897,40.70898],[-74.00899,40.70896],[-74.00901,40.70894],[-74.00903,40.70893],[-74.00904,40.70891],[-74.00921,40.70877],[-74.00923,40.70875],[-74.00925,40.70873],[-74.00928,40.70871],[-74.0093,40.70868],[-74.00932,40.70866],[-74.00935,40.70864],[-74.00937,40.70861],[-74.00939,40.70859],[-74.00942,40.70856],[-74.00944,40.70854],[-74.00947,40.70851],[-74.00949,40.70849],[-74.00952,40.70846],[-74.00955,40.70843],[-74.00957,40.7084],[-74.01036,40.70753],[-74.01038,40.7075],[-74.01041,40.70747],[-74.01043,40.70744],[-74.01043,40.70744],[-74.01046,40.70741],[-74.01048,40.70738],[-74.0105,40.70735],[-74.01053,40.70732],[-74.01055,40.70729],[-74.01057,40.70726],[-74.01059,40.70723],[-74.01061,40.7072],[-74.01063,40.70717],[-74.01065,40.70713],[-74.01067,40.7071],[-74.01069,40.70707],[-74.01106,40.70648]]}},{"type":"Feature","properties":{"route":"J","color":"#8E5C33"},"geometry":{"type":"LineString","coordinates":[[-74.01106,40.70648],[-74.01069,40.70707],[-74.01067,40.7071],[-74.01065,40.70713],[-74.01063,40.70717],[-74.01061,40.7072],[-74.01059,40.70723],[-74.01057,40.70726],[-74.01055,40.70729],[-74.01053,40.70732],[-74.0105,40.70735],[-74.01048,40.70738],[-74.01046,40.70741],[-74.01043,40.70744],[-74.01041,40.70747],[-74.01038,40.7075],[-74.01036,40.70753],[-74.00957,40.7084],[-74.00955,40.70843],[-74.00952,40.70846],[-74.00949,40.70849],[-74.00947,40.70851],[-74.00944,40.70854],[-74.00942,40.70856],[-74.00939,40.70859],[-74.00937,40.70861],[-74.00935,40.70864],[-74.00932,40.70866],[-74.0093,40.70868],[-74.00928,40.70871],[-74.00925,40.70873],[-74.00923,40.70875],[-74.00921,40.70877],[-74.00904,40.70891],[-74.00903,40.70893],[-74.00901,40.70894],[-74.00899,40.70896],[-74.00897,40.70898],[-74.00895,40.70899],[-74.00893,40.70901],[-74.00891,40.70903],[-74.00889,40.70905],[-74.00887,40.70907],[-74.00884,40.70909],[-74.00882,40.70912],[-74.0088,40.70914],[-74.00877,40.70917],[-74.00875,40.70919],[-74.00872,40.70922],[-74.00794,40.71002],[-74.00791,40.71005],[-74.00788,40.71008],[-74.00785,40.71012],[-74.00782,40.71014],[-74.0078,40.71017],[-74.00777,40.7102],[-74.00774,40.71022],[-74.00772,40.71024],[-74.0077,40.71027],[-74.00768,40.71029],[-74.00766,40.71031],[-74.00764,40.71032],[-74.00762,40.71034],[-74.0076,40.71036],[-74.00758,40.71037],[-74.00754,40.71041],[-74.0075,40.71045],[-74.00747,40.71048],[-74.00743,40.71052],[-74.0074,40.71055],[-74.00736,40.71058],[-74.00733,40.71061],[-74.0073,40.71064],[-74.00727,40.71066],[-74.00724,40.71069],[-74.00721,40.71071],[-74.00718,40.71073],[-74.00716,40.71075],[-74.00713,40.71077],[-74.00711,40.71078],[-74.00541,40.71201],[-74.00537,40.71203],[-74.00532,40.71205],[-74.00528,40.71207],[-74.00523,40.71209],[-74.00519,40.71211],[-74.00514,40.71213],[-74.00509,40.71215],[-74.00505,40.71216],[-74.005,40.71218],[-74.00495,40.71219],[-74.0049,40.7122],[-74.00484,40.71222],[-74.00479,40.71222],[-74.00474,40.71223],[-74.00468,40.71224],[-74.00445,40.71227],[-74.00439,40.71229],[-74.00433,40.7123],[-74.00427,40.71231],[-74.00422,40.71233],[-74.00417,40.71235],[-74.00412,40.71237],[-74.00407,40.71239],[-74.00403,40.71241],[-74.00399,40.71244],[-74.00395,40.71246],[-74.00392,40.71249],[-74.00388,40.71252],[-74.00385,40.71255],[-74.00383,40.71259],[-74.0038,40.71262],[-74.0034,40.71324],[-74.00283,40.71414],[-74.00281,40.71418],[-74.00279,40.71421],[-74.00277,40.71425],[-74.00275,40.71428],[-74.00272,40.71432],[-74.0027,40.71435],[-74.00268,40.71439],[-74.00265,40.71442],[-74.00263,40.71446],[-74.0026,40.71449],[-74.00258,40.71453],[-74.00255,40.71456],[-74.00253,40.7146],[-74.0025,40.71463],[-74.00248,40.71467],[-74.00069,40.7171],[-74.00066,40.71713],[-74.00064,40.71716],[-74.00062,40.71719],[-74.0006,40.71722],[-74.00058,40.71724],[-74.00055,40.71728],[-74.00053,40.71731],[-74.0005,40.71734],[-74.00048,40.71737],[-74.00045,40.7174],[-74.00043,40.71743],[-74.0004,40.71747],[-74.00038,40.7175],[-74.00035,40.71753],[-74.00032,40.71757],[-73.99989,40.71809],[-73.99921,40.71895],[-73.99919,40.71897],[-73.99917,40.71899],[-73.99916,40.71901],[-73.99914,40.71904],[-73.99912,40.71906],[-73.9991,40.71908],[-73.99908,40.7191],[-73.99907,40.71912],[-73.99905,40.71914],[-73.99903,40.71917],[-73.99901,40.71919],[-73.99899,40.71921],[-73.99898,40.71923],[-73.99896,40.71925],[-73.99894,40.71927],[-73.99753,40.72094],[-73.99749,40.72099],[-73.99744,40.72104],[-73.9974,40.72108],[-73.99735,40.72112],[-73.99729,40.72115],[-73.99724,40.72118],[-73.99718,40.7212],[-73.99712,40.72122],[-73.99706,40.72123],[-73.997,40.72124],[-73.99694,40.72124],[-73.99687,40.72124],[-73.9968,40.72123],[-73.99673,40.72121],[-73.99666,40.7212],[-73.99392,40.72028],[-73.99089,40.71936],[-73.98744,40.71831],[-73.98598,40.71786],[-73.98593,40.71784],[-73.98588,40.71783],[-73.98583,40.71781],[-73.98578,40.71779],[-73.98573,40.71778],[-73.98568,40.71776],[-73.98563,40.71774],[-73.98559,40.71773],[-73.98554,40.71771],[-73.9855,40.71769],[-73.98546,40.71768],[-73.98541,40.71766],[-73.98537,40.71765],[-73.98533,40.71763],[-73.98529,40.71762],[-73.98515,40.71756],[-73.9851,40.71754],[-73.98505,40.71752],[-73.985,40.7175],[-73.98494,40.71748],[-73.98489,40.71746],[-73.98484,40.71744],[-73.98479,40.71742],[-73.98474,40.7174],[-73.98469,40.71739],[-73.98464,40.71737],[-73.98459,40.71735],[-73.98454,40.71733],[-73.98449,40.71732],[-73.98444,40.7173],[-73.98439,40.71729],[-73.9789,40.71563],[-73.96119,40.71025],[-73.96115,40.71024],[-73.96112,40.71023],[-73.96108,40.71021],[-73.96105,40.7102],[-73.96101,40.71019],[-73.96098,40.71017],[-73.96095,40.71015],[-73.96091,40.71014],[-73.96088,40.71012],[-73.96085,40.7101],[-73.96082,40.71008],[-73.96079,40.71007],[-73.96076,40.71005],[-73.96074,40.71003],[-73.96071,40.71001],[-73.95951,40.70903],[-73.95949,40.70902],[-73.95947,40.70901],[-73.95945,40.70899],[-73.95943,40.70898],[-73.95942,40.70897],[-73.9594,40.70895],[-73.95937,40.70894],[-73.95935,40.70893],[-73.95933,40.70892],[-73.95931,40.70891],[-73.95928,40.70889],[-73.95926,40.70888],[-73.95924,40.70887],[-73.95921,40.70886],[-73.95918,40.70885],[-73.95776,40.70836],[-73.95343,40.70687],[-73.95208,40.70641],[-73.95204,40.70639],[-73.95199,40.70637],[-73.95194,40.70635],[-73.9519,40.70634],[-73.95185,40.70632],[-73.95181,40.7063],[-73.95176,40.70628],[-73.95172,40.70626],[-73.95168,40.70624],[-73.95163,40.70622],[-73.95159,40.70619],[-73.95154,40.70617],[-73.9515,40.70615],[-73.95145,40.70613],[-73.95141,40.7061],[-73.94741,40.70387],[-73.94313,40.70147],[-73.94309,40.70145],[-73.94305,40.70143],[-73.94301,40.7014],[-73.94297,40.70138],[-73.94293,40.70135],[-73.94289,40.70133],[-73.94285,40.7013],[-73.94281,40.70128],[-73.94277,40.70125],[-73.94273,40.70123],[-73.94269,40.7012],[-73.94265,40.70118],[-73.94261,40.70115],[-73.94258,40.70113],[-73.94254,40.7011],[-73.9425,40.70108],[-73.94246,40.70105],[-73.94242,40.70102],[-73.94238,40.701],[-73.94234,40.70097],[-73.9423,40.70095],[-73.94226,40.70092],[-73.94222,40.7009],[-73.94218,40.70087],[-73.94214,40.70085],[-73.9421,40.70082],[-73.94206,40.7008],[-73.94202,40.70078],[-73.94198,40.70075],[-73.94194,40.70073],[-73.94113,40.70026],[-73.93566,40.69721],[-73.93468,40.69665],[-73.92881,40.69334],[-73.92227,40.68963],[-73.91656,40.68637],[-73.91046,40.68289],[-73.90451,40.6795],[-73.90028,40.677],[-73.90024,40.67698],[-73.90019,40.67695],[-73.90014,40.67693],[-73.90009,40.67691],[-73.90005,40.6769],[-73.9,40.67688],[-73.89995,40.67687],[-73.8999,40.67686],[-73.89985,40.67685],[-73.89981,40.67685],[-73.89976,40.67685],[-73.89971,40.67685],[-73.89966,40.67685],[-73.89961,40.67685],[-73.89956,40.67686],[-73.89865,40.67699],[-73.89169,40.67802],[-73.88998,40.67828],[-73.88995,40.67828],[-73.88993,40.67829],[-73.8899,40.67829],[-73.88988,40.6783],[-73.88985,40.6783],[-73.88983,40.67831],[-73.8898,40.67831],[-73.88978,40.67832],[-73.88975,40.67833],[-73.88972,40.67833],[-73.88969,40.67834],[-73.88966,40.67835],[-73.88963,40.67836],[-73.8896,40.67836],[-73.88957,40.67838],[-73.88464,40.67995],[-73.88004,40.68141],[-73.87997,40.68143],[-73.8799,40.68145],[-73.87984,40.68147],[-73.87977,40.68149],[-73.8797,40.68151],[-73.87963,40.68153],[-73.87956,40.68155],[-73.8795,40.68157],[-73.87943,40.68159],[-73.87936,40.68161],[-73.87929,40.68163],[-73.87923,40.68165],[-73.87916,40.68167],[-73.87909,40.68169],[-73.87902,40.68171],[-73.87378,40.68319],[-73.87272,40.6835],[-73.87266,40.68352],[-73.8726,40.68355],[-73.87254,40.68357],[-73.8725,40.68361],[-73.87245,40.68364],[-73.87242,40.68367],[-73.87238,40.68371],[-73.87236,40.68375],[-73.87234,40.6838],[-73.87232,40.68384],[-73.87231,40.68389],[-73.87231,40.68394],[-73.87231,40.68399],[-73.87231,40.68405],[-73.87233,40.68411],[-73.87308,40.6865],[-73.8731,40.68655],[-73.87312,40.68661],[-73.87314,40.68666],[-73.87315,40.68672],[-73.87317,40.68677],[-73.87319,40.68682],[-73.87321,40.68687],[-73.87322,40.68692],[-73.87324,40.68697],[-73.87325,40.68702],[-73.87327,40.68706],[-73.87328,40.68711],[-73.8733,40.68715],[-73.87332,40.68719],[-73.87333,40.68724],[-73.87387,40.68878],[-73.87389,40.68885],[-73.87391,40.68891],[-73.87392,40.68897],[-73.87392,40.68902],[-73.87392,40.68908],[-73.87391,40.68913],[-73.8739,40.68918],[-73.87388,40.68923],[-73.87386,40.68927],[-73.87382,40.68932],[-73.87379,40.68936],[-73.87374,40.68939],[-73.87369,40.68943],[-73.87364,40.68947],[-73.87358,40.6895],[-73.87255,40.68994],[-73.87203,40.69017],[-73.87198,40.69019],[-73.87193,40.69021],[-73.87188,40.69022],[-73.87183,40.69024],[-73.87177,40.69026],[-73.87171,40.69028],[-73.87166,40.6903],[-73.8716,40.69032],[-73.87154,40.69034],[-73.87148,40.69036],[-73.87141,40.69038],[-73.87135,40.6904],[-73.87128,40.69041],[-73.87121,40.69043],[-73.87114,40.69045],[-73.86892,40.69102],[-73.86887,40.69103],[-73.86882,40.69104],[-73.86877,40.69105],[-73.86873,40.69106],[-73.86868,40.69107],[-73.86863,40.69108],[-73.86858,40.69109],[-73.86853,40.6911],[-73.86848,40.69111],[-73.86844,40.69112],[-73.86839,40.69113],[-73.86834,40.69114],[-73.86829,40.69115],[-73.86824,40.69116],[-73.86819,40.69116],[-73.86714,40.69132],[-73.86648,40.69143],[-73.86642,40.69143],[-73.86637,40.69144],[-73.86631,40.69145],[-73.86625,40.69146],[-73.8662,40.69147],[-73.86615,40.69148],[-73.8661,40.69149],[-73.86604,40.6915],[-73.86599,40.6915],[-73.86594,40.69151],[-73.86589,40.69152],[-73.86584,40.69153],[-73.8658,40.69154],[-73.86575,40.69155],[-73.8657,40.69156],[-73.86282,40.69204],[-73.86276,40.69205],[-73.86271,40.69206],[-73.86265,40.69207],[-73.86259,40.69208],[-73.86254,40.69209],[-73.86248,40.6921],[-73.86242,40.69211],[-73.86237,40.69212],[-73.86231,40.69212],[-73.86225,40.69213],[-73.8622,40.69214],[-73.86214,40.69215],[-73.86208,40.69216],[-73.86203,40.69217],[-73.86197,40.69217],[-73.86001,40.69244],[-73.85993,40.69244],[-73.85986,40.69245],[-73.85978,40.69246],[-73.8597,40.69247],[-73.85963,40.69248],[-73.85955,40.69248],[-73.85947,40.69249],[-73.8594,40.6925],[-73.85932,40.69251],[-73.85925,40.69251],[-73.85917,40.69252],[-73.85909,40.69252],[-73.85902,40.69253],[-73.85894,40.69253],[-73.85886,40.69254],[-73.85561,40.69272],[-73.85548,40.69273],[-73.85534,40.69274],[-73.85522,40.69275],[-73.85509,40.69276],[-73.85496,40.69278],[-73.85484,40.6928],[-73.85471,40.69282],[-73.85459,40.69284],[-73.85447,40.69287],[-73.85435,40.6929],[-73.85423,40.69293],[-73.85412,40.69296],[-73.854,40.69299],[-73.85389,40.69303],[-73.85378,40.69307],[-73.85158,40.69388],[-73.85147,40.69392],[-73.85137,40.69396],[-73.85126,40.69399],[-73.85116,40.69403],[-73.85106,40.69406],[-73.85096,40.69409],[-73.85086,40.69412],[-73.85077,40.69415],[-73.85067,40.69418],[-73.85058,40.6942],[-73.85049,40.69423],[-73.85039,40.69425],[-73.8503,40.69427],[-73.85021,40.69429],[-73.85012,40.69431],[-73.84623,40.69507],[-73.84616,40.69508],[-73.84609,40.69509],[-73.84603,40.6951],[-73.84596,40.69511],[-73.84589,40.69512],[-73.84582,40.69513],[-73.84574,40.69513],[-73.84567,40.69514],[-73.84559,40.69515],[-73.84551,40.69515],[-73.84543,40.69516],[-73.84535,40.69516],[-73.84527,40.69517],[-73.84519,40.69517],[-73.8451,40.69517],[-73.84433,40.69518],[-73.84233,40.6952],[-73.84222,40.69521],[-73.84211,40.69521],[-73.842,40.69522],[-73.84189,40.69522],[-73.84177,40.69523],[-73.84165,40.69524],[-73.84152,40.69525],[-73.8414,40.69526],[-73.84127,40.69527],[-73.84114,40.69528],[-73.841,40.6953],[-73.84087,40.69531],[-73.84073,40.69533],[-73.84059,40.69535],[-73.84044,40.69536],[-73.84028,40.69539],[-73.84011,40.69542],[-73.83995,40.69545],[-73.83979,40.69549],[-73.83963,40.69553],[-73.83948,40.69557],[-73.83933,40.69562],[-73.83918,40.69568],[-73.83903,40.69574],[-73.83889,40.6958],[-73.83874,40.69586],[-73.8386,40.69593],[-73.83847,40.696],[-73.83833,40.69608],[-73.8382,40.69616],[-73.83634,40.69742],[-73.83629,40.69745],[-73.83624,40.69748],[-73.83619,40.69751],[-73.83614,40.69754],[-73.83608,40.69758],[-73.83603,40.69761],[-73.83597,40.69764],[-73.83592,40.69767],[-73.83586,40.69771],[-73.8358,40.69774],[-73.83575,40.69777],[-73.83568,40.69781],[-73.83562,40.69784],[-73.83557,40.69787],[-73.8355,40.69791],[-73.83275,40.6994],[-73.83268,40.69944],[-73.83262,40.69947],[-73.83255,40.6995],[-73.83248,40.69952],[-73.83242,40.69955],[-73.83236,40.69958],[-73.83229,40.6996],[-73.83223,40.69963],[-73.83216,40.69965],[-73.8321,40.69967],[-73.83204,40.69969],[-73.83198,40.69971],[-73.83192,40.69973],[-73.83186,40.69975],[-73.83179,40.69977],[-73.83058,40.70008],[-73.83053,40.70009],[-73.83047,40.70011],[-73.83041,40.70012],[-73.83035,40.70013],[-73.83029,40.70014],[-73.83023,40.70016],[-73.83017,40.70017],[-73.8301,40.70018],[-73.83004,40.7002],[-73.82997,40.70021],[-73.8299,40.70023],[-73.82984,40.70024],[-73.82977,40.70025],[-73.8297,40.70027],[-73.82963,40.70028],[-73.82829,40.70049],[-73.82623,40.70083],[-73.82615,40.70085],[-73.82607,40.70086],[-73.82599,40.70087],[-73.82591,40.70089],[-73.82583,40.7009],[-73.82575,40.70092],[-73.82568,40.70093],[-73.8256,40.70095],[-73.82553,40.70097],[-73.82545,40.70099],[-73.82538,40.701],[-73.8253,40.70102],[-73.82523,40.70104],[-73.82516,40.70106],[-73.82509,40.70108],[-73.82411,40.70135],[-73.8239,40.70139],[-73.8237,40.70142],[-73.8235,40.70144],[-73.82331,40.70145],[-73.82311,40.70145],[-73.82292,40.70143],[-73.82274,40.70141],[-73.82256,40.70138],[-73.82238,40.70133],[-73.8222,40.70128],[-73.82203,40.70121],[-73.82186,40.70113],[-73.82169,40.70104],[-73.82153,40.70094],[-73.82137,40.70083],[-73.82067,40.70027],[-73.82022,40.69994],[-73.81976,40.69965],[-73.8193,40.69938],[-73.81883,40.69915],[-73.81836,40.69895],[-73.81789,40.69879],[-73.81741,40.69866],[-73.81693,40.69856],[-73.81644,40.69849],[-73.81595,40.69846],[-73.81545,40.69846],[-73.81495,40.69849],[-73.81445,40.69856],[-73.81394,40.69866],[-73.81343,40.69879],[-73.8111,40.69946],[-73.80974,40.69985],[-73.80967,40.69986],[-73.80961,40.69988],[-73.80955,40.6999],[-73.80949,40.69992],[-73.80943,40.69994],[-73.80937,40.69996],[-73.80931,40.69998],[-73.80925,40.7],[-73.80919,40.70002],[-73.80913,40.70005],[-73.80907,40.70007],[-73.80901,40.70009],[-73.80895,40.70012],[-73.8089,40.70014],[-73.80884,40.70017],[-73.80878,40.7002],[-73.80873,40.70022],[-73.80867,40.70025],[-73.80861,40.70027],[-73.80856,40.70029],[-73.8085,40.70032],[-73.80844,40.70034],[-73.80838,40.70036],[-73.80833,40.70038],[-73.80827,40.7004],[-73.80821,40.70042],[-73.80815,40.70043],[-73.80809,40.70045],[-73.80803,40.70047],[-73.80797,40.70049],[-73.80665,40.70082],[-73.80404,40.70149],[-73.80399,40.7015],[-73.80394,40.70151],[-73.80389,40.70152],[-73.80384,40.70153],[-73.8038,40.70155],[-73.80375,40.70155],[-73.80371,40.70157],[-73.80366,40.70157],[-73.80362,40.70158],[-73.80358,40.70159],[-73.80354,40.7016],[-73.8035,40.70161],[-73.80346,40.70162],[-73.80343,40.70163],[-73.80339,40.70163],[-73.80111,40.70215]]}},{"type":"Feature","properties":{"route":"Z","color":"#8E5C33"},"geometry":{"type":"LineString","coordinates":[[-74.01106,40.70648],[-74.01069,40.70707],[-74.01067,40.7071],[-74.01065,40.70713],[-74.01063,40.70717],[-74.01061,40.7072],[-74.01059,40.70723],[-74.01057,40.70726],[-74.01055,40.70729],[-74.01053,40.70732],[-74.0105,40.70735],[-74.01048,40.70738],[-74.01046,40.70741],[-74.01043,40.70744],[-74.01041,40.70747],[-74.01038,40.7075],[-74.01036,40.70753],[-74.00957,40.7084],[-74.00955,40.70843],[-74.00952,40.70846],[-74.00949,40.70849],[-74.00947,40.70851],[-74.00944,40.70854],[-74.00942,40.70856],[-74.00939,40.70859],[-74.00937,40.70861],[-74.00935,40.70864],[-74.00932,40.70866],[-74.0093,40.70868],[-74.00928,40.70871],[-74.00925,40.70873],[-74.00923,40.70875],[-74.00921,40.70877],[-74.00904,40.70891],[-74.00903,40.70893],[-74.00901,40.70894],[-74.00899,40.70896],[-74.00897,40.70898],[-74.00895,40.70899],[-74.00893,40.70901],[-74.00891,40.70903],[-74.00889,40.70905],[-74.00887,40.70907],[-74.00884,40.70909],[-74.00882,40.70912],[-74.0088,40.70914],[-74.00877,40.70917],[-74.00875,40.70919],[-74.00872,40.70922],[-74.00794,40.71002],[-74.00791,40.71005],[-74.00788,40.71008],[-74.00785,40.71012],[-74.00782,40.71014],[-74.0078,40.71017],[-74.00777,40.7102],[-74.00774,40.71022],[-74.00772,40.71024],[-74.0077,40.71027],[-74.00768,40.71029],[-74.00766,40.71031],[-74.00764,40.71032],[-74.00762,40.71034],[-74.0076,40.71036],[-74.00758,40.71037],[-74.00754,40.71041],[-74.0075,40.71045],[-74.00747,40.71048],[-74.00743,40.71052],[-74.0074,40.71055],[-74.00736,40.71058],[-74.00733,40.71061],[-74.0073,40.71064],[-74.00727,40.71066],[-74.00724,40.71069],[-74.00721,40.71071],[-74.00718,40.71073],[-74.00716,40.71075],[-74.00713,40.71077],[-74.00711,40.71078],[-74.00541,40.71201],[-74.00537,40.71203],[-74.00532,40.71205],[-74.00528,40.71207],[-74.00523,40.71209],[-74.00519,40.71211],[-74.00514,40.71213],[-74.00509,40.71215],[-74.00505,40.71216],[-74.005,40.71218],[-74.00495,40.71219],[-74.0049,40.7122],[-74.00484,40.71222],[-74.00479,40.71222],[-74.00474,40.71223],[-74.00468,40.71224],[-74.00445,40.71227],[-74.00439,40.71229],[-74.00433,40.7123],[-74.00427,40.71231],[-74.00422,40.71233],[-74.00417,40.71235],[-74.00412,40.71237],[-74.00407,40.71239],[-74.00403,40.71241],[-74.00399,40.71244],[-74.00395,40.71246],[-74.00392,40.71249],[-74.00388,40.71252],[-74.00385,40.71255],[-74.00383,40.71259],[-74.0038,40.71262],[-74.0034,40.71324],[-74.00283,40.71414],[-74.00281,40.71418],[-74.00279,40.71421],[-74.00277,40.71425],[-74.00275,40.71428],[-74.00272,40.71432],[-74.0027,40.71435],[-74.00268,40.71439],[-74.00265,40.71442],[-74.00263,40.71446],[-74.0026,40.71449],[-74.00258,40.71453],[-74.00255,40.71456],[-74.00253,40.7146],[-74.0025,40.71463],[-74.00248,40.71467],[-74.00069,40.7171],[-74.00066,40.71713],[-74.00064,40.71716],[-74.00062,40.71719],[-74.0006,40.71722],[-74.00058,40.71724],[-74.00055,40.71728],[-74.00053,40.71731],[-74.0005,40.71734],[-74.00048,40.71737],[-74.00045,40.7174],[-74.00043,40.71743],[-74.0004,40.71747],[-74.00038,40.7175],[-74.00035,40.71753],[-74.00032,40.71757],[-73.99989,40.71809],[-73.99921,40.71895],[-73.99919,40.71897],[-73.99917,40.71899],[-73.99916,40.71901],[-73.99914,40.71904],[-73.99912,40.71906],[-73.9991,40.71908],[-73.99908,40.7191],[-73.99907,40.71912],[-73.99905,40.71914],[-73.99903,40.71917],[-73.99901,40.71919],[-73.99899,40.71921],[-73.99898,40.71923],[-73.99896,40.71925],[-73.99894,40.71927],[-73.99753,40.72094],[-73.99749,40.72099],[-73.99744,40.72104],[-73.9974,40.72108],[-73.99735,40.72112],[-73.99729,40.72115],[-73.99724,40.72118],[-73.99718,40.7212],[-73.99712,40.72122],[-73.99706,40.72123],[-73.997,40.72124],[-73.99694,40.72124],[-73.99687,40.72124],[-73.9968,40.72123],[-73.99673,40.72121],[-73.99666,40.7212],[-73.99392,40.72028],[-73.99089,40.71936],[-73.98744,40.71831],[-73.98598,40.71786],[-73.98593,40.71784],[-73.98588,40.71783],[-73.98583,40.71781],[-73.98578,40.71779],[-73.98573,40.71778],[-73.98568,40.71776],[-73.98563,40.71774],[-73.98559,40.71773],[-73.98554,40.71771],[-73.9855,40.71769],[-73.98546,40.71768],[-73.98541,40.71766],[-73.98537,40.71765],[-73.98533,40.71763],[-73.98529,40.71762],[-73.98515,40.71756],[-73.9851,40.71754],[-73.98505,40.71752],[-73.985,40.7175],[-73.98494,40.71748],[-73.98489,40.71746],[-73.98484,40.71744],[-73.98479,40.71742],[-73.98474,40.7174],[-73.98469,40.71739],[-73.98464,40.71737],[-73.98459,40.71735],[-73.98454,40.71733],[-73.98449,40.71732],[-73.98444,40.7173],[-73.98439,40.71729],[-73.9789,40.71563],[-73.96119,40.71025],[-73.96115,40.71024],[-73.96112,40.71023],[-73.96108,40.71021],[-73.96105,40.7102],[-73.96101,40.71019],[-73.96098,40.71017],[-73.96095,40.71015],[-73.96091,40.71014],[-73.96088,40.71012],[-73.96085,40.7101],[-73.96082,40.71008],[-73.96079,40.71007],[-73.96076,40.71005],[-73.96074,40.71003],[-73.96071,40.71001],[-73.95951,40.70903],[-73.95949,40.70902],[-73.95947,40.70901],[-73.95945,40.70899],[-73.95943,40.70898],[-73.95942,40.70897],[-73.9594,40.70895],[-73.95937,40.70894],[-73.95935,40.70893],[-73.95933,40.70892],[-73.95931,40.70891],[-73.95928,40.70889],[-73.95926,40.70888],[-73.95924,40.70887],[-73.95921,40.70886],[-73.95918,40.70885],[-73.95776,40.70836],[-73.95343,40.70687],[-73.95208,40.70641],[-73.95204,40.70639],[-73.95199,40.70637],[-73.95194,40.70635],[-73.9519,40.70634],[-73.95185,40.70632],[-73.95181,40.7063],[-73.95176,40.70628],[-73.95172,40.70626],[-73.95168,40.70624],[-73.95163,40.70622],[-73.95159,40.70619],[-73.95154,40.70617],[-73.9515,40.70615],[-73.95145,40.70613],[-73.95141,40.7061],[-73.94741,40.70387],[-73.94313,40.70147],[-73.94309,40.70145],[-73.94305,40.70143],[-73.94301,40.7014],[-73.94297,40.70138],[-73.94293,40.70135],[-73.94289,40.70133],[-73.94285,40.7013],[-73.94281,40.70128],[-73.94277,40.70125],[-73.94273,40.70123],[-73.94269,40.7012],[-73.94265,40.70118],[-73.94261,40.70115],[-73.94258,40.70113],[-73.94254,40.7011],[-73.9425,40.70108],[-73.94246,40.70105],[-73.94242,40.70102],[-73.94238,40.701],[-73.94234,40.70097],[-73.9423,40.70095],[-73.94226,40.70092],[-73.94222,40.7009],[-73.94218,40.70087],[-73.94214,40.70085],[-73.9421,40.70082],[-73.94206,40.7008],[-73.94202,40.70078],[-73.94198,40.70075],[-73.94194,40.70073],[-73.94113,40.70026],[-73.93566,40.69721],[-73.93468,40.69665],[-73.92881,40.69334],[-73.92227,40.68963],[-73.91656,40.68637],[-73.91046,40.68289],[-73.90451,40.6795],[-73.90028,40.677],[-73.90024,40.67698],[-73.90019,40.67695],[-73.90014,40.67693],[-73.90009,40.67691],[-73.90005,40.6769],[-73.9,40.67688],[-73.89995,40.67687],[-73.8999,40.67686],[-73.89985,40.67685],[-73.89981,40.67685],[-73.89976,40.67685],[-73.89971,40.67685],[-73.89966,40.67685],[-73.89961,40.67685],[-73.89956,40.67686],[-73.89865,40.67699],[-73.89169,40.67802],[-73.88998,40.67828],[-73.88995,40.67828],[-73.88993,40.67829],[-73.8899,40.67829],[-73.88988,40.6783],[-73.88985,40.6783],[-73.88983,40.67831],[-73.8898,40.67831],[-73.88978,40.67832],[-73.88975,40.67833],[-73.88972,40.67833],[-73.88969,40.67834],[-73.88966,40.67835],[-73.88963,40.67836],[-73.8896,40.67836],[-73.88957,40.67838],[-73.88464,40.67995],[-73.88004,40.68141],[-73.87997,40.68143],[-73.8799,40.68145],[-73.87984,40.68147],[-73.87977,40.68149],[-73.8797,40.68151],[-73.87963,40.68153],[-73.87956,40.68155],[-73.8795,40.68157],[-73.87943,40.68159],[-73.87936,40.68161],[-73.87929,40.68163],[-73.87923,40.68165],[-73.87916,40.68167],[-73.87909,40.68169],[-73.87902,40.68171],[-73.87378,40.68319],[-73.87272,40.6835],[-73.87266,40.68352],[-73.8726,40.68355],[-73.87254,40.68357],[-73.8725,40.68361],[-73.87245,40.68364],[-73.87242,40.68367],[-73.87238,40.68371],[-73.87236,40.68375],[-73.87234,40.6838],[-73.87232,40.68384],[-73.87231,40.68389],[-73.87231,40.68394],[-73.87231,40.68399],[-73.87231,40.68405],[-73.87233,40.68411],[-73.87308,40.6865],[-73.8731,40.68655],[-73.87312,40.68661],[-73.87314,40.68666],[-73.87315,40.68672],[-73.87317,40.68677],[-73.87319,40.68682],[-73.87321,40.68687],[-73.87322,40.68692],[-73.87324,40.68697],[-73.87325,40.68702],[-73.87327,40.68706],[-73.87328,40.68711],[-73.8733,40.68715],[-73.87332,40.68719],[-73.87333,40.68724],[-73.87387,40.68878],[-73.87389,40.68885],[-73.87391,40.68891],[-73.87392,40.68897],[-73.87392,40.68902],[-73.87392,40.68908],[-73.87391,40.68913],[-73.8739,40.68918],[-73.87388,40.68923],[-73.87386,40.68927],[-73.87382,40.68932],[-73.87379,40.68936],[-73.87374,40.68939],[-73.87369,40.68943],[-73.87364,40.68947],[-73.87358,40.6895],[-73.87255,40.68994],[-73.87203,40.69017],[-73.87198,40.69019],[-73.87193,40.69021],[-73.87188,40.69022],[-73.87183,40.69024],[-73.87177,40.69026],[-73.87171,40.69028],[-73.87166,40.6903],[-73.8716,40.69032],[-73.87154,40.69034],[-73.87148,40.69036],[-73.87141,40.69038],[-73.87135,40.6904],[-73.87128,40.69041],[-73.87121,40.69043],[-73.87114,40.69045],[-73.86892,40.69102],[-73.86887,40.69103],[-73.86882,40.69104],[-73.86877,40.69105],[-73.86873,40.69106],[-73.86868,40.69107],[-73.86863,40.69108],[-73.86858,40.69109],[-73.86853,40.6911],[-73.86848,40.69111],[-73.86844,40.69112],[-73.86839,40.69113],[-73.86834,40.69114],[-73.86829,40.69115],[-73.86824,40.69116],[-73.86819,40.69116],[-73.86714,40.69132],[-73.86648,40.69143],[-73.86642,40.69143],[-73.86637,40.69144],[-73.86631,40.69145],[-73.86625,40.69146],[-73.8662,40.69147],[-73.86615,40.69148],[-73.8661,40.69149],[-73.86604,40.6915],[-73.86599,40.6915],[-73.86594,40.69151],[-73.86589,40.69152],[-73.86584,40.69153],[-73.8658,40.69154],[-73.86575,40.69155],[-73.8657,40.69156],[-73.86282,40.69204],[-73.86276,40.69205],[-73.86271,40.69206],[-73.86265,40.69207],[-73.86259,40.69208],[-73.86254,40.69209],[-73.86248,40.6921],[-73.86242,40.69211],[-73.86237,40.69212],[-73.86231,40.69212],[-73.86225,40.69213],[-73.8622,40.69214],[-73.86214,40.69215],[-73.86208,40.69216],[-73.86203,40.69217],[-73.86197,40.69217],[-73.86001,40.69244],[-73.85993,40.69244],[-73.85986,40.69245],[-73.85978,40.69246],[-73.8597,40.69247],[-73.85963,40.69248],[-73.85955,40.69248],[-73.85947,40.69249],[-73.8594,40.6925],[-73.85932,40.69251],[-73.85925,40.69251],[-73.85917,40.69252],[-73.85909,40.69252],[-73.85902,40.69253],[-73.85894,40.69253],[-73.85886,40.69254],[-73.85561,40.69272],[-73.85548,40.69273],[-73.85534,40.69274],[-73.85522,40.69275],[-73.85509,40.69276],[-73.85496,40.69278],[-73.85484,40.6928],[-73.85471,40.69282],[-73.85459,40.69284],[-73.85447,40.69287],[-73.85435,40.6929],[-73.85423,40.69293],[-73.85412,40.69296],[-73.854,40.69299],[-73.85389,40.69303],[-73.85378,40.69307],[-73.85158,40.69388],[-73.85147,40.69392],[-73.85137,40.69396],[-73.85126,40.69399],[-73.85116,40.69403],[-73.85106,40.69406],[-73.85096,40.69409],[-73.85086,40.69412],[-73.85077,40.69415],[-73.85067,40.69418],[-73.85058,40.6942],[-73.85049,40.69423],[-73.85039,40.69425],[-73.8503,40.69427],[-73.85021,40.69429],[-73.85012,40.69431],[-73.84623,40.69507],[-73.84616,40.69508],[-73.84609,40.69509],[-73.84603,40.6951],[-73.84596,40.69511],[-73.84589,40.69512],[-73.84582,40.69513],[-73.84574,40.69513],[-73.84567,40.69514],[-73.84559,40.69515],[-73.84551,40.69515],[-73.84543,40.69516],[-73.84535,40.69516],[-73.84527,40.69517],[-73.84519,40.69517],[-73.8451,40.69517],[-73.84433,40.69518],[-73.84233,40.6952],[-73.84222,40.69521],[-73.84211,40.69521],[-73.842,40.69522],[-73.84189,40.69522],[-73.84177,40.69523],[-73.84165,40.69524],[-73.84152,40.69525],[-73.8414,40.69526],[-73.84127,40.69527],[-73.84114,40.69528],[-73.841,40.6953],[-73.84087,40.69531],[-73.84073,40.69533],[-73.84059,40.69535],[-73.84044,40.69536],[-73.84028,40.69539],[-73.84011,40.69542],[-73.83995,40.69545],[-73.83979,40.69549],[-73.83963,40.69553],[-73.83948,40.69557],[-73.83933,40.69562],[-73.83918,40.69568],[-73.83903,40.69574],[-73.83889,40.6958],[-73.83874,40.69586],[-73.8386,40.69593],[-73.83847,40.696],[-73.83833,40.69608],[-73.8382,40.69616],[-73.83634,40.69742],[-73.83629,40.69745],[-73.83624,40.69748],[-73.83619,40.69751],[-73.83614,40.69754],[-73.83608,40.69758],[-73.83603,40.69761],[-73.83597,40.69764],[-73.83592,40.69767],[-73.83586,40.69771],[-73.8358,40.69774],[-73.83575,40.69777],[-73.83568,40.69781],[-73.83562,40.69784],[-73.83557,40.69787],[-73.8355,40.69791],[-73.83275,40.6994],[-73.83268,40.69944],[-73.83262,40.69947],[-73.83255,40.6995],[-73.83248,40.69952],[-73.83242,40.69955],[-73.83236,40.69958],[-73.83229,40.6996],[-73.83223,40.69963],[-73.83216,40.69965],[-73.8321,40.69967],[-73.83204,40.69969],[-73.83198,40.69971],[-73.83192,40.69973],[-73.83186,40.69975],[-73.83179,40.69977],[-73.83058,40.70008],[-73.83053,40.70009],[-73.83047,40.70011],[-73.83041,40.70012],[-73.83035,40.70013],[-73.83029,40.70014],[-73.83023,40.70016],[-73.83017,40.70017],[-73.8301,40.70018],[-73.83004,40.7002],[-73.82997,40.70021],[-73.8299,40.70023],[-73.82984,40.70024],[-73.82977,40.70025],[-73.8297,40.70027],[-73.82963,40.70028],[-73.82829,40.70049],[-73.82623,40.70083],[-73.82615,40.70085],[-73.82607,40.70086],[-73.82599,40.70087],[-73.82591,40.70089],[-73.82583,40.7009],[-73.82575,40.70092],[-73.82568,40.70093],[-73.8256,40.70095],[-73.82553,40.70097],[-73.82545,40.70099],[-73.82538,40.701],[-73.8253,40.70102],[-73.82523,40.70104],[-73.82516,40.70106],[-73.82509,40.70108],[-73.82411,40.70135],[-73.8239,40.70139],[-73.8237,40.70142],[-73.8235,40.70144],[-73.82331,40.70145],[-73.82311,40.70145],[-73.82292,40.70143],[-73.82274,40.70141],[-73.82256,40.70138],[-73.82238,40.70133],[-73.8222,40.70128],[-73.82203,40.70121],[-73.82186,40.70113],[-73.82169,40.70104],[-73.82153,40.70094],[-73.82137,40.70083],[-73.82067,40.70027],[-73.82022,40.69994],[-73.81976,40.69965],[-73.8193,40.69938],[-73.81883,40.69915],[-73.81836,40.69895],[-73.81789,40.69879],[-73.81741,40.69866],[-73.81693,40.69856],[-73.81644,40.69849],[-73.81595,40.69846],[-73.81545,40.69846],[-73.81495,40.69849],[-73.81445,40.69856],[-73.81394,40.69866],[-73.81343,40.69879],[-73.8111,40.69946],[-73.80974,40.69985],[-73.80967,40.69986],[-73.80961,40.69988],[-73.80955,40.6999],[-73.80949,40.69992],[-73.80943,40.69994],[-73.80937,40.69996],[-73.80931,40.69998],[-73.80925,40.7],[-73.80919,40.70002],[-73.80913,40.70005],[-73.80907,40.70007],[-73.80901,40.70009],[-73.80895,40.70012],[-73.8089,40.70014],[-73.80884,40.70017],[-73.80878,40.7002],[-73.80873,40.70022],[-73.80867,40.70025],[-73.80861,40.70027],[-73.80856,40.70029],[-73.8085,40.70032],[-73.80844,40.70034],[-73.80838,40.70036],[-73.80833,40.70038],[-73.80827,40.7004],[-73.80821,40.70042],[-73.80815,40.70043],[-73.80809,40.70045],[-73.80803,40.70047],[-73.80797,40.70049],[-73.80665,40.70082],[-73.80404,40.70149],[-73.80399,40.7015],[-73.80394,40.70151],[-73.80389,40.70152],[-73.80384,40.70153],[-73.8038,40.70155],[-73.80375,40.70155],[-73.80371,40.70157],[-73.80366,40.70157],[-73.80362,40.70158],[-73.80358,40.70159],[-73.80354,40.7016],[-73.8035,40.70161],[-73.80346,40.70162],[-73.80343,40.70163],[-73.80339,40.70163],[-73.80111,40.70215]]}},{"type":"Feature","properties":{"route":"Z","color":"#8E5C33"},"geometry":{"type":"LineString","coordinates":[[-73.80111,40.70215],[-73.80339,40.70163],[-73.80343,40.70163],[-73.80346,40.70162],[-73.8035,40.70161],[-73.80354,40.7016],[-73.80358,40.70159],[-73.80362,40.70158],[-73.80366,40.70157],[-73.80371,40.70157],[-73.80375,40.70155],[-73.8038,40.70155],[-73.80384,40.70153],[-73.80389,40.70152],[-73.80394,40.70151],[-73.80399,40.7015],[-73.80404,40.70149],[-73.80665,40.70082],[-73.80797,40.70049],[-73.80803,40.70047],[-73.80809,40.70045],[-73.80815,40.70043],[-73.80821,40.70042],[-73.80827,40.7004],[-73.80833,40.70038],[-73.80838,40.70036],[-73.80844,40.70034],[-73.8085,40.70032],[-73.80856,40.70029],[-73.80861,40.70027],[-73.80867,40.70025],[-73.80873,40.70022],[-73.80878,40.7002],[-73.80884,40.70017],[-73.8089,40.70014],[-73.80895,40.70012],[-73.80901,40.70009],[-73.80907,40.70007],[-73.80913,40.70005],[-73.80919,40.70002],[-73.80925,40.7],[-73.80931,40.69998],[-73.80937,40.69996],[-73.80943,40.69994],[-73.80949,40.69992],[-73.80955,40.6999],[-73.80961,40.69988],[-73.80967,40.69986],[-73.80974,40.69985],[-73.8111,40.69946],[-73.81343,40.69879],[-73.81394,40.69866],[-73.81445,40.69856],[-73.81495,40.69849],[-73.81545,40.69846],[-73.81595,40.69846],[-73.81644,40.69849],[-73.81693,40.69856],[-73.81741,40.69866],[-73.81789,40.69879],[-73.81836,40.69895],[-73.81883,40.69915],[-73.8193,40.69938],[-73.81976,40.69965],[-73.82022,40.69994],[-73.82067,40.70027],[-73.82137,40.70083],[-73.82153,40.70094],[-73.82169,40.70104],[-73.82186,40.70113],[-73.82203,40.70121],[-73.8222,40.70128],[-73.82238,40.70133],[-73.82256,40.70138],[-73.82274,40.70141],[-73.82292,40.70143],[-73.82311,40.70145],[-73.82331,40.70145],[-73.8235,40.70144],[-73.8237,40.70142],[-73.8239,40.70139],[-73.82411,40.70135],[-73.82509,40.70108],[-73.82516,40.70106],[-73.82523,40.70104],[-73.8253,40.70102],[-73.82538,40.701],[-73.82545,40.70099],[-73.82553,40.70097],[-73.8256,40.70095],[-73.82568,40.70093],[-73.82575,40.70092],[-73.82583,40.7009],[-73.82591,40.70089],[-73.82599,40.70087],[-73.82607,40.70086],[-73.82615,40.70085],[-73.82623,40.70083],[-73.82829,40.70049],[-73.82963,40.70028],[-73.8297,40.70027],[-73.82977,40.70025],[-73.82984,40.70024],[-73.8299,40.70023],[-73.82997,40.70021],[-73.83004,40.7002],[-73.8301,40.70018],[-73.83017,40.70017],[-73.83023,40.70016],[-73.83029,40.70014],[-73.83035,40.70013],[-73.83041,40.70012],[-73.83047,40.70011],[-73.83053,40.70009],[-73.83058,40.70008],[-73.83179,40.69977],[-73.83186,40.69975],[-73.83192,40.69973],[-73.83198,40.69971],[-73.83204,40.69969],[-73.8321,40.69967],[-73.83216,40.69965],[-73.83223,40.69963],[-73.83229,40.6996],[-73.83236,40.69958],[-73.83242,40.69955],[-73.83248,40.69952],[-73.83255,40.6995],[-73.83262,40.69947],[-73.83268,40.69944],[-73.83275,40.6994],[-73.8355,40.69791],[-73.83557,40.69787],[-73.83562,40.69784],[-73.83568,40.69781],[-73.83575,40.69777],[-73.8358,40.69774],[-73.83586,40.69771],[-73.83592,40.69767],[-73.83597,40.69764],[-73.83603,40.69761],[-73.83608,40.69758],[-73.83614,40.69754],[-73.83619,40.69751],[-73.83624,40.69748],[-73.83629,40.69745],[-73.83634,40.69742],[-73.8382,40.69616],[-73.83833,40.69608],[-73.83847,40.696],[-73.8386,40.69593],[-73.83874,40.69586],[-73.83889,40.6958],[-73.83903,40.69574],[-73.83918,40.69568],[-73.83933,40.69562],[-73.83948,40.69557],[-73.83963,40.69553],[-73.83979,40.69549],[-73.83995,40.69545],[-73.84011,40.69542],[-73.84028,40.69539],[-73.84044,40.69536],[-73.84059,40.69535],[-73.84073,40.69533],[-73.84087,40.69531],[-73.841,40.6953],[-73.84114,40.69528],[-73.84127,40.69527],[-73.8414,40.69526],[-73.84152,40.69525],[-73.84165,40.69524],[-73.84177,40.69523],[-73.84189,40.69522],[-73.842,40.69522],[-73.84211,40.69521],[-73.84222,40.69521],[-73.84233,40.6952],[-73.84433,40.69518],[-73.8451,40.69517],[-73.84519,40.69517],[-73.84527,40.69517],[-73.84535,40.69516],[-73.84543,40.69516],[-73.84551,40.69515],[-73.84559,40.69515],[-73.84567,40.69514],[-73.84574,40.69513],[-73.84582,40.69513],[-73.84589,40.69512],[-73.84596,40.69511],[-73.84603,40.6951],[-73.84609,40.69509],[-73.84616,40.69508],[-73.84623,40.69507],[-73.85012,40.69431],[-73.85021,40.69429],[-73.8503,40.69427],[-73.85039,40.69425],[-73.85049,40.69423],[-73.85058,40.6942],[-73.85067,40.69418],[-73.85077,40.69415],[-73.85086,40.69412],[-73.85096,40.69409],[-73.85106,40.69406],[-73.85116,40.69403],[-73.85126,40.69399],[-73.85137,40.69396],[-73.85147,40.69392],[-73.85158,40.69388],[-73.85378,40.69307],[-73.85389,40.69303],[-73.854,40.69299],[-73.85412,40.69296],[-73.85423,40.69293],[-73.85435,40.6929],[-73.85447,40.69287],[-73.85459,40.69284],[-73.85471,40.69282],[-73.85484,40.6928],[-73.85496,40.69278],[-73.85509,40.69276],[-73.85522,40.69275],[-73.85534,40.69274],[-73.85548,40.69273],[-73.85561,40.69272],[-73.85886,40.69254],[-73.85894,40.69253],[-73.85902,40.69253],[-73.85909,40.69252],[-73.85917,40.69252],[-73.85925,40.69251],[-73.85932,40.69251],[-73.8594,40.6925],[-73.85947,40.69249],[-73.85955,40.69248],[-73.85963,40.69248],[-73.8597,40.69247],[-73.85978,40.69246],[-73.85986,40.69245],[-73.85993,40.69244],[-73.86001,40.69244],[-73.86197,40.69217],[-73.86203,40.69217],[-73.86208,40.69216],[-73.86214,40.69215],[-73.8622,40.69214],[-73.86225,40.69213],[-73.86231,40.69212],[-73.86237,40.69212],[-73.86242,40.69211],[-73.86248,40.6921],[-73.86254,40.69209],[-73.86259,40.69208],[-73.86265,40.69207],[-73.86271,40.69206],[-73.86276,40.69205],[-73.86282,40.69204],[-73.8657,40.69156],[-73.86575,40.69155],[-73.8658,40.69154],[-73.86584,40.69153],[-73.86589,40.69152],[-73.86594,40.69151],[-73.86599,40.6915],[-73.86604,40.6915],[-73.8661,40.69149],[-73.86615,40.69148],[-73.8662,40.69147],[-73.86625,40.69146],[-73.86631,40.69145],[-73.86637,40.69144],[-73.86642,40.69143],[-73.86648,40.69143],[-73.86714,40.69132],[-73.86819,40.69116],[-73.86824,40.69116],[-73.86829,40.69115],[-73.86834,40.69114],[-73.86839,40.69113],[-73.86844,40.69112],[-73.86848,40.69111],[-73.86853,40.6911],[-73.86858,40.69109],[-73.86863,40.69108],[-73.86868,40.69107],[-73.86873,40.69106],[-73.86877,40.69105],[-73.86882,40.69104],[-73.86887,40.69103],[-73.86892,40.69102],[-73.87114,40.69045],[-73.87121,40.69043],[-73.87128,40.69041],[-73.87135,40.6904],[-73.87141,40.69038],[-73.87148,40.69036],[-73.87154,40.69034],[-73.8716,40.69032],[-73.87166,40.6903],[-73.87171,40.69028],[-73.87177,40.69026],[-73.87183,40.69024],[-73.87188,40.69022],[-73.87193,40.69021],[-73.87198,40.69019],[-73.87203,40.69017],[-73.87255,40.68994],[-73.87358,40.6895],[-73.87364,40.68947],[-73.87369,40.68943],[-73.87374,40.68939],[-73.87379,40.68936],[-73.87382,40.68932],[-73.87386,40.68927],[-73.87388,40.68923],[-73.8739,40.68918],[-73.87391,40.68913],[-73.87392,40.68908],[-73.87392,40.68902],[-73.87392,40.68897],[-73.87391,40.68891],[-73.87389,40.68885],[-73.87387,40.68878],[-73.87333,40.68724],[-73.87332,40.68719],[-73.8733,40.68715],[-73.87328,40.68711],[-73.87327,40.68706],[-73.87325,40.68702],[-73.87324,40.68697],[-73.87322,40.68692],[-73.87321,40.68687],[-73.87319,40.68682],[-73.87317,40.68677],[-73.87315,40.68672],[-73.87314,40.68666],[-73.87312,40.68661],[-73.8731,40.68655],[-73.87308,40.6865],[-73.87233,40.68411],[-73.87231,40.68405],[-73.87231,40.68399],[-73.87231,40.68394],[-73.87231,40.68389],[-73.87232,40.68384],[-73.87234,40.6838],[-73.87236,40.68375],[-73.87238,40.68371],[-73.87242,40.68367],[-73.87245,40.68364],[-73.8725,40.68361],[-73.87254,40.68357],[-73.8726,40.68355],[-73.87266,40.68352],[-73.87272,40.6835],[-73.87378,40.68319],[-73.87902,40.68171],[-73.87909,40.68169],[-73.87916,40.68167],[-73.87923,40.68165],[-73.87929,40.68163],[-73.87936,40.68161],[-73.87943,40.68159],[-73.8795,40.68157],[-73.87956,40.68155],[-73.87963,40.68153],[-73.8797,40.68151],[-73.87977,40.68149],[-73.87984,40.68147],[-73.8799,40.68145],[-73.87997,40.68143],[-73.88004,40.68141],[-73.88464,40.67995],[-73.88957,40.67838],[-73.8896,40.67836],[-73.88963,40.67836],[-73.88966,40.67835],[-73.88969,40.67834],[-73.88972,40.67833],[-73.88975,40.67833],[-73.88978,40.67832],[-73.8898,40.67831],[-73.88983,40.67831],[-73.88985,40.6783],[-73.88988,40.6783],[-73.8899,40.67829],[-73.88993,40.67829],[-73.88995,40.67828],[-73.88998,40.67828],[-73.89169,40.67802],[-73.89865,40.67699],[-73.89956,40.67686],[-73.89961,40.67685],[-73.89966,40.67685],[-73.89971,40.67685],[-73.89976,40.67685],[-73.89981,40.67685],[-73.89985,40.67685],[-73.8999,40.67686],[-73.89995,40.67687],[-73.9,40.67688],[-73.90005,40.6769],[-73.90009,40.67691],[-73.90014,40.67693],[-73.90019,40.67695],[-73.90024,40.67698],[-73.90028,40.677],[-73.90451,40.6795],[-73.91046,40.68289],[-73.91656,40.68637],[-73.92227,40.68963],[-73.92881,40.69334],[-73.93468,40.69665],[-73.93566,40.69721],[-73.94113,40.70026],[-73.94194,40.70073],[-73.94198,40.70075],[-73.94202,40.70078],[-73.94206,40.7008],[-73.9421,40.70082],[-73.94214,40.70085],[-73.94218,40.70087],[-73.94222,40.7009],[-73.94226,40.70092],[-73.9423,40.70095],[-73.94234,40.70097],[-73.94238,40.701],[-73.94242,40.70102],[-73.94246,40.70105],[-73.9425,40.70108],[-73.94254,40.7011],[-73.94258,40.70113],[-73.94261,40.70115],[-73.94265,40.70118],[-73.94269,40.7012],[-73.94273,40.70123],[-73.94277,40.70125],[-73.94281,40.70128],[-73.94285,40.7013],[-73.94289,40.70133],[-73.94293,40.70135],[-73.94297,40.70138],[-73.94301,40.7014],[-73.94305,40.70143],[-73.94309,40.70145],[-73.94313,40.70147],[-73.94741,40.70387],[-73.95141,40.7061],[-73.95145,40.70613],[-73.9515,40.70615],[-73.95154,40.70617],[-73.95159,40.70619],[-73.95163,40.70622],[-73.95168,40.70624],[-73.95172,40.70626],[-73.95176,40.70628],[-73.95181,40.7063],[-73.95185,40.70632],[-73.9519,40.70634],[-73.95194,40.70635],[-73.95199,40.70637],[-73.95204,40.70639],[-73.95208,40.70641],[-73.95343,40.70687],[-73.95776,40.70836],[-73.95918,40.70885],[-73.95921,40.70886],[-73.95924,40.70887],[-73.95926,40.70888],[-73.95928,40.70889],[-73.95931,40.70891],[-73.95933,40.70892],[-73.95935,40.70893],[-73.95937,40.70894],[-73.9594,40.70895],[-73.95942,40.70897],[-73.95943,40.70898],[-73.95945,40.70899],[-73.95947,40.70901],[-73.95949,40.70902],[-73.95951,40.70903],[-73.96071,40.71001],[-73.96074,40.71003],[-73.96076,40.71005],[-73.96079,40.71007],[-73.96082,40.71008],[-73.96085,40.7101],[-73.96088,40.71012],[-73.96091,40.71014],[-73.96095,40.71015],[-73.96098,40.71017],[-73.96101,40.71019],[-73.96105,40.7102],[-73.96108,40.71021],[-73.96112,40.71023],[-73.96115,40.71024],[-73.96119,40.71025],[-73.9789,40.71563],[-73.98439,40.71729],[-73.98444,40.7173],[-73.98449,40.71732],[-73.98454,40.71733],[-73.98459,40.71735],[-73.98464,40.71737],[-73.98469,40.71739],[-73.98474,40.7174],[-73.98479,40.71742],[-73.98484,40.71744],[-73.98489,40.71746],[-73.98494,40.71748],[-73.985,40.7175],[-73.98505,40.71752],[-73.9851,40.71754],[-73.98515,40.71756],[-73.98529,40.71762],[-73.98533,40.71763],[-73.98537,40.71765],[-73.98541,40.71766],[-73.98546,40.71768],[-73.9855,40.71769],[-73.98554,40.71771],[-73.98559,40.71773],[-73.98563,40.71774],[-73.98568,40.71776],[-73.98573,40.71778],[-73.98578,40.71779],[-73.98583,40.71781],[-73.98588,40.71783],[-73.98593,40.71784],[-73.98598,40.71786],[-73.98744,40.71831],[-73.99089,40.71936],[-73.99392,40.72028],[-73.99666,40.7212],[-73.99673,40.72121],[-73.9968,40.72123],[-73.99687,40.72124],[-73.99694,40.72124],[-73.997,40.72124],[-73.99706,40.72123],[-73.99712,40.72122],[-73.99718,40.7212],[-73.99724,40.72118],[-73.99729,40.72115],[-73.99735,40.72112],[-73.9974,40.72108],[-73.99744,40.72104],[-73.99749,40.72099],[-73.99753,40.72094],[-73.99894,40.71927],[-73.99896,40.71925],[-73.99898,40.71923],[-73.99899,40.71921],[-73.99901,40.71919],[-73.99903,40.71917],[-73.99905,40.71914],[-73.99907,40.71912],[-73.99908,40.7191],[-73.9991,40.71908],[-73.99912,40.71906],[-73.99914,40.71904],[-73.99916,40.71901],[-73.99917,40.71899],[-73.99919,40.71897],[-73.99921,40.71895],[-73.99989,40.71809],[-74.00032,40.71757],[-74.00035,40.71753],[-74.00038,40.7175],[-74.0004,40.71747],[-74.00043,40.71743],[-74.00045,40.7174],[-74.00048,40.71737],[-74.0005,40.71734],[-74.00053,40.71731],[-74.00055,40.71728],[-74.00058,40.71724],[-74.0006,40.71722],[-74.00062,40.71719],[-74.00064,40.71716],[-74.00066,40.71713],[-74.00069,40.7171],[-74.00248,40.71467],[-74.0025,40.71463],[-74.00253,40.7146],[-74.00255,40.71456],[-74.00258,40.71453],[-74.0026,40.71449],[-74.00263,40.71446],[-74.00265,40.71442],[-74.00268,40.71439],[-74.0027,40.71435],[-74.00272,40.71432],[-74.00275,40.71428],[-74.00277,40.71425],[-74.00279,40.71421],[-74.00281,40.71418],[-74.00283,40.71414],[-74.0034,40.71324],[-74.0038,40.71262],[-74.00383,40.71259],[-74.00385,40.71255],[-74.00388,40.71252],[-74.00392,40.71249],[-74.00395,40.71246],[-74.00399,40.71244],[-74.00403,40.71241],[-74.00407,40.71239],[-74.00412,40.71237],[-74.00417,40.71235],[-74.00422,40.71233],[-74.00427,40.71231],[-74.00433,40.7123],[-74.00439,40.71229],[-74.00445,40.71227],[-74.00468,40.71224],[-74.00474,40.71223],[-74.00479,40.71222],[-74.00484,40.71222],[-74.0049,40.7122],[-74.00495,40.71219],[-74.005,40.71218],[-74.00505,40.71216],[-74.00509,40.71215],[-74.00514,40.71213],[-74.00519,40.71211],[-74.00523,40.71209],[-74.00528,40.71207],[-74.00532,40.71205],[-74.00537,40.71203],[-74.00541,40.71201],[-74.00711,40.71078],[-74.00713,40.71077],[-74.00716,40.71075],[-74.00718,40.71073],[-74.00721,40.71071],[-74.00724,40.71069],[-74.00727,40.71066],[-74.0073,40.71064],[-74.00733,40.71061],[-74.00736,40.71058],[-74.0074,40.71055],[-74.00743,40.71052],[-74.00747,40.71048],[-74.0075,40.71045],[-74.00754,40.71041],[-74.00758,40.71037],[-74.0076,40.71036],[-74.00762,40.71034],[-74.00764,40.71032],[-74.00766,40.71031],[-74.00768,40.71029],[-74.0077,40.71027],[-74.00772,40.71024],[-74.00774,40.71022],[-74.00777,40.7102],[-74.0078,40.71017],[-74.00782,40.71014],[-74.00785,40.71012],[-74.00788,40.71008],[-74.00791,40.71005],[-74.00794,40.71002],[-74.00872,40.70922],[-74.00875,40.70919],[-74.00877,40.70917],[-74.0088,40.70914],[-74.00882,40.70912],[-74.00884,40.70909],[-74.00887,40.70907],[-74.00889,40.70905],[-74.00891,40.70903],[-74.00893,40.70901],[-74.00895,40.70899],[-74.00897,40.70898],[-74.00899,40.70896],[-74.00901,40.70894],[-74.00903,40.70893],[-74.00904,40.70891],[-74.00921,40.70877],[-74.00923,40.70875],[-74.00925,40.70873],[-74.00928,40.70871],[-74.0093,40.70868],[-74.00932,40.70866],[-74.00935,40.70864],[-74.00937,40.70861],[-74.00939,40.70859],[-74.00942,40.70856],[-74.00944,40.70854],[-74.00947,40.70851],[-74.00949,40.70849],[-74.00952,40.70846],[-74.00955,40.70843],[-74.00957,40.7084],[-74.01036,40.70753],[-74.01038,40.7075],[-74.01041,40.70747],[-74.01043,40.70744],[-74.01043,40.70744],[-74.01046,40.70741],[-74.01048,40.70738],[-74.0105,40.70735],[-74.01053,40.70732],[-74.01055,40.70729],[-74.01057,40.70726],[-74.01059,40.70723],[-74.01061,40.7072],[-74.01063,40.70717],[-74.01065,40.70713],[-74.01067,40.7071],[-74.01069,40.70707],[-74.01106,40.70648]]}},{"type":"Feature","properties":{"route":"L","color":"#7C858C"},"geometry":{"type":"LineString","coordinates":[[-73.90185,40.64665],[-73.89948,40.65057],[-73.89828,40.65257],[-73.89822,40.65268],[-73.89817,40.65278],[-73.89813,40.65289],[-73.89809,40.653],[-73.89806,40.65311],[-73.89803,40.65322],[-73.89801,40.65333],[-73.898,40.65344],[-73.89799,40.65355],[-73.89799,40.65367],[-73.89799,40.65378],[-73.89801,40.6539],[-73.89802,40.65402],[-73.89804,40.65413],[-73.89807,40.65425],[-73.89923,40.65873],[-73.90057,40.66404],[-73.90197,40.66937],[-73.90231,40.6707],[-73.90231,40.67073],[-73.90232,40.67075],[-73.90233,40.67077],[-73.90233,40.6708],[-73.90234,40.67083],[-73.90235,40.67085],[-73.90236,40.67088],[-73.90237,40.6709],[-73.90238,40.67093],[-73.90239,40.67095],[-73.9024,40.67098],[-73.90242,40.67101],[-73.90243,40.67103],[-73.90244,40.67106],[-73.90246,40.67108],[-73.90247,40.67111],[-73.90248,40.67113],[-73.90249,40.67115],[-73.9025,40.67117],[-73.90251,40.67119],[-73.90252,40.67122],[-73.90253,40.67124],[-73.90254,40.67127],[-73.90255,40.67129],[-73.90256,40.67132],[-73.90257,40.67134],[-73.90258,40.67137],[-73.90259,40.6714],[-73.90259,40.67143],[-73.9026,40.67146],[-73.90327,40.6741],[-73.90328,40.67414],[-73.90329,40.67417],[-73.9033,40.67421],[-73.9033,40.67425],[-73.90331,40.67429],[-73.90331,40.67432],[-73.90331,40.67436],[-73.90331,40.67439],[-73.90331,40.67443],[-73.90331,40.67447],[-73.90331,40.6745],[-73.9033,40.67454],[-73.9033,40.67457],[-73.90329,40.67461],[-73.90328,40.67464],[-73.9031,40.67535],[-73.90291,40.67607],[-73.9029,40.67609],[-73.9029,40.6761],[-73.90289,40.67612],[-73.90289,40.67614],[-73.90289,40.67616],[-73.90288,40.67617],[-73.90288,40.67619],[-73.90288,40.67621],[-73.90287,40.67623],[-73.90287,40.67625],[-73.90287,40.67626],[-73.90287,40.67628],[-73.90287,40.6763],[-73.90287,40.67632],[-73.90287,40.67633],[-73.90281,40.67701],[-73.90281,40.67706],[-73.90281,40.67711],[-73.9028,40.67715],[-73.9028,40.6772],[-73.90281,40.67725],[-73.90281,40.6773],[-73.90281,40.67734],[-73.90282,40.67739],[-73.90282,40.67744],[-73.90283,40.67748],[-73.90284,40.67753],[-73.90285,40.67757],[-73.90286,40.67761],[-73.90287,40.67766],[-73.90289,40.6777],[-73.90324,40.67886],[-73.90385,40.68076],[-73.90388,40.68084],[-73.90392,40.68092],[-73.90396,40.681],[-73.904,40.68107],[-73.90404,40.68114],[-73.90408,40.68122],[-73.90413,40.68129],[-73.90418,40.68136],[-73.90423,40.68143],[-73.90428,40.68149],[-73.90433,40.68156],[-73.90439,40.68163],[-73.90444,40.68169],[-73.9045,40.68176],[-73.90456,40.68182],[-73.90461,40.68186],[-73.90465,40.6819],[-73.90469,40.68195],[-73.90473,40.682],[-73.90478,40.68206],[-73.90482,40.68212],[-73.90487,40.68218],[-73.90491,40.68225],[-73.90496,40.68232],[-73.90501,40.68239],[-73.90505,40.68247],[-73.9051,40.68256],[-73.90515,40.68264],[-73.9052,40.68273],[-73.90525,40.68283],[-73.90532,40.68295],[-73.90538,40.68307],[-73.90543,40.68319],[-73.90549,40.68331],[-73.90553,40.68343],[-73.90558,40.68355],[-73.90562,40.68368],[-73.90565,40.6838],[-73.90568,40.68393],[-73.90571,40.68405],[-73.90573,40.68418],[-73.90574,40.68431],[-73.90575,40.68444],[-73.90576,40.68457],[-73.90576,40.68471],[-73.90565,40.68568],[-73.90561,40.68588],[-73.90557,40.68607],[-73.90553,40.68625],[-73.90549,40.68642],[-73.90544,40.68659],[-73.90539,40.68675],[-73.90534,40.6869],[-73.90528,40.68705],[-73.90522,40.68719],[-73.90516,40.68732],[-73.90509,40.68745],[-73.90502,40.68756],[-73.90495,40.68767],[-73.90487,40.68778],[-73.90479,40.68787],[-73.90405,40.68876],[-73.90323,40.68972],[-73.90319,40.68977],[-73.90315,40.68982],[-73.90311,40.68986],[-73.90307,40.68991],[-73.90302,40.68996],[-73.90298,40.69001],[-73.90293,40.69006],[-73.90288,40.69011],[-73.90283,40.69016],[-73.90278,40.69021],[-73.90273,40.69027],[-73.90268,40.69032],[-73.90263,40.69037],[-73.90257,40.69043],[-73.90252,40.69048],[-73.90242,40.69058],[-73.90233,40.69067],[-73.90223,40.69077],[-73.90214,40.69086],[-73.90205,40.69096],[-73.90196,40.69105],[-73.90187,40.69114],[-73.90178,40.69124],[-73.90169,40.69133],[-73.90161,40.69143],[-73.90152,40.69152],[-73.90144,40.69161],[-73.90135,40.69171],[-73.90127,40.6918],[-73.90119,40.6919],[-73.90108,40.69207],[-73.90099,40.69223],[-73.90092,40.6924],[-73.90087,40.69256],[-73.90083,40.69271],[-73.90082,40.69286],[-73.90082,40.69301],[-73.90084,40.69315],[-73.90088,40.69329],[-73.90094,40.69343],[-73.90101,40.69356],[-73.90111,40.69369],[-73.90122,40.69382],[-73.90135,40.69394],[-73.9015,40.69405],[-73.9023,40.69456],[-73.90234,40.69458],[-73.90238,40.69461],[-73.90242,40.69464],[-73.90246,40.69466],[-73.9025,40.69469],[-73.90255,40.69472],[-73.90259,40.69474],[-73.90264,40.69477],[-73.90268,40.6948],[-73.90273,40.69483],[-73.90278,40.69486],[-73.90283,40.69489],[-73.90288,40.69492],[-73.90293,40.69495],[-73.90298,40.69498],[-73.90408,40.6956],[-73.91159,40.69981],[-73.91451,40.70143],[-73.91461,40.70148],[-73.91471,40.70154],[-73.9148,40.70159],[-73.9149,40.70165],[-73.915,40.7017],[-73.91509,40.70176],[-73.91519,40.70181],[-73.91529,40.70187],[-73.91538,40.70192],[-73.91548,40.70198],[-73.91558,40.70204],[-73.91567,40.7021],[-73.91577,40.70215],[-73.91586,40.70221],[-73.91596,40.70227],[-73.91842,40.70381],[-73.92291,40.70661],[-73.92378,40.70715],[-73.92387,40.7072],[-73.92397,40.70725],[-73.92406,40.70729],[-73.92415,40.70732],[-73.92425,40.70736],[-73.92434,40.70739],[-73.92444,40.70741],[-73.92454,40.70743],[-73.92463,40.70744],[-73.92473,40.70745],[-73.92483,40.70746],[-73.92493,40.70746],[-73.92503,40.70746],[-73.92513,40.70745],[-73.92523,40.70744],[-73.93315,40.70615],[-73.93351,40.70609],[-73.93358,40.70608],[-73.93364,40.70607],[-73.93371,40.70607],[-73.93378,40.70606],[-73.93385,40.70605],[-73.93392,40.70605],[-73.93399,40.70604],[-73.93406,40.70604],[-73.93413,40.70603],[-73.9342,40.70603],[-73.93428,40.70603],[-73.93435,40.70603],[-73.93442,40.70603],[-73.9345,40.70603],[-73.93458,40.70604],[-73.93465,40.70604],[-73.93471,40.70604],[-73.93479,40.70604],[-73.93486,40.70604],[-73.93493,40.70604],[-73.935,40.70604],[-73.93507,40.70604],[-73.93514,40.70603],[-73.93521,40.70603],[-73.93528,40.70602],[-73.93535,40.70602],[-73.93542,40.70601],[-73.9355,40.706],[-73.93557,40.70599],[-73.93564,40.70598],[-73.93795,40.70553],[-73.93814,40.70551],[-73.93832,40.70549],[-73.93849,40.70549],[-73.93865,40.70549],[-73.93879,40.70552],[-73.93893,40.70555],[-73.93905,40.7056],[-73.93917,40.70567],[-73.93927,40.70574],[-73.93936,40.70583],[-73.93944,40.70594],[-73.9395,40.70605],[-73.93956,40.70618],[-73.93961,40.70632],[-73.93964,40.70648],[-73.93985,40.70774],[-73.94041,40.71109],[-73.94042,40.71114],[-73.94042,40.71119],[-73.94043,40.71125],[-73.94045,40.7113],[-73.94046,40.71135],[-73.94047,40.71141],[-73.94049,40.71146],[-73.94051,40.71152],[-73.94053,40.71158],[-73.94055,40.71163],[-73.94057,40.71169],[-73.94059,40.71175],[-73.94062,40.71181],[-73.94064,40.71187],[-73.94067,40.71193],[-73.94191,40.71438],[-73.94193,40.71443],[-73.94195,40.71447],[-73.94198,40.71451],[-73.94201,40.71455],[-73.94205,40.71458],[-73.94209,40.71461],[-73.94213,40.71463],[-73.94218,40.71465],[-73.94222,40.71467],[-73.94228,40.71469],[-73.94233,40.71469],[-73.94239,40.7147],[-73.94245,40.71471],[-73.94252,40.7147],[-73.94258,40.7147],[-73.94405,40.71457],[-73.94855,40.71414],[-73.94867,40.71412],[-73.94878,40.71411],[-73.9489,40.7141],[-73.94902,40.71409],[-73.94913,40.71409],[-73.94925,40.71408],[-73.94936,40.71407],[-73.94948,40.71407],[-73.94959,40.71406],[-73.94971,40.71406],[-73.94982,40.71406],[-73.94993,40.71406],[-73.95005,40.71406],[-73.95016,40.71406],[-73.95028,40.71406],[-73.95107,40.71406],[-73.95115,40.71406],[-73.95122,40.71407],[-73.9513,40.71407],[-73.95137,40.71408],[-73.95145,40.71409],[-73.95152,40.71411],[-73.95159,40.71413],[-73.95166,40.71415],[-73.95173,40.71417],[-73.9518,40.71419],[-73.95187,40.71422],[-73.95194,40.71425],[-73.95201,40.71429],[-73.95207,40.71432],[-73.95214,40.71436],[-73.95687,40.7173],[-73.97238,40.72696],[-73.97243,40.72699],[-73.97248,40.72702],[-73.97254,40.72706],[-73.9726,40.72709],[-73.97266,40.72712],[-73.97272,40.72716],[-73.97279,40.72719],[-73.97285,40.72722],[-73.97292,40.72726],[-73.97299,40.72729],[-73.97307,40.72733],[-73.97314,40.72736],[-73.97322,40.7274],[-73.9733,40.72743],[-73.97338,40.72747],[-73.98163,40.73095],[-73.98612,40.73285],[-73.99073,40.73479],[-73.99679,40.73734],[-74.00258,40.73978]]}},{"type":"Feature","properties":{"route":"L","color":"#7C858C"},"geometry":{"type":"LineString","coordinates":[[-74.00258,40.73978],[-73.99679,40.73734],[-73.99073,40.73479],[-73.98612,40.73285],[-73.98163,40.73095],[-73.97338,40.72747],[-73.9733,40.72743],[-73.97322,40.7274],[-73.97314,40.72736],[-73.97307,40.72733],[-73.97299,40.72729],[-73.97292,40.72726],[-73.97285,40.72722],[-73.97279,40.72719],[-73.97272,40.72716],[-73.97266,40.72712],[-73.9726,40.72709],[-73.97254,40.72706],[-73.97248,40.72702],[-73.97243,40.72699],[-73.97238,40.72696],[-73.95687,40.7173],[-73.95214,40.71436],[-73.95207,40.71432],[-73.95201,40.71429],[-73.95194,40.71425],[-73.95187,40.71422],[-73.9518,40.71419],[-73.95173,40.71417],[-73.95166,40.71415],[-73.95159,40.71413],[-73.95152,40.71411],[-73.95145,40.71409],[-73.95137,40.71408],[-73.9513,40.71407],[-73.95122,40.71407],[-73.95115,40.71406],[-73.95107,40.71406],[-73.95028,40.71406],[-73.95016,40.71406],[-73.95005,40.71406],[-73.94993,40.71406],[-73.94982,40.71406],[-73.94971,40.71406],[-73.94959,40.71406],[-73.94948,40.71407],[-73.94936,40.71407],[-73.94925,40.71408],[-73.94913,40.71409],[-73.94902,40.71409],[-73.9489,40.7141],[-73.94878,40.71411],[-73.94867,40.71412],[-73.94855,40.71414],[-73.94405,40.71457],[-73.94258,40.7147],[-73.94252,40.7147],[-73.94245,40.71471],[-73.94239,40.7147],[-73.94233,40.71469],[-73.94228,40.71469],[-73.94222,40.71467],[-73.94218,40.71465],[-73.94213,40.71463],[-73.94209,40.71461],[-73.94205,40.71458],[-73.94201,40.71455],[-73.94198,40.71451],[-73.94195,40.71447],[-73.94193,40.71443],[-73.94191,40.71438],[-73.94067,40.71193],[-73.94064,40.71187],[-73.94062,40.71181],[-73.94059,40.71175],[-73.94057,40.71169],[-73.94055,40.71163],[-73.94053,40.71158],[-73.94051,40.71152],[-73.94049,40.71146],[-73.94047,40.71141],[-73.94046,40.71135],[-73.94045,40.7113],[-73.94043,40.71125],[-73.94042,40.71119],[-73.94042,40.71114],[-73.94041,40.71109],[-73.93985,40.70774],[-73.93964,40.70648],[-73.93961,40.70632],[-73.93956,40.70618],[-73.9395,40.70605],[-73.93944,40.70594],[-73.93936,40.70583],[-73.93927,40.70574],[-73.93917,40.70567],[-73.93905,40.7056],[-73.93893,40.70555],[-73.93879,40.70552],[-73.93865,40.70549],[-73.93849,40.70549],[-73.93832,40.70549],[-73.93814,40.70551],[-73.93795,40.70553],[-73.93564,40.70598],[-73.93557,40.70599],[-73.9355,40.706],[-73.93542,40.70601],[-73.93535,40.70602],[-73.93528,40.70602],[-73.93521,40.70603],[-73.93514,40.70603],[-73.93507,40.70604],[-73.935,40.70604],[-73.93493,40.70604],[-73.93486,40.70604],[-73.93479,40.70604],[-73.93471,40.70604],[-73.93465,40.70604],[-73.93458,40.70604],[-73.9345,40.70603],[-73.93442,40.70603],[-73.93435,40.70603],[-73.93428,40.70603],[-73.9342,40.70603],[-73.93413,40.70603],[-73.93406,40.70604],[-73.93399,40.70604],[-73.93392,40.70605],[-73.93385,40.70605],[-73.93378,40.70606],[-73.93371,40.70607],[-73.93364,40.70607],[-73.93358,40.70608],[-73.93351,40.70609],[-73.93315,40.70615],[-73.92523,40.70744],[-73.92513,40.70745],[-73.92503,40.70746],[-73.92493,40.70746],[-73.92483,40.70746],[-73.92473,40.70745],[-73.92463,40.70744],[-73.92454,40.70743],[-73.92444,40.70741],[-73.92434,40.70739],[-73.92425,40.70736],[-73.92415,40.70732],[-73.92406,40.70729],[-73.92397,40.70725],[-73.92387,40.7072],[-73.92378,40.70715],[-73.92291,40.70661],[-73.91842,40.70381],[-73.91596,40.70227],[-73.91586,40.70221],[-73.91577,40.70215],[-73.91567,40.7021],[-73.91558,40.70204],[-73.91548,40.70198],[-73.91538,40.70192],[-73.91529,40.70187],[-73.91519,40.70181],[-73.91509,40.70176],[-73.915,40.7017],[-73.9149,40.70165],[-73.9148,40.70159],[-73.91471,40.70154],[-73.91461,40.70148],[-73.91451,40.70143],[-73.91159,40.69981],[-73.90408,40.6956],[-73.90298,40.69498],[-73.90293,40.69495],[-73.90288,40.69492],[-73.90283,40.69489],[-73.90278,40.69486],[-73.90273,40.69483],[-73.90268,40.6948],[-73.90264,40.69477],[-73.90259,40.69474],[-73.90255,40.69472],[-73.9025,40.69469],[-73.90246,40.69466],[-73.90242,40.69464],[-73.90238,40.69461],[-73.90234,40.69458],[-73.9023,40.69456],[-73.9015,40.69405],[-73.90135,40.69394],[-73.90122,40.69382],[-73.90111,40.69369],[-73.90101,40.69356],[-73.90094,40.69343],[-73.90088,40.69329],[-73.90084,40.69315],[-73.90082,40.69301],[-73.90082,40.69286],[-73.90083,40.69271],[-73.90087,40.69256],[-73.90092,40.6924],[-73.90099,40.69223],[-73.90108,40.69207],[-73.90119,40.6919],[-73.90127,40.6918],[-73.90135,40.69171],[-73.90144,40.69161],[-73.90152,40.69152],[-73.90161,40.69143],[-73.90169,40.69133],[-73.90178,40.69124],[-73.90187,40.69114],[-73.90196,40.69105],[-73.90205,40.69096],[-73.90214,40.69086],[-73.90223,40.69077],[-73.90233,40.69067],[-73.90242,40.69058],[-73.90252,40.69048],[-73.90257,40.69043],[-73.90263,40.69037],[-73.90268,40.69032],[-73.90273,40.69027],[-73.90278,40.69021],[-73.90283,40.69016],[-73.90288,40.69011],[-73.90293,40.69006],[-73.90298,40.69001],[-73.90302,40.68996],[-73.90307,40.68991],[-73.90311,40.68986],[-73.90315,40.68982],[-73.90319,40.68977],[-73.90323,40.68972],[-73.90405,40.68876],[-73.90479,40.68787],[-73.90487,40.68778],[-73.90495,40.68767],[-73.90502,40.68756],[-73.90509,40.68745],[-73.90516,40.68732],[-73.90522,40.68719],[-73.90528,40.68705],[-73.90534,40.6869],[-73.90539,40.68675],[-73.90544,40.68659],[-73.90549,40.68642],[-73.90553,40.68625],[-73.90557,40.68607],[-73.90561,40.68588],[-73.90565,40.68568],[-73.90576,40.68471],[-73.90576,40.68457],[-73.90575,40.68444],[-73.90574,40.68431],[-73.90573,40.68418],[-73.90571,40.68405],[-73.90568,40.68393],[-73.90565,40.6838],[-73.90562,40.68368],[-73.90558,40.68355],[-73.90553,40.68343],[-73.90549,40.68331],[-73.90543,40.68319],[-73.90538,40.68307],[-73.90532,40.68295],[-73.90525,40.68283],[-73.9052,40.68273],[-73.90515,40.68264],[-73.9051,40.68256],[-73.90505,40.68247],[-73.90501,40.68239],[-73.90496,40.68232],[-73.90491,40.68225],[-73.90487,40.68218],[-73.90482,40.68212],[-73.90478,40.68206],[-73.90473,40.682],[-73.90469,40.68195],[-73.90465,40.6819],[-73.90461,40.68186],[-73.90456,40.68182],[-73.9045,40.68176],[-73.90444,40.68169],[-73.90439,40.68163],[-73.90433,40.68156],[-73.90428,40.68149],[-73.90423,40.68143],[-73.90418,40.68136],[-73.90413,40.68129],[-73.90408,40.68122],[-73.90404,40.68114],[-73.904,40.68107],[-73.90396,40.681],[-73.90392,40.68092],[-73.90388,40.68084],[-73.90385,40.68076],[-73.90324,40.67886],[-73.90289,40.6777],[-73.90287,40.67766],[-73.90286,40.67761],[-73.90285,40.67757],[-73.90284,40.67753],[-73.90283,40.67748],[-73.90282,40.67744],[-73.90282,40.67739],[-73.90281,40.67734],[-73.90281,40.6773],[-73.90281,40.67725],[-73.9028,40.6772],[-73.9028,40.67715],[-73.90281,40.67711],[-73.90281,40.67706],[-73.90281,40.67701],[-73.90287,40.67633],[-73.90287,40.67632],[-73.90287,40.6763],[-73.90287,40.67628],[-73.90287,40.67626],[-73.90287,40.67625],[-73.90287,40.67623],[-73.90288,40.67621],[-73.90288,40.67619],[-73.90288,40.67617],[-73.90289,40.67616],[-73.90289,40.67614],[-73.90289,40.67612],[-73.9029,40.6761],[-73.9029,40.67609],[-73.90291,40.67607],[-73.9031,40.67535],[-73.90328,40.67464],[-73.90329,40.67461],[-73.9033,40.67457],[-73.9033,40.67454],[-73.90331,40.6745],[-73.90331,40.67447],[-73.90331,40.67443],[-73.90331,40.67439],[-73.90331,40.67436],[-73.90331,40.67432],[-73.90331,40.67429],[-73.9033,40.67425],[-73.9033,40.67421],[-73.90329,40.67417],[-73.90328,40.67414],[-73.90327,40.6741],[-73.9026,40.67146],[-73.90259,40.67143],[-73.90259,40.6714],[-73.90258,40.67137],[-73.90257,40.67134],[-73.90256,40.67132],[-73.90255,40.67129],[-73.90254,40.67127],[-73.90253,40.67124],[-73.90252,40.67122],[-73.90251,40.67119],[-73.9025,40.67117],[-73.90249,40.67115],[-73.90248,40.67113],[-73.90247,40.67111],[-73.90246,40.67108],[-73.90244,40.67106],[-73.90243,40.67103],[-73.90242,40.67101],[-73.9024,40.67098],[-73.90239,40.67095],[-73.90238,40.67093],[-73.90237,40.6709],[-73.90236,40.67088],[-73.90235,40.67085],[-73.90234,40.67083],[-73.90233,40.6708],[-73.90233,40.67077],[-73.90232,40.67075],[-73.90231,40.67073],[-73.90231,40.6707],[-73.90197,40.66937],[-73.90057,40.66404],[-73.89923,40.65873],[-73.89807,40.65425],[-73.89804,40.65413],[-73.89802,40.65402],[-73.89801,40.6539],[-73.89799,40.65378],[-73.89799,40.65367],[-73.89799,40.65355],[-73.898,40.65344],[-73.89801,40.65333],[-73.89803,40.65322],[-73.89806,40.65311],[-73.89809,40.653],[-73.89813,40.65289],[-73.89817,40.65278],[-73.89822,40.65268],[-73.89828,40.65257],[-73.89948,40.65057],[-73.90185,40.64665]]}},{"type":"Feature","properties":{"route":"M","color":"#EB6800"},"geometry":{"type":"LineString","coordinates":[[-73.84452,40.72169],[-73.84754,40.72303],[-73.84776,40.72314],[-73.84798,40.72325],[-73.84819,40.72337],[-73.84839,40.72349],[-73.8486,40.72362],[-73.8488,40.72375],[-73.84899,40.72388],[-73.84918,40.72401],[-73.84937,40.72415],[-73.84956,40.72429],[-73.84974,40.72444],[-73.84991,40.72458],[-73.85008,40.72474],[-73.85025,40.72489],[-73.85042,40.72505],[-73.85054,40.72516],[-73.85067,40.72527],[-73.8508,40.72538],[-73.85094,40.72549],[-73.85108,40.7256],[-73.85123,40.7257],[-73.85138,40.7258],[-73.85153,40.7259],[-73.85169,40.72599],[-73.85185,40.72609],[-73.85201,40.72618],[-73.85219,40.72627],[-73.85236,40.72636],[-73.85254,40.72644],[-73.85272,40.72652],[-73.85285,40.72658],[-73.85297,40.72664],[-73.85309,40.72669],[-73.85321,40.72674],[-73.85333,40.72679],[-73.85344,40.72684],[-73.85355,40.72689],[-73.85367,40.72693],[-73.85377,40.72698],[-73.85388,40.72702],[-73.85398,40.72706],[-73.85408,40.7271],[-73.85418,40.72714],[-73.85428,40.72718],[-73.85438,40.72722],[-73.8616,40.72985],[-73.86471,40.73098],[-73.8649,40.73105],[-73.86508,40.73112],[-73.86526,40.73119],[-73.86543,40.73126],[-73.8656,40.73133],[-73.86577,40.7314],[-73.86593,40.73147],[-73.86609,40.73154],[-73.86624,40.73161],[-73.86639,40.73169],[-73.86653,40.73176],[-73.86668,40.73184],[-73.86681,40.73191],[-73.86695,40.73199],[-73.86707,40.73207],[-73.86719,40.73214],[-73.86732,40.73221],[-73.86744,40.73229],[-73.86757,40.73236],[-73.86771,40.73243],[-73.86784,40.7325],[-73.86798,40.73257],[-73.86813,40.73264],[-73.86827,40.73271],[-73.86843,40.73277],[-73.86858,40.73284],[-73.86874,40.73291],[-73.8689,40.73298],[-73.86906,40.73304],[-73.86923,40.73311],[-73.86934,40.73314],[-73.86944,40.73318],[-73.86955,40.73322],[-73.86966,40.73325],[-73.86977,40.73329],[-73.86988,40.73333],[-73.87,40.73336],[-73.87011,40.7334],[-73.87022,40.73344],[-73.87034,40.73347],[-73.87045,40.73351],[-73.87057,40.73354],[-73.87069,40.73358],[-73.87081,40.73361],[-73.87092,40.73365],[-73.87413,40.73459],[-73.87441,40.73468],[-73.87469,40.73477],[-73.87495,40.73488],[-73.87519,40.73499],[-73.87543,40.73511],[-73.87565,40.73523],[-73.87586,40.73537],[-73.87605,40.73551],[-73.87624,40.73566],[-73.87641,40.73581],[-73.87656,40.73598],[-73.87671,40.73615],[-73.87683,40.73633],[-73.87695,40.73651],[-73.87705,40.73671],[-73.87722,40.73701],[-73.8786,40.73965],[-73.87865,40.73974],[-73.8787,40.73982],[-73.87874,40.7399],[-73.87879,40.73998],[-73.87884,40.74005],[-73.8789,40.74012],[-73.87895,40.74019],[-73.879,40.74026],[-73.87906,40.74033],[-73.87912,40.74039],[-73.87918,40.74045],[-73.87923,40.74051],[-73.87929,40.74056],[-73.87936,40.74061],[-73.87942,40.74066],[-73.88098,40.74182],[-73.88104,40.74187],[-73.88111,40.74191],[-73.88118,40.74196],[-73.88125,40.742],[-73.88132,40.74204],[-73.88138,40.74209],[-73.88145,40.74213],[-73.88152,40.74217],[-73.88159,40.74222],[-73.88166,40.74226],[-73.88173,40.7423],[-73.8818,40.74234],[-73.88187,40.74238],[-73.88195,40.74242],[-73.88202,40.74245],[-73.88206,40.74248],[-73.88211,40.74251],[-73.88217,40.74254],[-73.88222,40.74257],[-73.88227,40.7426],[-73.88233,40.74263],[-73.88239,40.74266],[-73.88245,40.74269],[-73.88251,40.74273],[-73.88257,40.74276],[-73.88264,40.74279],[-73.88271,40.74283],[-73.88277,40.74286],[-73.88285,40.7429],[-73.88292,40.74293],[-73.88452,40.74372],[-73.88456,40.74374],[-73.8846,40.74376],[-73.88464,40.74377],[-73.88468,40.74379],[-73.88472,40.74381],[-73.88476,40.74383],[-73.8848,40.74385],[-73.88484,40.74387],[-73.88488,40.74389],[-73.88493,40.74391],[-73.88497,40.74393],[-73.88501,40.74395],[-73.88506,40.74397],[-73.8851,40.74399],[-73.88515,40.74401],[-73.89134,40.74664],[-73.89845,40.74967],[-73.90601,40.75288],[-73.90679,40.75322],[-73.90893,40.75424],[-73.91333,40.75631],[-73.91429,40.75676],[-73.91433,40.75678],[-73.91437,40.75679],[-73.9144,40.75681],[-73.91444,40.75683],[-73.91447,40.75685],[-73.91451,40.75686],[-73.91455,40.75688],[-73.91458,40.7569],[-73.91462,40.75691],[-73.91465,40.75693],[-73.91469,40.75695],[-73.91473,40.75697],[-73.91476,40.75699],[-73.9148,40.757],[-73.91483,40.75702],[-73.91722,40.75818],[-73.91743,40.75828],[-73.91764,40.75836],[-73.91784,40.75842],[-73.91803,40.75847],[-73.91822,40.7585],[-73.91841,40.75852],[-73.91859,40.75852],[-73.91876,40.75851],[-73.91894,40.75848],[-73.9191,40.75844],[-73.91926,40.75838],[-73.91942,40.7583],[-73.91957,40.75821],[-73.91971,40.75811],[-73.91985,40.75797],[-73.92074,40.75688],[-73.9214,40.75607],[-73.92141,40.75606],[-73.92142,40.75604],[-73.92143,40.75602],[-73.92145,40.75601],[-73.92146,40.75599],[-73.92147,40.75598],[-73.92148,40.75596],[-73.92149,40.75595],[-73.9215,40.75593],[-73.92151,40.75592],[-73.92153,40.75591],[-73.92154,40.75589],[-73.92155,40.75588],[-73.92155,40.75587],[-73.92157,40.75585],[-73.92373,40.75307],[-73.92379,40.75299],[-73.92385,40.75292],[-73.92391,40.75285],[-73.92398,40.75278],[-73.92405,40.75271],[-73.92413,40.75265],[-73.92421,40.7526],[-73.92429,40.75254],[-73.92438,40.7525],[-73.92447,40.75245],[-73.92456,40.75241],[-73.92466,40.75237],[-73.92476,40.75234],[-73.92486,40.75231],[-73.92497,40.75229],[-73.92507,40.75226],[-73.92517,40.75224],[-73.92527,40.75222],[-73.92538,40.7522],[-73.92548,40.75218],[-73.92558,40.75216],[-73.92569,40.75215],[-73.9258,40.75213],[-73.9259,40.75212],[-73.92601,40.75211],[-73.92612,40.7521],[-73.92623,40.75209],[-73.92634,40.75208],[-73.92645,40.75208],[-73.92656,40.75207],[-73.92878,40.75204],[-73.93163,40.75199],[-73.93191,40.75198],[-73.93218,40.75196],[-73.93245,40.75192],[-73.93271,40.75188],[-73.93297,40.75182],[-73.93321,40.75176],[-73.93345,40.75168],[-73.93368,40.75159],[-73.9339,40.75149],[-73.93412,40.75138],[-73.93433,40.75126],[-73.93453,40.75113],[-73.93473,40.75098],[-73.93491,40.75083],[-73.93509,40.75066],[-73.93635,40.7495],[-73.93639,40.74945],[-73.93644,40.74941],[-73.93649,40.74937],[-73.93654,40.74933],[-73.9366,40.74929],[-73.93666,40.74925],[-73.93671,40.74921],[-73.93677,40.74918],[-73.93683,40.74915],[-73.9369,40.74911],[-73.93696,40.74908],[-73.93703,40.74905],[-73.9371,40.74903],[-73.93717,40.749],[-73.93724,40.74897],[-73.93978,40.74806],[-73.94156,40.74742],[-73.94168,40.74739],[-73.94179,40.74735],[-73.94191,40.74733],[-73.94203,40.7473],[-73.94215,40.74728],[-73.94228,40.74727],[-73.9424,40.74726],[-73.94253,40.74726],[-73.94266,40.74726],[-73.94279,40.74726],[-73.94293,40.74727],[-73.94306,40.74729],[-73.9432,40.74731],[-73.94334,40.74733],[-73.94348,40.74736],[-73.946,40.74785],[-73.95234,40.74907],[-73.95266,40.74915],[-73.95298,40.74923],[-73.95331,40.74933],[-73.95363,40.74943],[-73.95395,40.74954],[-73.95428,40.74966],[-73.95461,40.74979],[-73.95493,40.74994],[-73.95526,40.75008],[-73.95559,40.75024],[-73.95592,40.75041],[-73.95625,40.75059],[-73.95658,40.75078],[-73.95692,40.75097],[-73.95725,40.75118],[-73.96167,40.75429],[-73.96173,40.75433],[-73.96179,40.75437],[-73.96186,40.75441],[-73.96192,40.75446],[-73.96199,40.7545],[-73.96206,40.75454],[-73.96212,40.75458],[-73.96219,40.75462],[-73.96226,40.75465],[-73.96233,40.75469],[-73.96241,40.75473],[-73.96248,40.75477],[-73.96255,40.7548],[-73.96263,40.75484],[-73.9627,40.75487],[-73.96905,40.75755],[-73.97522,40.76017],[-73.9767,40.76079],[-73.97801,40.76126],[-73.97816,40.76131],[-73.9783,40.76134],[-73.97844,40.76136],[-73.97857,40.76137],[-73.97869,40.76138],[-73.97881,40.76137],[-73.97893,40.76136],[-73.97904,40.76133],[-73.97915,40.7613],[-73.97925,40.76125],[-73.97935,40.7612],[-73.97945,40.76114],[-73.97954,40.76107],[-73.97962,40.76098],[-73.9797,40.76089],[-73.98133,40.75866],[-73.98457,40.75422],[-73.98782,40.74972],[-73.99282,40.74288],[-73.99621,40.73823],[-73.99978,40.73332],[-74.00048,40.73236],[-74.0005,40.73234],[-74.00051,40.73231],[-74.00131,40.73122],[-74.00133,40.73119],[-74.00135,40.73116],[-74.00137,40.73113],[-74.00138,40.73111],[-74.0014,40.73108],[-74.00142,40.73105],[-74.00144,40.73103],[-74.00145,40.731],[-74.00147,40.73098],[-74.00148,40.73095],[-74.0015,40.73092],[-74.00151,40.7309],[-74.00153,40.73087],[-74.00154,40.73085],[-74.00155,40.73082],[-74.0024,40.72928],[-74.00245,40.72915],[-74.00249,40.72903],[-74.00252,40.72892],[-74.00253,40.72881],[-74.00253,40.7287],[-74.00253,40.7286],[-74.00251,40.7285],[-74.00247,40.72841],[-74.00243,40.72833],[-74.00237,40.72825],[-74.0023,40.72817],[-74.00222,40.7281],[-74.00213,40.72803],[-74.00202,40.72797],[-74.0019,40.72791],[-73.99811,40.72605],[-73.99803,40.726],[-73.99794,40.72596],[-73.99785,40.72592],[-73.99776,40.72588],[-73.99766,40.72583],[-73.99757,40.72579],[-73.99747,40.72575],[-73.99737,40.72571],[-73.99727,40.72567],[-73.99717,40.72563],[-73.99707,40.72559],[-73.99696,40.72555],[-73.99686,40.72551],[-73.99675,40.72548],[-73.99664,40.72544],[-73.9962,40.7253],[-73.99255,40.72418],[-73.99242,40.72413],[-73.9923,40.72407],[-73.9922,40.72401],[-73.9921,40.72395],[-73.99201,40.72387],[-73.99193,40.7238],[-73.99187,40.72372],[-73.99181,40.72364],[-73.99177,40.72355],[-73.99173,40.72345],[-73.99171,40.72335],[-73.99169,40.72325],[-73.99169,40.72315],[-73.99169,40.72304],[-73.99171,40.72292],[-73.99186,40.72208],[-73.99201,40.72114],[-73.99204,40.72096],[-73.99205,40.7208],[-73.99204,40.72064],[-73.99202,40.72049],[-73.99199,40.72035],[-73.99194,40.72022],[-73.99188,40.72009],[-73.9918,40.71997],[-73.99171,40.71986],[-73.99161,40.71976],[-73.9915,40.71966],[-73.99137,40.71958],[-73.99122,40.7195],[-73.99106,40.71943],[-73.99089,40.71936],[-73.98744,40.71831],[-73.98598,40.71786],[-73.98593,40.71784],[-73.98588,40.71783],[-73.98583,40.71781],[-73.98578,40.71779],[-73.98573,40.71778],[-73.98568,40.71776],[-73.98563,40.71774],[-73.98559,40.71773],[-73.98554,40.71771],[-73.9855,40.71769],[-73.98546,40.71768],[-73.98541,40.71766],[-73.98537,40.71765],[-73.98533,40.71763],[-73.98529,40.71762],[-73.98515,40.71756],[-73.9851,40.71754],[-73.98505,40.71752],[-73.985,40.7175],[-73.98494,40.71748],[-73.98489,40.71746],[-73.98484,40.71744],[-73.98479,40.71742],[-73.98474,40.7174],[-73.98469,40.71739],[-73.98464,40.71737],[-73.98459,40.71735],[-73.98454,40.71733],[-73.98449,40.71732],[-73.98444,40.7173],[-73.98439,40.71729],[-73.9789,40.71563],[-73.96119,40.71025],[-73.96115,40.71024],[-73.96112,40.71023],[-73.96108,40.71021],[-73.96105,40.7102],[-73.96101,40.71019],[-73.96098,40.71017],[-73.96095,40.71015],[-73.96091,40.71014],[-73.96088,40.71012],[-73.96085,40.7101],[-73.96082,40.71008],[-73.96079,40.71007],[-73.96076,40.71005],[-73.96074,40.71003],[-73.96071,40.71001],[-73.95951,40.70903],[-73.95949,40.70902],[-73.95947,40.70901],[-73.95945,40.70899],[-73.95943,40.70898],[-73.95942,40.70897],[-73.9594,40.70895],[-73.95937,40.70894],[-73.95935,40.70893],[-73.95933,40.70892],[-73.95931,40.70891],[-73.95928,40.70889],[-73.95926,40.70888],[-73.95924,40.70887],[-73.95921,40.70886],[-73.95918,40.70885],[-73.95776,40.70836],[-73.95343,40.70687],[-73.95208,40.70641],[-73.95204,40.70639],[-73.95199,40.70637],[-73.95194,40.70635],[-73.9519,40.70634],[-73.95185,40.70632],[-73.95181,40.7063],[-73.95176,40.70628],[-73.95172,40.70626],[-73.95168,40.70624],[-73.95163,40.70622],[-73.95159,40.70619],[-73.95154,40.70617],[-73.9515,40.70615],[-73.95145,40.70613],[-73.95141,40.7061],[-73.94741,40.70387],[-73.94313,40.70147],[-73.94309,40.70145],[-73.94305,40.70143],[-73.94301,40.7014],[-73.94297,40.70138],[-73.94293,40.70135],[-73.94289,40.70133],[-73.94285,40.7013],[-73.94281,40.70128],[-73.94277,40.70125],[-73.94273,40.70123],[-73.94269,40.7012],[-73.94265,40.70118],[-73.94261,40.70115],[-73.94258,40.70113],[-73.94254,40.7011],[-73.9425,40.70108],[-73.94246,40.70105],[-73.94242,40.70102],[-73.94238,40.701],[-73.94234,40.70097],[-73.9423,40.70095],[-73.94226,40.70092],[-73.94222,40.7009],[-73.94218,40.70087],[-73.94214,40.70085],[-73.9421,40.70082],[-73.94206,40.7008],[-73.94202,40.70078],[-73.94198,40.70075],[-73.94194,40.70073],[-73.94113,40.70026],[-73.93566,40.69721],[-73.93468,40.69665],[-73.93461,40.69662],[-73.93454,40.6966],[-73.93447,40.69658],[-73.9344,40.69656],[-73.93434,40.69655],[-73.93428,40.69654],[-73.93422,40.69654],[-73.93416,40.69654],[-73.93411,40.69654],[-73.93405,40.69656],[-73.934,40.69657],[-73.93395,40.69659],[-73.9339,40.69662],[-73.93385,40.69665],[-73.93381,40.69668],[-73.93347,40.69704],[-73.93345,40.69706],[-73.93342,40.69708],[-73.9334,40.6971],[-73.93337,40.69711],[-73.93335,40.69713],[-73.93332,40.69714],[-73.93329,40.69716],[-73.93326,40.69717],[-73.93323,40.69718],[-73.9332,40.69719],[-73.93317,40.6972],[-73.93313,40.69721],[-73.9331,40.69722],[-73.93306,40.69722],[-73.93302,40.69723],[-73.9274,40.69786],[-73.91971,40.69866],[-73.91239,40.69943],[-73.91142,40.69953],[-73.91136,40.69953],[-73.91131,40.69954],[-73.91126,40.69955],[-73.91121,40.69956],[-73.91116,40.69958],[-73.91112,40.6996],[-73.91107,40.69961],[-73.91103,40.69963],[-73.91098,40.69966],[-73.91094,40.69968],[-73.9109,40.69971],[-73.91086,40.69973],[-73.91082,40.69976],[-73.91078,40.69979],[-73.91074,40.69982],[-73.90774,40.70276],[-73.90723,40.70325],[-73.9072,40.70328],[-73.90717,40.70331],[-73.90713,40.70333],[-73.9071,40.70336],[-73.90707,40.70338],[-73.90703,40.7034],[-73.90699,40.70342],[-73.90696,40.70344],[-73.90692,40.70346],[-73.90688,40.70348],[-73.90683,40.70349],[-73.90679,40.70351],[-73.90675,40.70352],[-73.9067,40.70354],[-73.90666,40.70355],[-73.90308,40.70442],[-73.89588,40.70619],[-73.89327,40.70683],[-73.89318,40.70686],[-73.89309,40.70689],[-73.893,40.70692],[-73.89292,40.70695],[-73.89283,40.70699],[-73.89275,40.70703],[-73.89267,40.70707],[-73.89259,40.70711],[-73.89252,40.70716],[-73.89244,40.7072],[-73.89237,40.70725],[-73.8923,40.70731],[-73.89224,40.70736],[-73.89217,40.70742],[-73.89211,40.70748],[-73.89034,40.70939],[-73.89032,40.70943],[-73.89029,40.70946],[-73.89027,40.70949],[-73.89025,40.70953],[-73.89023,40.70956],[-73.89021,40.70959],[-73.89019,40.70963],[-73.89017,40.70966],[-73.89016,40.7097],[-73.89014,40.70973],[-73.89013,40.70976],[-73.89011,40.7098],[-73.8901,40.70983],[-73.89009,40.70987],[-73.89008,40.7099],[-73.88999,40.71023],[-73.88999,40.71025],[-73.88998,40.71026],[-73.88998,40.71027],[-73.88998,40.71028],[-73.88998,40.71029],[-73.88997,40.7103],[-73.88997,40.71032],[-73.88997,40.71033],[-73.88996,40.71034],[-73.88996,40.71035],[-73.88996,40.71036],[-73.88996,40.71038],[-73.88995,40.71039],[-73.88995,40.7104],[-73.88995,40.71041],[-73.88995,40.71043],[-73.88995,40.71044],[-73.88994,40.71045],[-73.88994,40.71046],[-73.88994,40.71047],[-73.88994,40.71048],[-73.88993,40.7105],[-73.88993,40.71051],[-73.88993,40.71052],[-73.88993,40.71053],[-73.88993,40.71054],[-73.88993,40.71054],[-73.88992,40.71055],[-73.88992,40.71057],[-73.88992,40.71058],[-73.88992,40.71059],[-73.8899,40.71063],[-73.88989,40.71067],[-73.88988,40.71072],[-73.88986,40.71076],[-73.88985,40.71081],[-73.88983,40.71086],[-73.88981,40.71091],[-73.88979,40.71097],[-73.88977,40.71102],[-73.88974,40.71108],[-73.88972,40.71114],[-73.88969,40.7112],[-73.88966,40.71126],[-73.88963,40.71133],[-73.8896,40.7114]]}},{"type":"Feature","properties":{"route":"M","color":"#EB6800"},"geometry":{"type":"LineString","coordinates":[[-73.8896,40.7114],[-73.88963,40.71133],[-73.88966,40.71126],[-73.88969,40.7112],[-73.88972,40.71114],[-73.88974,40.71108],[-73.88977,40.71102],[-73.88979,40.71097],[-73.88981,40.71091],[-73.88983,40.71086],[-73.88985,40.71081],[-73.88986,40.71076],[-73.88988,40.71072],[-73.88989,40.71067],[-73.8899,40.71063],[-73.88992,40.71059],[-73.88992,40.71058],[-73.88992,40.71057],[-73.88992,40.71055],[-73.88993,40.71054],[-73.88993,40.71053],[-73.88993,40.71052],[-73.88993,40.71051],[-73.88993,40.7105],[-73.88994,40.71048],[-73.88994,40.71047],[-73.88994,40.71046],[-73.88994,40.71045],[-73.88995,40.71044],[-73.88995,40.71043],[-73.88995,40.71041],[-73.88995,40.7104],[-73.88995,40.71039],[-73.88996,40.71038],[-73.88996,40.71036],[-73.88996,40.71035],[-73.88996,40.71034],[-73.88997,40.71033],[-73.88997,40.71032],[-73.88997,40.7103],[-73.88998,40.71029],[-73.88998,40.71028],[-73.88998,40.71027],[-73.88998,40.71026],[-73.88999,40.71025],[-73.88999,40.71023],[-73.89008,40.7099],[-73.89009,40.70987],[-73.8901,40.70983],[-73.89011,40.7098],[-73.89013,40.70976],[-73.89014,40.70973],[-73.89016,40.7097],[-73.89017,40.70966],[-73.89019,40.70963],[-73.89021,40.70959],[-73.89023,40.70956],[-73.89025,40.70953],[-73.89027,40.70949],[-73.89029,40.70946],[-73.89032,40.70943],[-73.89034,40.70939],[-73.89211,40.70748],[-73.89217,40.70742],[-73.89224,40.70736],[-73.8923,40.70731],[-73.89237,40.70725],[-73.89244,40.7072],[-73.89252,40.70716],[-73.89259,40.70711],[-73.89267,40.70707],[-73.89275,40.70703],[-73.89283,40.70699],[-73.89292,40.70695],[-73.893,40.70692],[-73.89309,40.70689],[-73.89318,40.70686],[-73.89327,40.70683],[-73.89588,40.70619],[-73.90308,40.70442],[-73.90666,40.70355],[-73.9067,40.70354],[-73.90675,40.70352],[-73.90679,40.70351],[-73.90683,40.70349],[-73.90688,40.70348],[-73.90692,40.70346],[-73.90696,40.70344],[-73.90699,40.70342],[-73.90703,40.7034],[-73.90707,40.70338],[-73.9071,40.70336],[-73.90713,40.70333],[-73.90717,40.70331],[-73.9072,40.70328],[-73.90723,40.70325],[-73.90774,40.70276],[-73.91074,40.69982],[-73.91078,40.69979],[-73.91082,40.69976],[-73.91086,40.69973],[-73.9109,40.69971],[-73.91094,40.69968],[-73.91098,40.69966],[-73.91103,40.69963],[-73.91107,40.69961],[-73.91112,40.6996],[-73.91116,40.69958],[-73.91121,40.69956],[-73.91126,40.69955],[-73.91131,40.69954],[-73.91136,40.69953],[-73.91142,40.69953],[-73.91239,40.69943],[-73.91971,40.69866],[-73.9274,40.69786],[-73.93302,40.69723],[-73.93306,40.69722],[-73.9331,40.69722],[-73.93313,40.69721],[-73.93317,40.6972],[-73.9332,40.69719],[-73.93323,40.69718],[-73.93326,40.69717],[-73.93329,40.69716],[-73.93332,40.69714],[-73.93335,40.69713],[-73.93337,40.69711],[-73.9334,40.6971],[-73.93342,40.69708],[-73.93345,40.69706],[-73.93347,40.69704],[-73.93381,40.69668],[-73.93385,40.69665],[-73.9339,40.69662],[-73.93395,40.69659],[-73.934,40.69657],[-73.93405,40.69656],[-73.93411,40.69654],[-73.93416,40.69654],[-73.93422,40.69654],[-73.93428,40.69654],[-73.93434,40.69655],[-73.9344,40.69656],[-73.93447,40.69658],[-73.93454,40.6966],[-73.93461,40.69662],[-73.93468,40.69665],[-73.93566,40.69721],[-73.94113,40.70026],[-73.94194,40.70073],[-73.94198,40.70075],[-73.94202,40.70078],[-73.94206,40.7008],[-73.9421,40.70082],[-73.94214,40.70085],[-73.94218,40.70087],[-73.94222,40.7009],[-73.94226,40.70092],[-73.9423,40.70095],[-73.94234,40.70097],[-73.94238,40.701],[-73.94242,40.70102],[-73.94246,40.70105],[-73.9425,40.70108],[-73.94254,40.7011],[-73.94258,40.70113],[-73.94261,40.70115],[-73.94265,40.70118],[-73.94269,40.7012],[-73.94273,40.70123],[-73.94277,40.70125],[-73.94281,40.70128],[-73.94285,40.7013],[-73.94289,40.70133],[-73.94293,40.70135],[-73.94297,40.70138],[-73.94301,40.7014],[-73.94305,40.70143],[-73.94309,40.70145],[-73.94313,40.70147],[-73.94741,40.70387],[-73.95141,40.7061],[-73.95145,40.70613],[-73.9515,40.70615],[-73.95154,40.70617],[-73.95159,40.70619],[-73.95163,40.70622],[-73.95168,40.70624],[-73.95172,40.70626],[-73.95176,40.70628],[-73.95181,40.7063],[-73.95185,40.70632],[-73.9519,40.70634],[-73.95194,40.70635],[-73.95199,40.70637],[-73.95204,40.70639],[-73.95208,40.70641],[-73.95343,40.70687],[-73.95776,40.70836],[-73.95918,40.70885],[-73.95921,40.70886],[-73.95924,40.70887],[-73.95926,40.70888],[-73.95928,40.70889],[-73.95931,40.70891],[-73.95933,40.70892],[-73.95935,40.70893],[-73.95937,40.70894],[-73.9594,40.70895],[-73.95942,40.70897],[-73.95943,40.70898],[-73.95945,40.70899],[-73.95947,40.70901],[-73.95949,40.70902],[-73.95951,40.70903],[-73.96071,40.71001],[-73.96074,40.71003],[-73.96076,40.71005],[-73.96079,40.71007],[-73.96082,40.71008],[-73.96085,40.7101],[-73.96088,40.71012],[-73.96091,40.71014],[-73.96095,40.71015],[-73.96098,40.71017],[-73.96101,40.71019],[-73.96105,40.7102],[-73.96108,40.71021],[-73.96112,40.71023],[-73.96115,40.71024],[-73.96119,40.71025],[-73.9789,40.71563],[-73.98439,40.71729],[-73.98444,40.7173],[-73.98449,40.71732],[-73.98454,40.71733],[-73.98459,40.71735],[-73.98464,40.71737],[-73.98469,40.71739],[-73.98474,40.7174],[-73.98479,40.71742],[-73.98484,40.71744],[-73.98489,40.71746],[-73.98494,40.71748],[-73.985,40.7175],[-73.98505,40.71752],[-73.9851,40.71754],[-73.98515,40.71756],[-73.98529,40.71762],[-73.98533,40.71763],[-73.98537,40.71765],[-73.98541,40.71766],[-73.98546,40.71768],[-73.9855,40.71769],[-73.98554,40.71771],[-73.98559,40.71773],[-73.98563,40.71774],[-73.98568,40.71776],[-73.98573,40.71778],[-73.98578,40.71779],[-73.98583,40.71781],[-73.98588,40.71783],[-73.98593,40.71784],[-73.98598,40.71786],[-73.98744,40.71831],[-73.99089,40.71936],[-73.99106,40.71943],[-73.99122,40.7195],[-73.99137,40.71958],[-73.9915,40.71966],[-73.99161,40.71976],[-73.99171,40.71986],[-73.9918,40.71997],[-73.99188,40.72009],[-73.99194,40.72022],[-73.99199,40.72035],[-73.99202,40.72049],[-73.99204,40.72064],[-73.99205,40.7208],[-73.99204,40.72096],[-73.99201,40.72114],[-73.99186,40.72208],[-73.99171,40.72292],[-73.99169,40.72304],[-73.99169,40.72315],[-73.99169,40.72325],[-73.99171,40.72335],[-73.99173,40.72345],[-73.99177,40.72355],[-73.99181,40.72364],[-73.99187,40.72372],[-73.99193,40.7238],[-73.99201,40.72387],[-73.9921,40.72395],[-73.9922,40.72401],[-73.9923,40.72407],[-73.99242,40.72413],[-73.99255,40.72418],[-73.9962,40.7253],[-73.99664,40.72544],[-73.99675,40.72548],[-73.99686,40.72551],[-73.99696,40.72555],[-73.99707,40.72559],[-73.99717,40.72563],[-73.99727,40.72567],[-73.99737,40.72571],[-73.99747,40.72575],[-73.99757,40.72579],[-73.99766,40.72583],[-73.99776,40.72588],[-73.99785,40.72592],[-73.99794,40.72596],[-73.99803,40.726],[-73.99811,40.72605],[-74.0019,40.72791],[-74.00202,40.72797],[-74.00213,40.72803],[-74.00222,40.7281],[-74.0023,40.72817],[-74.00237,40.72825],[-74.00243,40.72833],[-74.00247,40.72841],[-74.00251,40.7285],[-74.00253,40.7286],[-74.00253,40.7287],[-74.00253,40.72881],[-74.00252,40.72892],[-74.00249,40.72903],[-74.00245,40.72915],[-74.0024,40.72928],[-74.00155,40.73082],[-74.00154,40.73085],[-74.00153,40.73087],[-74.00151,40.7309],[-74.0015,40.73092],[-74.00148,40.73095],[-74.00147,40.73098],[-74.00145,40.731],[-74.00144,40.73103],[-74.00142,40.73105],[-74.0014,40.73108],[-74.00138,40.73111],[-74.00137,40.73113],[-74.00135,40.73116],[-74.00133,40.73119],[-74.00131,40.73122],[-74.00051,40.73231],[-74.0005,40.73234],[-74.00048,40.73236],[-73.99978,40.73332],[-73.99621,40.73823],[-73.99282,40.74288],[-73.98782,40.74972],[-73.98457,40.75422],[-73.98133,40.75866],[-73.9797,40.76089],[-73.97962,40.76098],[-73.97954,40.76107],[-73.97945,40.76114],[-73.97935,40.7612],[-73.97925,40.76125],[-73.97915,40.7613],[-73.97904,40.76133],[-73.97893,40.76136],[-73.97881,40.76137],[-73.97869,40.76138],[-73.97857,40.76137],[-73.97844,40.76136],[-73.9783,40.76134],[-73.97816,40.76131],[-73.97801,40.76126],[-73.9767,40.76079],[-73.97522,40.76017],[-73.96905,40.75755],[-73.9627,40.75487],[-73.96263,40.75484],[-73.96255,40.7548],[-73.96248,40.75477],[-73.96241,40.75473],[-73.96233,40.75469],[-73.96226,40.75465],[-73.96219,40.75462],[-73.96212,40.75458],[-73.96206,40.75454],[-73.96199,40.7545],[-73.96192,40.75446],[-73.96186,40.75441],[-73.96179,40.75437],[-73.96173,40.75433],[-73.96167,40.75429],[-73.95725,40.75118],[-73.95692,40.75097],[-73.95658,40.75078],[-73.95625,40.75059],[-73.95592,40.75041],[-73.95559,40.75024],[-73.95526,40.75008],[-73.95493,40.74994],[-73.95461,40.74979],[-73.95428,40.74966],[-73.95395,40.74954],[-73.95363,40.74943],[-73.95331,40.74933],[-73.95298,40.74923],[-73.95266,40.74915],[-73.95234,40.74907],[-73.946,40.74785],[-73.94348,40.74736],[-73.94334,40.74733],[-73.9432,40.74731],[-73.94306,40.74729],[-73.94293,40.74727],[-73.94279,40.74726],[-73.94266,40.74726],[-73.94253,40.74726],[-73.9424,40.74726],[-73.94228,40.74727],[-73.94215,40.74728],[-73.94203,40.7473],[-73.94191,40.74733],[-73.94179,40.74735],[-73.94168,40.74739],[-73.94156,40.74742],[-73.93978,40.74806],[-73.93724,40.74897],[-73.93717,40.749],[-73.9371,40.74903],[-73.93703,40.74905],[-73.93696,40.74908],[-73.9369,40.74911],[-73.93683,40.74915],[-73.93677,40.74918],[-73.93671,40.74921],[-73.93666,40.74925],[-73.9366,40.74929],[-73.93654,40.74933],[-73.93649,40.74937],[-73.93644,40.74941],[-73.93639,40.74945],[-73.93635,40.7495],[-73.93509,40.75066],[-73.93491,40.75083],[-73.93473,40.75098],[-73.93453,40.75113],[-73.93433,40.75126],[-73.93412,40.75138],[-73.9339,40.75149],[-73.93368,40.75159],[-73.93345,40.75168],[-73.93321,40.75176],[-73.93297,40.75182],[-73.93271,40.75188],[-73.93245,40.75192],[-73.93218,40.75196],[-73.93191,40.75198],[-73.93163,40.75199],[-73.92878,40.75204],[-73.92656,40.75207],[-73.92645,40.75208],[-73.92634,40.75208],[-73.92623,40.75209],[-73.92612,40.7521],[-73.92601,40.75211],[-73.9259,40.75212],[-73.9258,40.75213],[-73.92569,40.75215],[-73.92558,40.75216],[-73.92548,40.75218],[-73.92538,40.7522],[-73.92527,40.75222],[-73.92517,40.75224],[-73.92507,40.75226],[-73.92497,40.75229],[-73.92486,40.75231],[-73.92476,40.75234],[-73.92466,40.75237],[-73.92456,40.75241],[-73.92447,40.75245],[-73.92438,40.7525],[-73.92429,40.75254],[-73.92421,40.7526],[-73.92413,40.75265],[-73.92405,40.75271],[-73.92398,40.75278],[-73.92391,40.75285],[-73.92385,40.75292],[-73.92379,40.75299],[-73.92373,40.75307],[-73.92157,40.75585],[-73.92155,40.75587],[-73.92155,40.75588],[-73.92154,40.75589],[-73.92153,40.75591],[-73.92151,40.75592],[-73.9215,40.75593],[-73.92149,40.75595],[-73.92148,40.75596],[-73.92147,40.75598],[-73.92146,40.75599],[-73.92145,40.75601],[-73.92143,40.75602],[-73.92142,40.75604],[-73.92141,40.75606],[-73.9214,40.75607],[-73.92074,40.75688],[-73.91985,40.75797],[-73.91971,40.75811],[-73.91957,40.75821],[-73.91942,40.7583],[-73.91926,40.75838],[-73.9191,40.75844],[-73.91894,40.75848],[-73.91876,40.75851],[-73.91859,40.75852],[-73.91841,40.75852],[-73.91822,40.7585],[-73.91803,40.75847],[-73.91784,40.75842],[-73.91764,40.75836],[-73.91743,40.75828],[-73.91722,40.75818],[-73.91483,40.75702],[-73.9148,40.757],[-73.91476,40.75699],[-73.91473,40.75697],[-73.91469,40.75695],[-73.91465,40.75693],[-73.91462,40.75691],[-73.91458,40.7569],[-73.91455,40.75688],[-73.91451,40.75686],[-73.91447,40.75685],[-73.91444,40.75683],[-73.9144,40.75681],[-73.91437,40.75679],[-73.91433,40.75678],[-73.91429,40.75676],[-73.91333,40.75631],[-73.90893,40.75424],[-73.90679,40.75322],[-73.90601,40.75288],[-73.89845,40.74967],[-73.89134,40.74664],[-73.88515,40.74401],[-73.8851,40.74399],[-73.88506,40.74397],[-73.88501,40.74395],[-73.88497,40.74393],[-73.88493,40.74391],[-73.88488,40.74389],[-73.88484,40.74387],[-73.8848,40.74385],[-73.88476,40.74383],[-73.88472,40.74381],[-73.88468,40.74379],[-73.88464,40.74377],[-73.8846,40.74376],[-73.88456,40.74374],[-73.88452,40.74372],[-73.88292,40.74293],[-73.88285,40.7429],[-73.88277,40.74286],[-73.88271,40.74283],[-73.88264,40.74279],[-73.88257,40.74276],[-73.88251,40.74273],[-73.88245,40.74269],[-73.88239,40.74266],[-73.88233,40.74263],[-73.88227,40.7426],[-73.88222,40.74257],[-73.88217,40.74254],[-73.88211,40.74251],[-73.88206,40.74248],[-73.88202,40.74245],[-73.88195,40.74242],[-73.88187,40.74238],[-73.8818,40.74234],[-73.88173,40.7423],[-73.88166,40.74226],[-73.88159,40.74222],[-73.88152,40.74217],[-73.88145,40.74213],[-73.88138,40.74209],[-73.88132,40.74204],[-73.88125,40.742],[-73.88118,40.74196],[-73.88111,40.74191],[-73.88104,40.74187],[-73.88098,40.74182],[-73.87942,40.74066],[-73.87936,40.74061],[-73.87929,40.74056],[-73.87923,40.74051],[-73.87918,40.74045],[-73.87912,40.74039],[-73.87906,40.74033],[-73.879,40.74026],[-73.87895,40.74019],[-73.8789,40.74012],[-73.87884,40.74005],[-73.87879,40.73998],[-73.87874,40.7399],[-73.8787,40.73982],[-73.87865,40.73974],[-73.8786,40.73965],[-73.87722,40.73701],[-73.87705,40.73671],[-73.87695,40.73651],[-73.87683,40.73633],[-73.87671,40.73615],[-73.87656,40.73598],[-73.87641,40.73581],[-73.87624,40.73566],[-73.87605,40.73551],[-73.87586,40.73537],[-73.87565,40.73523],[-73.87543,40.73511],[-73.87519,40.73499],[-73.87495,40.73488],[-73.87469,40.73477],[-73.87441,40.73468],[-73.87413,40.73459],[-73.87092,40.73365],[-73.87081,40.73361],[-73.87069,40.73358],[-73.87057,40.73354],[-73.87045,40.73351],[-73.87034,40.73347],[-73.87022,40.73344],[-73.87011,40.7334],[-73.87,40.73336],[-73.86988,40.73333],[-73.86977,40.73329],[-73.86966,40.73325],[-73.86955,40.73322],[-73.86944,40.73318],[-73.86934,40.73314],[-73.86923,40.73311],[-73.86906,40.73304],[-73.8689,40.73298],[-73.86874,40.73291],[-73.86858,40.73284],[-73.86843,40.73277],[-73.86827,40.73271],[-73.86813,40.73264],[-73.86798,40.73257],[-73.86784,40.7325],[-73.86771,40.73243],[-73.86757,40.73236],[-73.86744,40.73229],[-73.86732,40.73221],[-73.86719,40.73214],[-73.86707,40.73207],[-73.86695,40.73199],[-73.86681,40.73191],[-73.86668,40.73184],[-73.86653,40.73176],[-73.86639,40.73169],[-73.86624,40.73161],[-73.86609,40.73154],[-73.86593,40.73147],[-73.86577,40.7314],[-73.8656,40.73133],[-73.86543,40.73126],[-73.86526,40.73119],[-73.86508,40.73112],[-73.8649,40.73105],[-73.86471,40.73098],[-73.8616,40.72985],[-73.85438,40.72722],[-73.85428,40.72718],[-73.85418,40.72714],[-73.85408,40.7271],[-73.85398,40.72706],[-73.85388,40.72702],[-73.85377,40.72698],[-73.85367,40.72693],[-73.85355,40.72689],[-73.85344,40.72684],[-73.85333,40.72679],[-73.85321,40.72674],[-73.85309,40.72669],[-73.85297,40.72664],[-73.85285,40.72658],[-73.85272,40.72652],[-73.85254,40.72644],[-73.85236,40.72636],[-73.85219,40.72627],[-73.85201,40.72618],[-73.85185,40.72609],[-73.85169,40.72599],[-73.85153,40.7259],[-73.85138,40.7258],[-73.85123,40.7257],[-73.85108,40.7256],[-73.85094,40.72549],[-73.8508,40.72538],[-73.8508,40.72538],[-73.85067,40.72527],[-73.85054,40.72516],[-73.85042,40.72505],[-73.85025,40.72489],[-73.85008,40.72474],[-73.84991,40.72458],[-73.84974,40.72444],[-73.84956,40.72429],[-73.84937,40.72415],[-73.84918,40.72401],[-73.84899,40.72388],[-73.8488,40.72375],[-73.8486,40.72362],[-73.84839,40.72349],[-73.84819,40.72337],[-73.84798,40.72325],[-73.84776,40.72314],[-73.84754,40.72303],[-73.84452,40.72169]]}},{"type":"Feature","properties":{"route":"N","color":"#F6BC26"},"geometry":{"type":"LineString","coordinates":[[-73.98123,40.57742],[-73.9814,40.57831],[-73.9814,40.57834],[-73.98141,40.57837],[-73.98141,40.5784],[-73.98141,40.57843],[-73.98141,40.57846],[-73.98142,40.57849],[-73.98141,40.57852],[-73.98141,40.57855],[-73.98141,40.57858],[-73.98141,40.5786],[-73.98141,40.57863],[-73.9814,40.57866],[-73.9814,40.57869],[-73.98139,40.57872],[-73.98139,40.57874],[-73.98138,40.57877],[-73.98138,40.57879],[-73.98138,40.57882],[-73.98137,40.57884],[-73.98137,40.57887],[-73.98137,40.57889],[-73.98137,40.57892],[-73.98137,40.57894],[-73.98137,40.57897],[-73.98137,40.57899],[-73.98137,40.57902],[-73.98137,40.57905],[-73.98137,40.57907],[-73.98137,40.5791],[-73.98137,40.57913],[-73.98146,40.58044],[-73.98146,40.58048],[-73.98146,40.58051],[-73.98146,40.58054],[-73.98146,40.58058],[-73.98145,40.58061],[-73.98145,40.58064],[-73.98144,40.58067],[-73.98144,40.5807],[-73.98143,40.58073],[-73.98142,40.58076],[-73.98141,40.5808],[-73.9814,40.58083],[-73.98139,40.58085],[-73.98138,40.58089],[-73.98136,40.58091],[-73.98121,40.58127],[-73.98119,40.5813],[-73.98117,40.58134],[-73.98116,40.58137],[-73.98114,40.5814],[-73.98112,40.58143],[-73.98111,40.58147],[-73.98109,40.58149],[-73.98108,40.58152],[-73.98106,40.58155],[-73.98104,40.58158],[-73.98103,40.58161],[-73.98101,40.58163],[-73.981,40.58166],[-73.98098,40.58169],[-73.98097,40.58171],[-73.98095,40.58174],[-73.98093,40.58176],[-73.98092,40.58179],[-73.9809,40.58181],[-73.98089,40.58184],[-73.98087,40.58187],[-73.98086,40.58189],[-73.98084,40.58192],[-73.98083,40.58195],[-73.98081,40.58197],[-73.9808,40.582],[-73.98079,40.58202],[-73.98078,40.58205],[-73.98077,40.58208],[-73.98076,40.5821],[-73.98013,40.58355],[-73.98012,40.58357],[-73.98011,40.5836],[-73.9801,40.58362],[-73.9801,40.58364],[-73.98009,40.58367],[-73.98007,40.58369],[-73.98007,40.58372],[-73.98006,40.58374],[-73.98005,40.58377],[-73.98004,40.58379],[-73.98003,40.58382],[-73.98002,40.58384],[-73.98001,40.58387],[-73.98,40.5839],[-73.97999,40.58392],[-73.97887,40.58747],[-73.97886,40.58749],[-73.97885,40.58752],[-73.97885,40.58754],[-73.97884,40.58756],[-73.97884,40.58758],[-73.97883,40.5876],[-73.97882,40.58762],[-73.97882,40.58764],[-73.97881,40.58766],[-73.97881,40.58768],[-73.9788,40.5877],[-73.9788,40.58772],[-73.97879,40.58774],[-73.97879,40.58776],[-73.97878,40.58778],[-73.9787,40.58813],[-73.97869,40.58816],[-73.97868,40.5882],[-73.97867,40.58823],[-73.97867,40.58826],[-73.97866,40.5883],[-73.97865,40.58833],[-73.97864,40.58836],[-73.97863,40.58839],[-73.97862,40.58843],[-73.97861,40.58846],[-73.9786,40.58849],[-73.97858,40.58852],[-73.97857,40.58855],[-73.97856,40.58858],[-73.97855,40.58862],[-73.97833,40.58924],[-73.97823,40.58959],[-73.97819,40.58974],[-73.97815,40.58989],[-73.97812,40.59004],[-73.97809,40.59019],[-73.97806,40.59034],[-73.97804,40.59048],[-73.97802,40.59062],[-73.97801,40.59076],[-73.978,40.5909],[-73.978,40.59103],[-73.978,40.59116],[-73.978,40.5913],[-73.97801,40.59143],[-73.97802,40.59155],[-73.97804,40.59168],[-73.97823,40.59272],[-73.97914,40.59747],[-73.98035,40.60392],[-73.98185,40.61181],[-73.9822,40.61351],[-73.98224,40.61367],[-73.98228,40.61382],[-73.98232,40.61397],[-73.98236,40.61412],[-73.9824,40.61426],[-73.98245,40.6144],[-73.9825,40.61453],[-73.98255,40.61466],[-73.9826,40.61479],[-73.98265,40.61491],[-73.9827,40.61503],[-73.98276,40.61514],[-73.98281,40.61525],[-73.98287,40.61535],[-73.98293,40.61545],[-73.98301,40.61558],[-73.9831,40.61571],[-73.98319,40.61583],[-73.98328,40.61595],[-73.98338,40.61607],[-73.98349,40.61619],[-73.98359,40.6163],[-73.9837,40.61642],[-73.98382,40.61653],[-73.98394,40.61664],[-73.98406,40.61674],[-73.98419,40.61685],[-73.98432,40.61695],[-73.98446,40.61705],[-73.9846,40.61715],[-73.98503,40.61741],[-73.99041,40.62067],[-73.99515,40.62353],[-73.99522,40.62357],[-73.99528,40.62362],[-73.99535,40.62366],[-73.99541,40.62371],[-73.99548,40.62376],[-73.99554,40.62381],[-73.9956,40.62387],[-73.99566,40.62392],[-73.99572,40.62398],[-73.99578,40.62405],[-73.99583,40.62411],[-73.99589,40.62418],[-73.99595,40.62425],[-73.996,40.62432],[-73.99605,40.62439],[-73.99635,40.62484],[-73.99686,40.62562],[-73.99697,40.62576],[-73.99707,40.62589],[-73.99717,40.62603],[-73.99727,40.62615],[-73.99738,40.62627],[-73.99748,40.62639],[-73.99759,40.6265],[-73.9977,40.62661],[-73.99781,40.62671],[-73.99792,40.62681],[-73.99803,40.6269],[-73.99814,40.62699],[-73.99826,40.62708],[-73.99837,40.62716],[-73.99849,40.62723],[-74.00535,40.63139],[-74.00865,40.63339],[-74.0087,40.63342],[-74.00875,40.63345],[-74.00879,40.63347],[-74.00884,40.6335],[-74.00889,40.63353],[-74.00893,40.63356],[-74.00898,40.63358],[-74.00903,40.63361],[-74.00907,40.63364],[-74.00912,40.63367],[-74.00917,40.6337],[-74.00922,40.63372],[-74.00926,40.63375],[-74.00931,40.63378],[-74.00936,40.6338],[-74.01091,40.63465],[-74.01097,40.63469],[-74.01103,40.63472],[-74.01109,40.63475],[-74.01115,40.63479],[-74.01121,40.63482],[-74.01126,40.63485],[-74.01132,40.63487],[-74.01137,40.6349],[-74.01143,40.63493],[-74.01148,40.63495],[-74.01153,40.63498],[-74.01158,40.635],[-74.01163,40.63502],[-74.01167,40.63504],[-74.01172,40.63506],[-74.0118,40.6351],[-74.01189,40.63513],[-74.01198,40.63517],[-74.01207,40.6352],[-74.01216,40.63524],[-74.01225,40.63527],[-74.01235,40.6353],[-74.01244,40.63533],[-74.01254,40.63537],[-74.01264,40.6354],[-74.01274,40.63542],[-74.01284,40.63545],[-74.01295,40.63548],[-74.01305,40.63551],[-74.01316,40.63554],[-74.01619,40.63632],[-74.01624,40.63633],[-74.01628,40.63634],[-74.01633,40.63635],[-74.01638,40.63637],[-74.01642,40.63638],[-74.01647,40.63639],[-74.01652,40.6364],[-74.01656,40.63641],[-74.01661,40.63643],[-74.01665,40.63644],[-74.01669,40.63645],[-74.01674,40.63647],[-74.01678,40.63648],[-74.01682,40.63649],[-74.01686,40.6365],[-74.01949,40.63726],[-74.0196,40.6373],[-74.01972,40.63734],[-74.01982,40.63738],[-74.01993,40.63742],[-74.02003,40.63746],[-74.02012,40.6375],[-74.02022,40.63755],[-74.0203,40.63759],[-74.02039,40.63764],[-74.02047,40.63768],[-74.02054,40.63773],[-74.02061,40.63778],[-74.02068,40.63783],[-74.02074,40.63789],[-74.0208,40.63794],[-74.02084,40.63798],[-74.02087,40.63802],[-74.0209,40.63806],[-74.02092,40.6381],[-74.02094,40.63815],[-74.02094,40.63819],[-74.02094,40.63824],[-74.02094,40.63828],[-74.02093,40.63833],[-74.0209,40.63838],[-74.02088,40.63843],[-74.02084,40.63849],[-74.0208,40.63854],[-74.02076,40.63859],[-74.0207,40.63865],[-74.01788,40.64136],[-74.01403,40.64507],[-74.01001,40.64894],[-74.00519,40.65356],[-74.00355,40.65514],[-73.99809,40.6604],[-73.99287,40.66541],[-73.99284,40.66545],[-73.9928,40.66548],[-73.99277,40.66552],[-73.99274,40.66555],[-73.99271,40.66559],[-73.99268,40.66562],[-73.99264,40.66566],[-73.99261,40.66569],[-73.99258,40.66572],[-73.99255,40.66576],[-73.99252,40.66579],[-73.99249,40.66583],[-73.99246,40.66586],[-73.99243,40.6659],[-73.9924,40.66593],[-73.9883,40.67085],[-73.98419,40.67578],[-73.98415,40.67583],[-73.9841,40.67589],[-73.98406,40.67594],[-73.98402,40.676],[-73.98398,40.67605],[-73.98393,40.6761],[-73.9839,40.67616],[-73.98386,40.67621],[-73.98382,40.67626],[-73.98378,40.67631],[-73.98375,40.67636],[-73.98372,40.67641],[-73.98368,40.67646],[-73.98365,40.6765],[-73.98362,40.67655],[-73.98311,40.67732],[-73.97881,40.68367],[-73.9782,40.6846],[-73.97817,40.68464],[-73.97814,40.68468],[-73.97812,40.68473],[-73.9781,40.68477],[-73.97808,40.68481],[-73.97806,40.68485],[-73.97804,40.6849],[-73.97803,40.68494],[-73.97801,40.68498],[-73.978,40.68502],[-73.978,40.68507],[-73.97799,40.68511],[-73.97798,40.68515],[-73.97798,40.6852],[-73.97798,40.68524],[-73.9783,40.68745],[-73.97831,40.6875],[-73.97832,40.68755],[-73.97834,40.68759],[-73.97836,40.68764],[-73.97838,40.68769],[-73.97841,40.68773],[-73.97844,40.68777],[-73.97847,40.68782],[-73.97851,40.68785],[-73.97855,40.68789],[-73.97859,40.68793],[-73.97864,40.68797],[-73.97869,40.688],[-73.97875,40.68804],[-73.9788,40.68807],[-73.98047,40.68873],[-73.98055,40.68876],[-73.98061,40.68879],[-73.98068,40.68883],[-73.98074,40.68886],[-73.9808,40.6889],[-73.98085,40.68894],[-73.98091,40.68899],[-73.98095,40.68903],[-73.981,40.68908],[-73.98104,40.68913],[-73.98108,40.68918],[-73.98112,40.68923],[-73.98115,40.68929],[-73.98118,40.68935],[-73.98121,40.68941],[-73.98182,40.69064],[-73.9823,40.69156],[-73.98234,40.69162],[-73.98238,40.69168],[-73.98242,40.69174],[-73.98247,40.69179],[-73.98252,40.69184],[-73.98258,40.69188],[-73.98264,40.69192],[-73.98271,40.69196],[-73.98278,40.69199],[-73.98286,40.69201],[-73.98295,40.69204],[-73.98303,40.69205],[-73.98313,40.69207],[-73.98323,40.69208],[-73.98333,40.69208],[-73.98594,40.69218],[-73.98829,40.69227],[-73.98844,40.69228],[-73.98858,40.69229],[-73.98872,40.69231],[-73.98885,40.69233],[-73.98897,40.69237],[-73.98908,40.69241],[-73.98919,40.69245],[-73.98929,40.6925],[-73.98938,40.69256],[-73.98946,40.69262],[-73.98954,40.69269],[-73.98961,40.69277],[-73.98967,40.69285],[-73.98972,40.69294],[-73.98977,40.69303],[-73.98981,40.69311],[-73.98985,40.69319],[-73.9899,40.69326],[-73.98995,40.69333],[-73.99001,40.69339],[-73.99007,40.69345],[-73.99013,40.69351],[-73.9902,40.69356],[-73.99027,40.69361],[-73.99035,40.69365],[-73.99043,40.6937],[-73.99051,40.69373],[-73.9906,40.69377],[-73.99069,40.6938],[-73.99079,40.69382],[-73.99178,40.6941],[-73.99733,40.69563],[-73.99744,40.69566],[-73.99755,40.69568],[-73.99767,40.69572],[-73.99778,40.69575],[-73.9979,40.69578],[-73.99802,40.69582],[-73.99814,40.69585],[-73.99826,40.69589],[-73.99838,40.69593],[-73.99851,40.69597],[-73.99864,40.696],[-73.99876,40.69605],[-73.9989,40.69609],[-73.99903,40.69613],[-73.99916,40.69618],[-74.01011,40.69994],[-74.01141,40.70048],[-74.01154,40.70055],[-74.01167,40.70061],[-74.01179,40.70068],[-74.0119,40.70076],[-74.012,40.70083],[-74.0121,40.70091],[-74.01219,40.701],[-74.01227,40.70109],[-74.01235,40.70118],[-74.01242,40.70127],[-74.01248,40.70137],[-74.01253,40.70148],[-74.01258,40.70158],[-74.01262,40.70169],[-74.01266,40.70181],[-74.01299,40.70309],[-74.01311,40.70359],[-74.01313,40.70365],[-74.01314,40.70372],[-74.01316,40.70379],[-74.01317,40.70387],[-74.01318,40.70394],[-74.0132,40.70402],[-74.01321,40.70411],[-74.01323,40.70419],[-74.01324,40.70428],[-74.01326,40.70438],[-74.01327,40.70448],[-74.01328,40.70458],[-74.0133,40.70468],[-74.01331,40.70479],[-74.01333,40.7049],[-74.01333,40.70495],[-74.01334,40.70499],[-74.01335,40.70503],[-74.01336,40.70507],[-74.01337,40.70511],[-74.01339,40.70515],[-74.0134,40.7052],[-74.01342,40.70524],[-74.01344,40.70528],[-74.01347,40.70532],[-74.01349,40.70536],[-74.01352,40.7054],[-74.01355,40.70544],[-74.01358,40.70547],[-74.01361,40.70551],[-74.01382,40.70576],[-74.01387,40.70582],[-74.01392,40.70588],[-74.01396,40.70595],[-74.01399,40.70601],[-74.01402,40.70607],[-74.01404,40.70613],[-74.01405,40.70618],[-74.01405,40.70624],[-74.01405,40.7063],[-74.01404,40.70635],[-74.01403,40.70641],[-74.014,40.70646],[-74.01398,40.70651],[-74.01394,40.70656],[-74.01389,40.70661],[-74.01357,40.70696],[-74.01355,40.70697],[-74.01354,40.70699],[-74.01352,40.70701],[-74.01351,40.70703],[-74.01349,40.70704],[-74.01348,40.70706],[-74.01346,40.70708],[-74.01345,40.70709],[-74.01343,40.70711],[-74.01342,40.70713],[-74.0134,40.70715],[-74.01339,40.70717],[-74.01337,40.70718],[-74.01336,40.7072],[-74.01334,40.70722],[-74.01331,40.70725],[-74.01329,40.70729],[-74.01326,40.70733],[-74.01323,40.70736],[-74.0132,40.7074],[-74.01318,40.70744],[-74.01315,40.70748],[-74.01103,40.71067],[-74.01046,40.71154],[-74.01042,40.71159],[-74.01037,40.71163],[-74.01032,40.71167],[-74.01027,40.7117],[-74.01022,40.71173],[-74.01016,40.71175],[-74.0101,40.71176],[-74.01003,40.71177],[-74.00996,40.71177],[-74.0099,40.71177],[-74.00982,40.71176],[-74.00975,40.71174],[-74.00967,40.71172],[-74.00959,40.71169],[-74.00951,40.71166],[-74.00941,40.71162],[-74.00933,40.71159],[-74.00925,40.71156],[-74.00916,40.71154],[-74.00909,40.71152],[-74.00901,40.71151],[-74.00894,40.7115],[-74.00887,40.7115],[-74.00879,40.7115],[-74.00872,40.71151],[-74.00866,40.71153],[-74.00859,40.71154],[-74.00853,40.71157],[-74.00847,40.7116],[-74.00841,40.71164],[-74.00835,40.71168],[-74.00771,40.71248],[-74.0077,40.71249],[-74.00769,40.7125],[-74.00769,40.71251],[-74.00768,40.71252],[-74.00767,40.71252],[-74.00766,40.71253],[-74.00765,40.71254],[-74.00764,40.71255],[-74.00763,40.71256],[-74.00762,40.71257],[-74.00761,40.71257],[-74.0076,40.71258],[-74.00759,40.71259],[-74.00758,40.7126],[-74.00757,40.7126],[-74.00756,40.71261],[-74.00755,40.71262],[-74.00754,40.71263],[-74.00754,40.71263],[-74.00753,40.71264],[-74.00752,40.71265],[-74.00751,40.71266],[-74.0075,40.71266],[-74.00749,40.71267],[-74.00748,40.71268],[-74.00748,40.71269],[-74.00747,40.7127],[-74.00746,40.7127],[-74.00745,40.71271],[-74.00745,40.71272],[-74.00698,40.71328],[-74.00637,40.71401],[-74.00637,40.71402],[-74.00636,40.71402],[-74.00636,40.71403],[-74.00635,40.71404],[-74.00635,40.71405],[-74.00634,40.71405],[-74.00634,40.71406],[-74.00633,40.71407],[-74.00633,40.71408],[-74.00632,40.71408],[-74.00632,40.71409],[-74.00632,40.7141],[-74.00631,40.71411],[-74.00631,40.71412],[-74.00631,40.71412],[-74.0063,40.71413],[-74.0063,40.71414],[-74.0063,40.71415],[-74.00629,40.71416],[-74.00629,40.71417],[-74.00628,40.71417],[-74.00628,40.71418],[-74.00628,40.71419],[-74.00627,40.7142],[-74.00627,40.7142],[-74.00626,40.71421],[-74.00626,40.71422],[-74.00625,40.71422],[-74.00625,40.71423],[-74.00624,40.71424],[-74.00177,40.71953],[-74.00143,40.71993],[-74.00148,40.71986],[-74.00153,40.71979],[-74.00156,40.71972],[-74.00159,40.71965],[-74.00161,40.71958],[-74.00162,40.71952],[-74.00162,40.71946],[-74.00162,40.71939],[-74.0016,40.71933],[-74.00158,40.71928],[-74.00154,40.71922],[-74.0015,40.71916],[-74.00145,40.71911],[-74.00139,40.71905],[-74.00133,40.719],[-74.00046,40.71838],[-74.00133,40.719],[-74.00139,40.71905],[-74.00145,40.71911],[-74.0015,40.71916],[-74.00154,40.71922],[-74.00158,40.71928],[-74.0016,40.71933],[-74.00162,40.71939],[-74.00162,40.71946],[-74.00162,40.71952],[-74.00161,40.71958],[-74.00159,40.71965],[-74.00156,40.71972],[-74.00153,40.71979],[-74.00148,40.71986],[-74.00143,40.71993],[-73.9977,40.72433],[-73.99263,40.73033],[-73.99168,40.73145],[-73.99165,40.73148],[-73.99162,40.73153],[-73.99159,40.73157],[-73.99156,40.73161],[-73.99153,40.73165],[-73.99151,40.73169],[-73.99148,40.73174],[-73.99146,40.73178],[-73.99144,40.73182],[-73.99142,40.73187],[-73.99141,40.73191],[-73.99139,40.73195],[-73.99138,40.732],[-73.99137,40.73204],[-73.99136,40.73209],[-73.99136,40.73209],[-73.99057,40.73574],[-73.99021,40.73743],[-73.99019,40.73748],[-73.99019,40.73752],[-73.99018,40.73756],[-73.99017,40.73761],[-73.99016,40.73765],[-73.99014,40.7377],[-73.99013,40.73774],[-73.99012,40.73779],[-73.99011,40.73784],[-73.9901,40.73789],[-73.99009,40.73794],[-73.99008,40.73799],[-73.99006,40.73804],[-73.99005,40.73808],[-73.99004,40.73814],[-73.9896,40.73979],[-73.98959,40.73984],[-73.98958,40.73989],[-73.98957,40.73994],[-73.98955,40.74],[-73.98954,40.74005],[-73.98953,40.74009],[-73.98952,40.74014],[-73.98951,40.74019],[-73.9895,40.74024],[-73.98949,40.74029],[-73.98949,40.74034],[-73.98948,40.74039],[-73.98947,40.74044],[-73.98946,40.74049],[-73.98946,40.74054],[-73.98934,40.7413],[-73.98919,40.74264],[-73.98919,40.7427],[-73.98918,40.74276],[-73.98917,40.74281],[-73.98917,40.74287],[-73.98916,40.74292],[-73.98915,40.74297],[-73.98915,40.74303],[-73.98914,40.74307],[-73.98913,40.74312],[-73.98912,40.74317],[-73.98912,40.74322],[-73.98911,40.74327],[-73.9891,40.74331],[-73.98909,40.74336],[-73.98908,40.7434],[-73.98869,40.74549],[-73.98795,40.74957],[-73.98757,40.75182],[-73.98756,40.75189],[-73.98754,40.75197],[-73.98753,40.75205],[-73.98751,40.75213],[-73.98749,40.7522],[-73.98748,40.75228],[-73.98746,40.75236],[-73.98744,40.75244],[-73.98742,40.75252],[-73.9874,40.75259],[-73.98738,40.75267],[-73.98735,40.75275],[-73.98733,40.75283],[-73.98731,40.7529],[-73.98728,40.75298],[-73.98675,40.75467],[-73.9862,40.75643],[-73.98615,40.75657],[-73.98611,40.7567],[-73.98606,40.75684],[-73.986,40.75697],[-73.98595,40.7571],[-73.98589,40.75723],[-73.98583,40.75735],[-73.98578,40.75748],[-73.98571,40.7576],[-73.98565,40.75772],[-73.98558,40.75784],[-73.98551,40.75795],[-73.98544,40.75806],[-73.98537,40.75817],[-73.9853,40.75828],[-73.98414,40.7599],[-73.98066,40.76466],[-73.9795,40.76625],[-73.97944,40.76633],[-73.97938,40.7664],[-73.97931,40.76646],[-73.97924,40.76651],[-73.97917,40.76655],[-73.97909,40.76658],[-73.97901,40.76661],[-73.97893,40.76663],[-73.97885,40.76664],[-73.97876,40.76665],[-73.97867,40.76664],[-73.97858,40.76663],[-73.97848,40.76661],[-73.97838,40.76658],[-73.97828,40.76654],[-73.97422,40.76483],[-73.97419,40.76482],[-73.97417,40.76481],[-73.97415,40.7648],[-73.97412,40.76479],[-73.9741,40.76479],[-73.97407,40.76478],[-73.97405,40.76478],[-73.97402,40.76477],[-73.974,40.76477],[-73.97397,40.76477],[-73.97395,40.76477],[-73.97392,40.76476],[-73.9739,40.76476],[-73.97387,40.76477],[-73.97385,40.76477],[-73.97335,40.76481],[-73.97272,40.76487],[-73.97269,40.76487],[-73.97267,40.76487],[-73.97265,40.76487],[-73.97262,40.76487],[-73.9726,40.76487],[-73.97258,40.76486],[-73.97255,40.76486],[-73.97253,40.76485],[-73.9725,40.76485],[-73.97248,40.76484],[-73.97245,40.76483],[-73.97243,40.76483],[-73.9724,40.76482],[-73.97237,40.76481],[-73.97235,40.7648],[-73.96726,40.76266],[-73.95913,40.75923],[-73.94694,40.75377],[-73.94415,40.75255],[-73.94208,40.75165],[-73.94204,40.75163],[-73.942,40.75161],[-73.94196,40.75159],[-73.94192,40.75157],[-73.94188,40.75155],[-73.94185,40.75153],[-73.94181,40.75151],[-73.94178,40.75149],[-73.94175,40.75147],[-73.94172,40.75145],[-73.94169,40.75143],[-73.94166,40.7514],[-73.94163,40.75138],[-73.94161,40.75136],[-73.94159,40.75134],[-73.94156,40.75131],[-73.94154,40.75129],[-73.94151,40.75127],[-73.94149,40.75124],[-73.94146,40.75122],[-73.94143,40.75119],[-73.9414,40.75117],[-73.94136,40.75114],[-73.94133,40.75112],[-73.94129,40.75109],[-73.94125,40.75107],[-73.94121,40.75104],[-73.94117,40.75102],[-73.94113,40.75099],[-73.94109,40.75096],[-73.9402,40.75058],[-73.93917,40.75013],[-73.93907,40.75009],[-73.93897,40.75005],[-73.93887,40.75],[-73.93877,40.74996],[-73.93867,40.74991],[-73.93857,40.74986],[-73.93847,40.7498],[-73.93837,40.74975],[-73.93828,40.74969],[-73.93818,40.74964],[-73.93808,40.74958],[-73.93798,40.74952],[-73.93788,40.74946],[-73.93778,40.74939],[-73.93768,40.74933],[-73.9376,40.74928],[-73.93752,40.74925],[-73.93743,40.74921],[-73.93735,40.74919],[-73.93726,40.74918],[-73.93718,40.74917],[-73.9371,40.74917],[-73.93702,40.74917],[-73.93694,40.74918],[-73.93686,40.74921],[-73.93678,40.74923],[-73.9367,40.74927],[-73.93662,40.74931],[-73.93654,40.74936],[-73.93646,40.74941],[-73.93514,40.75064],[-73.9351,40.75067],[-73.93506,40.75071],[-73.93502,40.75074],[-73.93498,40.75078],[-73.93495,40.75081],[-73.93491,40.75084],[-73.93487,40.75087],[-73.93483,40.75091],[-73.9348,40.75094],[-73.93476,40.75097],[-73.93472,40.751],[-73.93468,40.75102],[-73.93465,40.75105],[-73.93461,40.75108],[-73.93457,40.75111],[-73.9341,40.75141],[-73.93406,40.75143],[-73.93402,40.75146],[-73.93398,40.75149],[-73.93395,40.75151],[-73.93391,40.75154],[-73.93387,40.75157],[-73.93384,40.7516],[-73.9338,40.75163],[-73.93377,40.75167],[-73.93373,40.7517],[-73.9337,40.75173],[-73.93367,40.75177],[-73.93363,40.7518],[-73.9336,40.75184],[-73.93357,40.75188],[-73.93276,40.75288],[-73.92957,40.7568],[-73.92551,40.76182],[-73.92148,40.76678],[-73.92079,40.76762],[-73.92075,40.76767],[-73.9207,40.76773],[-73.92065,40.76778],[-73.92059,40.76783],[-73.92054,40.76789],[-73.92049,40.76794],[-73.92044,40.768],[-73.92038,40.76805],[-73.92033,40.7681],[-73.92027,40.76816],[-73.92021,40.76821],[-73.92016,40.76826],[-73.9201,40.76832],[-73.92004,40.76837],[-73.91998,40.76842],[-73.91784,40.77026],[-73.91203,40.77504]]}},{"type":"Feature","properties":{"route":"N","color":"#F6BC26"},"geometry":{"type":"LineString","coordinates":[[-73.91203,40.77504],[-73.91784,40.77026],[-73.91998,40.76842],[-73.92004,40.76837],[-73.9201,40.76832],[-73.92016,40.76826],[-73.92021,40.76821],[-73.92027,40.76816],[-73.92033,40.7681],[-73.92038,40.76805],[-73.92044,40.768],[-73.92049,40.76794],[-73.92054,40.76789],[-73.92059,40.76783],[-73.92065,40.76778],[-73.9207,40.76773],[-73.92075,40.76767],[-73.92079,40.76762],[-73.92148,40.76678],[-73.92551,40.76182],[-73.92957,40.7568],[-73.93276,40.75288],[-73.93357,40.75188],[-73.9336,40.75184],[-73.93363,40.7518],[-73.93367,40.75177],[-73.9337,40.75173],[-73.93373,40.7517],[-73.93377,40.75167],[-73.9338,40.75163],[-73.93384,40.7516],[-73.93387,40.75157],[-73.93391,40.75154],[-73.93395,40.75151],[-73.93398,40.75149],[-73.93402,40.75146],[-73.93406,40.75143],[-73.9341,40.75141],[-73.93457,40.75111],[-73.93461,40.75108],[-73.93465,40.75105],[-73.93468,40.75102],[-73.93472,40.751],[-73.93476,40.75097],[-73.9348,40.75094],[-73.93483,40.75091],[-73.93487,40.75087],[-73.93491,40.75084],[-73.93495,40.75081],[-73.93498,40.75078],[-73.93502,40.75074],[-73.93506,40.75071],[-73.9351,40.75067],[-73.93514,40.75064],[-73.93646,40.74941],[-73.93654,40.74936],[-73.93662,40.74931],[-73.9367,40.74927],[-73.93678,40.74923],[-73.93686,40.74921],[-73.93694,40.74918],[-73.93702,40.74917],[-73.9371,40.74917],[-73.93718,40.74917],[-73.93726,40.74918],[-73.93735,40.74919],[-73.93743,40.74921],[-73.93752,40.74925],[-73.9376,40.74928],[-73.93768,40.74933],[-73.93778,40.74939],[-73.93788,40.74946],[-73.93798,40.74952],[-73.93808,40.74958],[-73.93818,40.74964],[-73.93828,40.74969],[-73.93837,40.74975],[-73.93847,40.7498],[-73.93857,40.74986],[-73.93867,40.74991],[-73.93877,40.74996],[-73.93887,40.75],[-73.93897,40.75005],[-73.93907,40.75009],[-73.93917,40.75013],[-73.9402,40.75058],[-73.94109,40.75096],[-73.94113,40.75099],[-73.94117,40.75102],[-73.94121,40.75104],[-73.94125,40.75107],[-73.94129,40.75109],[-73.94133,40.75112],[-73.94136,40.75114],[-73.9414,40.75117],[-73.94143,40.75119],[-73.94146,40.75122],[-73.94149,40.75124],[-73.94151,40.75127],[-73.94154,40.75129],[-73.94156,40.75131],[-73.94159,40.75134],[-73.94161,40.75136],[-73.94163,40.75138],[-73.94166,40.7514],[-73.94169,40.75143],[-73.94172,40.75145],[-73.94175,40.75147],[-73.94178,40.75149],[-73.94181,40.75151],[-73.94185,40.75153],[-73.94188,40.75155],[-73.94192,40.75157],[-73.94196,40.75159],[-73.942,40.75161],[-73.94204,40.75163],[-73.94208,40.75165],[-73.94415,40.75255],[-73.94694,40.75377],[-73.95913,40.75923],[-73.96726,40.76266],[-73.97235,40.7648],[-73.97237,40.76481],[-73.9724,40.76482],[-73.97243,40.76483],[-73.97245,40.76483],[-73.97248,40.76484],[-73.9725,40.76485],[-73.97253,40.76485],[-73.97255,40.76486],[-73.97258,40.76486],[-73.9726,40.76487],[-73.97262,40.76487],[-73.97265,40.76487],[-73.97267,40.76487],[-73.97269,40.76487],[-73.97272,40.76487],[-73.97335,40.76481],[-73.97385,40.76477],[-73.97387,40.76477],[-73.9739,40.76476],[-73.97392,40.76476],[-73.97395,40.76477],[-73.97397,40.76477],[-73.974,40.76477],[-73.97402,40.76477],[-73.97405,40.76478],[-73.97407,40.76478],[-73.9741,40.76479],[-73.97412,40.76479],[-73.97415,40.7648],[-73.97417,40.76481],[-73.97419,40.76482],[-73.97422,40.76483],[-73.97828,40.76654],[-73.97838,40.76658],[-73.97848,40.76661],[-73.97858,40.76663],[-73.97867,40.76664],[-73.97876,40.76665],[-73.97885,40.76664],[-73.97893,40.76663],[-73.97901,40.76661],[-73.97909,40.76658],[-73.97917,40.76655],[-73.97924,40.76651],[-73.97931,40.76646],[-73.97938,40.7664],[-73.97944,40.76633],[-73.9795,40.76625],[-73.98066,40.76466],[-73.98414,40.7599],[-73.9853,40.75828],[-73.98537,40.75817],[-73.98544,40.75806],[-73.98551,40.75795],[-73.98558,40.75784],[-73.98565,40.75772],[-73.98571,40.7576],[-73.98578,40.75748],[-73.98583,40.75735],[-73.98589,40.75723],[-73.98595,40.7571],[-73.986,40.75697],[-73.98606,40.75684],[-73.98611,40.7567],[-73.98615,40.75657],[-73.9862,40.75643],[-73.98675,40.75467],[-73.98728,40.75298],[-73.98731,40.7529],[-73.98733,40.75283],[-73.98735,40.75275],[-73.98738,40.75267],[-73.9874,40.75259],[-73.98742,40.75252],[-73.98744,40.75244],[-73.98746,40.75236],[-73.98748,40.75228],[-73.98749,40.7522],[-73.98751,40.75213],[-73.98753,40.75205],[-73.98754,40.75197],[-73.98756,40.75189],[-73.98757,40.75182],[-73.98795,40.74957],[-73.98869,40.74549],[-73.98908,40.7434],[-73.98909,40.74336],[-73.9891,40.74331],[-73.98911,40.74327],[-73.98912,40.74322],[-73.98912,40.74317],[-73.98913,40.74312],[-73.98914,40.74307],[-73.98915,40.74303],[-73.98915,40.74297],[-73.98916,40.74292],[-73.98917,40.74287],[-73.98917,40.74281],[-73.98918,40.74276],[-73.98919,40.7427],[-73.98919,40.74264],[-73.98934,40.7413],[-73.98946,40.74054],[-73.98946,40.74049],[-73.98947,40.74044],[-73.98948,40.74039],[-73.98949,40.74034],[-73.98949,40.74029],[-73.9895,40.74024],[-73.98951,40.74019],[-73.98952,40.74014],[-73.98953,40.74009],[-73.98954,40.74005],[-73.98955,40.74],[-73.98957,40.73994],[-73.98958,40.73989],[-73.98959,40.73984],[-73.9896,40.73979],[-73.99004,40.73814],[-73.99005,40.73808],[-73.99006,40.73804],[-73.99008,40.73799],[-73.99009,40.73794],[-73.9901,40.73789],[-73.99011,40.73784],[-73.99012,40.73779],[-73.99013,40.73774],[-73.99014,40.7377],[-73.99016,40.73765],[-73.99017,40.73761],[-73.99018,40.73756],[-73.99019,40.73752],[-73.99019,40.73748],[-73.99021,40.73743],[-73.99057,40.73574],[-73.99136,40.73209],[-73.99137,40.73204],[-73.99138,40.732],[-73.99139,40.73195],[-73.99141,40.73191],[-73.99142,40.73187],[-73.99144,40.73182],[-73.99146,40.73178],[-73.99148,40.73174],[-73.99151,40.73169],[-73.99153,40.73165],[-73.99156,40.73161],[-73.99159,40.73157],[-73.99162,40.73153],[-73.99165,40.73148],[-73.99168,40.73145],[-73.99263,40.73033],[-73.9977,40.72433],[-74.00143,40.71993],[-74.00148,40.71986],[-74.00153,40.71979],[-74.00156,40.71972],[-74.00159,40.71965],[-74.00161,40.71958],[-74.00162,40.71952],[-74.00162,40.71946],[-74.00162,40.71939],[-74.0016,40.71933],[-74.00158,40.71928],[-74.00154,40.71922],[-74.0015,40.71916],[-74.00145,40.71911],[-74.00139,40.71905],[-74.00133,40.719],[-74.00046,40.71838],[-74.00133,40.719],[-74.00139,40.71905],[-74.00145,40.71911],[-74.0015,40.71916],[-74.00154,40.71922],[-74.00158,40.71928],[-74.0016,40.71933],[-74.00162,40.71939],[-74.00162,40.71946],[-74.00162,40.71952],[-74.00161,40.71958],[-74.00159,40.71965],[-74.00156,40.71972],[-74.00153,40.71979],[-74.00148,40.71986],[-74.00143,40.71993],[-74.00177,40.71953],[-74.00624,40.71424],[-74.00625,40.71423],[-74.00625,40.71422],[-74.00626,40.71422],[-74.00626,40.71421],[-74.00627,40.7142],[-74.00627,40.7142],[-74.00628,40.71419],[-74.00628,40.71418],[-74.00628,40.71417],[-74.00629,40.71417],[-74.00629,40.71416],[-74.0063,40.71415],[-74.0063,40.71414],[-74.0063,40.71413],[-74.00631,40.71412],[-74.00631,40.71412],[-74.00631,40.71411],[-74.00632,40.7141],[-74.00632,40.71409],[-74.00632,40.71408],[-74.00633,40.71408],[-74.00633,40.71407],[-74.00634,40.71406],[-74.00634,40.71405],[-74.00635,40.71405],[-74.00635,40.71404],[-74.00636,40.71403],[-74.00636,40.71402],[-74.00637,40.71402],[-74.00637,40.71401],[-74.00698,40.71328],[-74.00745,40.71272],[-74.00745,40.71271],[-74.00746,40.7127],[-74.00747,40.7127],[-74.00748,40.71269],[-74.00748,40.71268],[-74.00749,40.71267],[-74.0075,40.71266],[-74.00751,40.71266],[-74.00752,40.71265],[-74.00753,40.71264],[-74.00754,40.71263],[-74.00754,40.71263],[-74.00755,40.71262],[-74.00756,40.71261],[-74.00757,40.7126],[-74.00758,40.7126],[-74.00759,40.71259],[-74.0076,40.71258],[-74.00761,40.71257],[-74.00762,40.71257],[-74.00763,40.71256],[-74.00764,40.71255],[-74.00765,40.71254],[-74.00766,40.71253],[-74.00767,40.71252],[-74.00768,40.71252],[-74.00769,40.71251],[-74.00769,40.7125],[-74.0077,40.71249],[-74.00771,40.71248],[-74.00835,40.71168],[-74.00841,40.71164],[-74.00847,40.7116],[-74.00853,40.71157],[-74.00859,40.71154],[-74.00866,40.71153],[-74.00872,40.71151],[-74.00879,40.7115],[-74.00887,40.7115],[-74.00894,40.7115],[-74.00901,40.71151],[-74.00909,40.71152],[-74.00916,40.71154],[-74.00925,40.71156],[-74.00933,40.71159],[-74.00941,40.71162],[-74.00951,40.71166],[-74.00959,40.71169],[-74.00967,40.71172],[-74.00975,40.71174],[-74.00982,40.71176],[-74.0099,40.71177],[-74.00996,40.71177],[-74.01003,40.71177],[-74.0101,40.71176],[-74.01016,40.71175],[-74.01022,40.71173],[-74.01027,40.7117],[-74.01032,40.71167],[-74.01037,40.71163],[-74.01042,40.71159],[-74.01046,40.71154],[-74.01103,40.71067],[-74.01315,40.70748],[-74.01318,40.70744],[-74.0132,40.7074],[-74.01323,40.70736],[-74.01326,40.70733],[-74.01329,40.70729],[-74.01331,40.70725],[-74.01334,40.70722],[-74.01336,40.7072],[-74.01337,40.70718],[-74.01339,40.70717],[-74.0134,40.70715],[-74.01342,40.70713],[-74.01343,40.70711],[-74.01345,40.70709],[-74.01346,40.70708],[-74.01348,40.70706],[-74.01349,40.70704],[-74.01351,40.70703],[-74.01352,40.70701],[-74.01354,40.70699],[-74.01355,40.70697],[-74.01357,40.70696],[-74.01389,40.70661],[-74.01394,40.70656],[-74.01398,40.70651],[-74.014,40.70646],[-74.01403,40.70641],[-74.01404,40.70635],[-74.01405,40.7063],[-74.01405,40.70624],[-74.01405,40.70618],[-74.01404,40.70613],[-74.01402,40.70607],[-74.01399,40.70601],[-74.01396,40.70595],[-74.01392,40.70588],[-74.01387,40.70582],[-74.01382,40.70576],[-74.01361,40.70551],[-74.01358,40.70547],[-74.01355,40.70544],[-74.01352,40.7054],[-74.01349,40.70536],[-74.01347,40.70532],[-74.01344,40.70528],[-74.01342,40.70524],[-74.0134,40.7052],[-74.01339,40.70515],[-74.01337,40.70511],[-74.01336,40.70507],[-74.01335,40.70503],[-74.01334,40.70499],[-74.01333,40.70495],[-74.01333,40.7049],[-74.01331,40.70479],[-74.0133,40.70468],[-74.01328,40.70458],[-74.01327,40.70448],[-74.01326,40.70438],[-74.01324,40.70428],[-74.01323,40.70419],[-74.01321,40.70411],[-74.0132,40.70402],[-74.01318,40.70394],[-74.01317,40.70387],[-74.01316,40.70379],[-74.01314,40.70372],[-74.01313,40.70365],[-74.01311,40.70359],[-74.01299,40.70309],[-74.01266,40.70181],[-74.01262,40.70169],[-74.01258,40.70158],[-74.01253,40.70148],[-74.01248,40.70137],[-74.01242,40.70127],[-74.01235,40.70118],[-74.01227,40.70109],[-74.01219,40.701],[-74.0121,40.70091],[-74.012,40.70083],[-74.0119,40.70076],[-74.01179,40.70068],[-74.01167,40.70061],[-74.01154,40.70055],[-74.01141,40.70048],[-74.01011,40.69994],[-73.99916,40.69618],[-73.99903,40.69613],[-73.9989,40.69609],[-73.99876,40.69605],[-73.99864,40.696],[-73.99851,40.69597],[-73.99838,40.69593],[-73.99826,40.69589],[-73.99814,40.69585],[-73.99802,40.69582],[-73.9979,40.69578],[-73.99778,40.69575],[-73.99767,40.69572],[-73.99755,40.69568],[-73.99744,40.69566],[-73.99733,40.69563],[-73.99178,40.6941],[-73.99079,40.69382],[-73.99069,40.6938],[-73.9906,40.69377],[-73.99051,40.69373],[-73.99043,40.6937],[-73.99035,40.69365],[-73.99027,40.69361],[-73.9902,40.69356],[-73.99013,40.69351],[-73.99007,40.69345],[-73.99001,40.69339],[-73.98995,40.69333],[-73.9899,40.69326],[-73.98985,40.69319],[-73.98981,40.69311],[-73.98977,40.69303],[-73.98972,40.69294],[-73.98967,40.69285],[-73.98961,40.69277],[-73.98954,40.69269],[-73.98946,40.69262],[-73.98938,40.69256],[-73.98929,40.6925],[-73.98919,40.69245],[-73.98908,40.69241],[-73.98897,40.69237],[-73.98885,40.69233],[-73.98872,40.69231],[-73.98858,40.69229],[-73.98844,40.69228],[-73.98829,40.69227],[-73.98594,40.69218],[-73.98333,40.69208],[-73.98323,40.69208],[-73.98313,40.69207],[-73.98303,40.69205],[-73.98295,40.69204],[-73.98286,40.69201],[-73.98278,40.69199],[-73.98271,40.69196],[-73.98264,40.69192],[-73.98258,40.69188],[-73.98252,40.69184],[-73.98247,40.69179],[-73.98242,40.69174],[-73.98238,40.69168],[-73.98234,40.69162],[-73.9823,40.69156],[-73.98182,40.69064],[-73.98121,40.68941],[-73.98118,40.68935],[-73.98115,40.68929],[-73.98112,40.68923],[-73.98108,40.68918],[-73.98104,40.68913],[-73.981,40.68908],[-73.98095,40.68903],[-73.98091,40.68899],[-73.98085,40.68894],[-73.9808,40.6889],[-73.98074,40.68886],[-73.98068,40.68883],[-73.98061,40.68879],[-73.98055,40.68876],[-73.98047,40.68873],[-73.9788,40.68807],[-73.97875,40.68804],[-73.97869,40.688],[-73.97864,40.68797],[-73.97859,40.68793],[-73.97855,40.68789],[-73.97851,40.68785],[-73.97847,40.68782],[-73.97844,40.68777],[-73.97841,40.68773],[-73.97838,40.68769],[-73.97836,40.68764],[-73.97834,40.68759],[-73.97832,40.68755],[-73.97831,40.6875],[-73.9783,40.68745],[-73.97798,40.68524],[-73.97798,40.6852],[-73.97798,40.68515],[-73.97799,40.68511],[-73.978,40.68507],[-73.978,40.68502],[-73.97801,40.68498],[-73.97803,40.68494],[-73.97804,40.6849],[-73.97806,40.68485],[-73.97808,40.68481],[-73.9781,40.68477],[-73.97812,40.68473],[-73.97814,40.68468],[-73.97817,40.68464],[-73.9782,40.6846],[-73.97881,40.68367],[-73.98311,40.67732],[-73.98362,40.67655],[-73.98365,40.6765],[-73.98368,40.67646],[-73.98372,40.67641],[-73.98375,40.67636],[-73.98378,40.67631],[-73.98382,40.67626],[-73.98386,40.67621],[-73.9839,40.67616],[-73.98393,40.6761],[-73.98398,40.67605],[-73.98402,40.676],[-73.98406,40.67594],[-73.9841,40.67589],[-73.98415,40.67583],[-73.98419,40.67578],[-73.9883,40.67085],[-73.9924,40.66593],[-73.99243,40.6659],[-73.99246,40.66586],[-73.99249,40.66583],[-73.99252,40.66579],[-73.99255,40.66576],[-73.99258,40.66572],[-73.99261,40.66569],[-73.99264,40.66566],[-73.99268,40.66562],[-73.99271,40.66559],[-73.99274,40.66555],[-73.99277,40.66552],[-73.9928,40.66548],[-73.99284,40.66545],[-73.99287,40.66541],[-73.99809,40.6604],[-74.00355,40.65514],[-74.00519,40.65356],[-74.01001,40.64894],[-74.01403,40.64507],[-74.01788,40.64136],[-74.0207,40.63865],[-74.02076,40.63859],[-74.0208,40.63854],[-74.02084,40.63849],[-74.02088,40.63843],[-74.0209,40.63838],[-74.02093,40.63833],[-74.02094,40.63828],[-74.02094,40.63824],[-74.02094,40.63819],[-74.02094,40.63815],[-74.02092,40.6381],[-74.0209,40.63806],[-74.02087,40.63802],[-74.02084,40.63798],[-74.0208,40.63794],[-74.02074,40.63789],[-74.02068,40.63783],[-74.02061,40.63778],[-74.02054,40.63773],[-74.02047,40.63768],[-74.02039,40.63764],[-74.0203,40.63759],[-74.02022,40.63755],[-74.02012,40.6375],[-74.02003,40.63746],[-74.01993,40.63742],[-74.01982,40.63738],[-74.01972,40.63734],[-74.0196,40.6373],[-74.01949,40.63726],[-74.01686,40.6365],[-74.01682,40.63649],[-74.01678,40.63648],[-74.01674,40.63647],[-74.01669,40.63645],[-74.01665,40.63644],[-74.01661,40.63643],[-74.01656,40.63641],[-74.01652,40.6364],[-74.01647,40.63639],[-74.01642,40.63638],[-74.01638,40.63637],[-74.01633,40.63635],[-74.01628,40.63634],[-74.01624,40.63633],[-74.01619,40.63632],[-74.01316,40.63554],[-74.01305,40.63551],[-74.01295,40.63548],[-74.01284,40.63545],[-74.01274,40.63542],[-74.01274,40.63542],[-74.01264,40.6354],[-74.01254,40.63537],[-74.01244,40.63533],[-74.01235,40.6353],[-74.01225,40.63527],[-74.01216,40.63524],[-74.01207,40.6352],[-74.01198,40.63517],[-74.01189,40.63513],[-74.0118,40.6351],[-74.01172,40.63506],[-74.01167,40.63504],[-74.01163,40.63502],[-74.01158,40.635],[-74.01153,40.63498],[-74.01148,40.63495],[-74.01143,40.63493],[-74.01137,40.6349],[-74.01132,40.63487],[-74.01126,40.63485],[-74.01121,40.63482],[-74.01115,40.63479],[-74.01109,40.63475],[-74.01103,40.63472],[-74.01097,40.63469],[-74.01091,40.63465],[-74.00936,40.6338],[-74.00931,40.63378],[-74.00926,40.63375],[-74.00922,40.63372],[-74.00917,40.6337],[-74.00912,40.63367],[-74.00907,40.63364],[-74.00903,40.63361],[-74.00898,40.63358],[-74.00893,40.63356],[-74.00889,40.63353],[-74.00884,40.6335],[-74.00879,40.63347],[-74.00875,40.63345],[-74.0087,40.63342],[-74.00865,40.63339],[-74.00535,40.63139],[-73.99849,40.62723],[-73.99837,40.62716],[-73.99826,40.62708],[-73.99814,40.62699],[-73.99803,40.6269],[-73.99792,40.62681],[-73.99781,40.62671],[-73.9977,40.62661],[-73.99759,40.6265],[-73.99748,40.62639],[-73.99738,40.62627],[-73.99727,40.62615],[-73.99717,40.62603],[-73.99707,40.62589],[-73.99697,40.62576],[-73.99686,40.62562],[-73.99635,40.62484],[-73.99605,40.62439],[-73.996,40.62432],[-73.99595,40.62425],[-73.99589,40.62418],[-73.99583,40.62411],[-73.99578,40.62405],[-73.99572,40.62398],[-73.99566,40.62392],[-73.9956,40.62387],[-73.99554,40.62381],[-73.99548,40.62376],[-73.99541,40.62371],[-73.99535,40.62366],[-73.99528,40.62362],[-73.99522,40.62357],[-73.99515,40.62353],[-73.99041,40.62067],[-73.98503,40.61741],[-73.9846,40.61715],[-73.98446,40.61705],[-73.98432,40.61695],[-73.98419,40.61685],[-73.98406,40.61674],[-73.98394,40.61664],[-73.98382,40.61653],[-73.9837,40.61642],[-73.98359,40.6163],[-73.98349,40.61619],[-73.98338,40.61607],[-73.98328,40.61595],[-73.98319,40.61583],[-73.9831,40.61571],[-73.98301,40.61558],[-73.98293,40.61545],[-73.98287,40.61535],[-73.98281,40.61525],[-73.98276,40.61514],[-73.9827,40.61503],[-73.98265,40.61491],[-73.9826,40.61479],[-73.98255,40.61466],[-73.9825,40.61453],[-73.98245,40.6144],[-73.9824,40.61426],[-73.98236,40.61412],[-73.98232,40.61397],[-73.98228,40.61382],[-73.98224,40.61367],[-73.9822,40.61351],[-73.98185,40.61181],[-73.98035,40.60392],[-73.97914,40.59747],[-73.97823,40.59272],[-73.97804,40.59168],[-73.97802,40.59155],[-73.97801,40.59143],[-73.978,40.5913],[-73.978,40.59116],[-73.978,40.59103],[-73.978,40.5909],[-73.97801,40.59076],[-73.97802,40.59062],[-73.97804,40.59048],[-73.97806,40.59034],[-73.97809,40.59019],[-73.97812,40.59004],[-73.97815,40.58989],[-73.97819,40.58974],[-73.97823,40.58959],[-73.97833,40.58924],[-73.97855,40.58862],[-73.97856,40.58858],[-73.97857,40.58855],[-73.97858,40.58852],[-73.9786,40.58849],[-73.97861,40.58846],[-73.97862,40.58843],[-73.97863,40.58839],[-73.97864,40.58836],[-73.97865,40.58833],[-73.97866,40.5883],[-73.97867,40.58826],[-73.97867,40.58823],[-73.97868,40.5882],[-73.97869,40.58816],[-73.9787,40.58813],[-73.97878,40.58778],[-73.97879,40.58776],[-73.97879,40.58774],[-73.9788,40.58772],[-73.9788,40.5877],[-73.97881,40.58768],[-73.97881,40.58766],[-73.97882,40.58764],[-73.97882,40.58762],[-73.97883,40.5876],[-73.97884,40.58758],[-73.97884,40.58756],[-73.97885,40.58754],[-73.97885,40.58752],[-73.97886,40.58749],[-73.97887,40.58747],[-73.97999,40.58392],[-73.98,40.5839],[-73.98001,40.58387],[-73.98002,40.58384],[-73.98003,40.58382],[-73.98004,40.58379],[-73.98005,40.58377],[-73.98006,40.58374],[-73.98007,40.58372],[-73.98007,40.58369],[-73.98009,40.58367],[-73.9801,40.58364],[-73.9801,40.58362],[-73.98011,40.5836],[-73.98012,40.58357],[-73.98013,40.58355],[-73.98076,40.5821],[-73.98077,40.58208],[-73.98078,40.58205],[-73.98079,40.58202],[-73.9808,40.582],[-73.98081,40.58197],[-73.98083,40.58195],[-73.98084,40.58192],[-73.98086,40.58189],[-73.98087,40.58187],[-73.98089,40.58184],[-73.9809,40.58181],[-73.98092,40.58179],[-73.98093,40.58176],[-73.98095,40.58174],[-73.98097,40.58171],[-73.98098,40.58169],[-73.981,40.58166],[-73.98101,40.58163],[-73.98103,40.58161],[-73.98104,40.58158],[-73.98106,40.58155],[-73.98108,40.58152],[-73.98109,40.58149],[-73.98111,40.58147],[-73.98112,40.58143],[-73.98114,40.5814],[-73.98116,40.58137],[-73.98117,40.58134],[-73.98119,40.5813],[-73.98121,40.58127],[-73.98136,40.58091],[-73.98138,40.58089],[-73.98139,40.58085],[-73.9814,40.58083],[-73.98141,40.5808],[-73.98142,40.58076],[-73.98143,40.58073],[-73.98144,40.5807],[-73.98144,40.58067],[-73.98145,40.58064],[-73.98145,40.58061],[-73.98146,40.58058],[-73.98146,40.58054],[-73.98146,40.58051],[-73.98146,40.58048],[-73.98146,40.58044],[-73.98137,40.57913],[-73.98137,40.5791],[-73.98137,40.57907],[-73.98137,40.57905],[-73.98137,40.57902],[-73.98137,40.57899],[-73.98137,40.57897],[-73.98137,40.57894],[-73.98137,40.57892],[-73.98137,40.57889],[-73.98137,40.57887],[-73.98137,40.57884],[-73.98138,40.57882],[-73.98138,40.57879],[-73.98138,40.57877],[-73.98139,40.57874],[-73.98139,40.57872],[-73.9814,40.57869],[-73.9814,40.57866],[-73.98141,40.57863],[-73.98141,40.5786],[-73.98141,40.57858],[-73.98141,40.57855],[-73.98141,40.57852],[-73.98142,40.57849],[-73.98141,40.57846],[-73.98141,40.57843],[-73.98141,40.5784],[-73.98141,40.57837],[-73.9814,40.57834],[-73.9814,40.57831],[-73.98123,40.57742]]}},{"type":"Feature","properties":{"route":"W","color":"#F6BC26"},"geometry":{"type":"LineString","coordinates":[[-73.91203,40.77504],[-73.91784,40.77026],[-73.91998,40.76842],[-73.92004,40.76837],[-73.9201,40.76832],[-73.92016,40.76826],[-73.92021,40.76821],[-73.92027,40.76816],[-73.92033,40.7681],[-73.92038,40.76805],[-73.92044,40.768],[-73.92049,40.76794],[-73.92054,40.76789],[-73.92059,40.76783],[-73.92065,40.76778],[-73.9207,40.76773],[-73.92075,40.76767],[-73.92079,40.76762],[-73.92148,40.76678],[-73.92551,40.76182],[-73.92957,40.7568],[-73.93276,40.75288],[-73.93357,40.75188],[-73.9336,40.75184],[-73.93363,40.7518],[-73.93367,40.75177],[-73.9337,40.75173],[-73.93373,40.7517],[-73.93377,40.75167],[-73.9338,40.75163],[-73.93384,40.7516],[-73.93387,40.75157],[-73.93391,40.75154],[-73.93395,40.75151],[-73.93398,40.75149],[-73.93402,40.75146],[-73.93406,40.75143],[-73.9341,40.75141],[-73.93457,40.75111],[-73.93461,40.75108],[-73.93465,40.75105],[-73.93468,40.75102],[-73.93472,40.751],[-73.93476,40.75097],[-73.9348,40.75094],[-73.93483,40.75091],[-73.93487,40.75087],[-73.93491,40.75084],[-73.93495,40.75081],[-73.93498,40.75078],[-73.93502,40.75074],[-73.93506,40.75071],[-73.9351,40.75067],[-73.93514,40.75064],[-73.93646,40.74941],[-73.93654,40.74936],[-73.93662,40.74931],[-73.9367,40.74927],[-73.93678,40.74923],[-73.93686,40.74921],[-73.93694,40.74918],[-73.93702,40.74917],[-73.9371,40.74917],[-73.93718,40.74917],[-73.93726,40.74918],[-73.93735,40.74919],[-73.93743,40.74921],[-73.93752,40.74925],[-73.9376,40.74928],[-73.93768,40.74933],[-73.93778,40.74939],[-73.93788,40.74946],[-73.93798,40.74952],[-73.93808,40.74958],[-73.93818,40.74964],[-73.93828,40.74969],[-73.93837,40.74975],[-73.93847,40.7498],[-73.93857,40.74986],[-73.93867,40.74991],[-73.93877,40.74996],[-73.93887,40.75],[-73.93897,40.75005],[-73.93907,40.75009],[-73.93917,40.75013],[-73.9402,40.75058],[-73.94109,40.75096],[-73.94113,40.75099],[-73.94117,40.75102],[-73.94121,40.75104],[-73.94125,40.75107],[-73.94129,40.75109],[-73.94133,40.75112],[-73.94136,40.75114],[-73.9414,40.75117],[-73.94143,40.75119],[-73.94146,40.75122],[-73.94149,40.75124],[-73.94151,40.75127],[-73.94154,40.75129],[-73.94156,40.75131],[-73.94159,40.75134],[-73.94161,40.75136],[-73.94163,40.75138],[-73.94166,40.7514],[-73.94169,40.75143],[-73.94172,40.75145],[-73.94175,40.75147],[-73.94178,40.75149],[-73.94181,40.75151],[-73.94185,40.75153],[-73.94188,40.75155],[-73.94192,40.75157],[-73.94196,40.75159],[-73.942,40.75161],[-73.94204,40.75163],[-73.94208,40.75165],[-73.94415,40.75255],[-73.94694,40.75377],[-73.95913,40.75923],[-73.96726,40.76266],[-73.97235,40.7648],[-73.97237,40.76481],[-73.9724,40.76482],[-73.97243,40.76483],[-73.97245,40.76483],[-73.97248,40.76484],[-73.9725,40.76485],[-73.97253,40.76485],[-73.97255,40.76486],[-73.97258,40.76486],[-73.9726,40.76487],[-73.97262,40.76487],[-73.97265,40.76487],[-73.97267,40.76487],[-73.97269,40.76487],[-73.97272,40.76487],[-73.97335,40.76481],[-73.97385,40.76477],[-73.97387,40.76477],[-73.9739,40.76476],[-73.97392,40.76476],[-73.97395,40.76477],[-73.97397,40.76477],[-73.974,40.76477],[-73.97402,40.76477],[-73.97405,40.76478],[-73.97407,40.76478],[-73.9741,40.76479],[-73.97412,40.76479],[-73.97415,40.7648],[-73.97417,40.76481],[-73.97419,40.76482],[-73.97422,40.76483],[-73.97828,40.76654],[-73.97838,40.76658],[-73.97848,40.76661],[-73.97858,40.76663],[-73.97867,40.76664],[-73.97876,40.76665],[-73.97885,40.76664],[-73.97893,40.76663],[-73.97901,40.76661],[-73.97909,40.76658],[-73.97917,40.76655],[-73.97924,40.76651],[-73.97931,40.76646],[-73.97938,40.7664],[-73.97944,40.76633],[-73.9795,40.76625],[-73.98066,40.76466],[-73.98414,40.7599],[-73.9853,40.75828],[-73.98537,40.75817],[-73.98544,40.75806],[-73.98551,40.75795],[-73.98558,40.75784],[-73.98565,40.75772],[-73.98571,40.7576],[-73.98578,40.75748],[-73.98583,40.75735],[-73.98589,40.75723],[-73.98595,40.7571],[-73.986,40.75697],[-73.98606,40.75684],[-73.98611,40.7567],[-73.98615,40.75657],[-73.9862,40.75643],[-73.98675,40.75467],[-73.98728,40.75298],[-73.98731,40.7529],[-73.98733,40.75283],[-73.98735,40.75275],[-73.98738,40.75267],[-73.9874,40.75259],[-73.98742,40.75252],[-73.98744,40.75244],[-73.98746,40.75236],[-73.98748,40.75228],[-73.98749,40.7522],[-73.98751,40.75213],[-73.98753,40.75205],[-73.98754,40.75197],[-73.98756,40.75189],[-73.98757,40.75182],[-73.98795,40.74957],[-73.98869,40.74549],[-73.98908,40.7434],[-73.98909,40.74336],[-73.9891,40.74331],[-73.98911,40.74327],[-73.98912,40.74322],[-73.98912,40.74317],[-73.98913,40.74312],[-73.98914,40.74307],[-73.98915,40.74303],[-73.98915,40.74297],[-73.98916,40.74292],[-73.98917,40.74287],[-73.98917,40.74281],[-73.98918,40.74276],[-73.98919,40.7427],[-73.98919,40.74264],[-73.98934,40.7413],[-73.98946,40.74054],[-73.98946,40.74049],[-73.98947,40.74044],[-73.98948,40.74039],[-73.98949,40.74034],[-73.98949,40.74029],[-73.9895,40.74024],[-73.98951,40.74019],[-73.98952,40.74014],[-73.98953,40.74009],[-73.98954,40.74005],[-73.98955,40.74],[-73.98957,40.73994],[-73.98958,40.73989],[-73.98959,40.73984],[-73.9896,40.73979],[-73.99004,40.73814],[-73.99005,40.73808],[-73.99006,40.73804],[-73.99008,40.73799],[-73.99009,40.73794],[-73.9901,40.73789],[-73.99011,40.73784],[-73.99012,40.73779],[-73.99013,40.73774],[-73.99014,40.7377],[-73.99016,40.73765],[-73.99017,40.73761],[-73.99018,40.73756],[-73.99019,40.73752],[-73.99019,40.73748],[-73.99021,40.73743],[-73.99057,40.73574],[-73.99136,40.73209],[-73.99137,40.73204],[-73.99138,40.732],[-73.99139,40.73195],[-73.99141,40.73191],[-73.99142,40.73187],[-73.99144,40.73182],[-73.99146,40.73178],[-73.99148,40.73174],[-73.99151,40.73169],[-73.99153,40.73165],[-73.99156,40.73161],[-73.99159,40.73157],[-73.99162,40.73153],[-73.99165,40.73148],[-73.99168,40.73145],[-73.99263,40.73033],[-73.9977,40.72433],[-74.00143,40.71993],[-74.00177,40.71953],[-74.00624,40.71424],[-74.00625,40.71423],[-74.00625,40.71422],[-74.00626,40.71422],[-74.00626,40.71421],[-74.00627,40.7142],[-74.00627,40.7142],[-74.00628,40.71419],[-74.00628,40.71418],[-74.00628,40.71417],[-74.00629,40.71417],[-74.00629,40.71416],[-74.0063,40.71415],[-74.0063,40.71414],[-74.0063,40.71413],[-74.00631,40.71412],[-74.00631,40.71412],[-74.00631,40.71411],[-74.00632,40.7141],[-74.00632,40.71409],[-74.00632,40.71408],[-74.00633,40.71408],[-74.00633,40.71407],[-74.00634,40.71406],[-74.00634,40.71405],[-74.00635,40.71405],[-74.00635,40.71404],[-74.00636,40.71403],[-74.00636,40.71402],[-74.00637,40.71402],[-74.00637,40.71401],[-74.00698,40.71328],[-74.00745,40.71272],[-74.00745,40.71271],[-74.00746,40.7127],[-74.00747,40.7127],[-74.00748,40.71269],[-74.00748,40.71268],[-74.00749,40.71267],[-74.0075,40.71266],[-74.00751,40.71266],[-74.00752,40.71265],[-74.00753,40.71264],[-74.00754,40.71263],[-74.00754,40.71263],[-74.00755,40.71262],[-74.00756,40.71261],[-74.00757,40.7126],[-74.00758,40.7126],[-74.00759,40.71259],[-74.0076,40.71258],[-74.00761,40.71257],[-74.00762,40.71257],[-74.00763,40.71256],[-74.00764,40.71255],[-74.00765,40.71254],[-74.00766,40.71253],[-74.00767,40.71252],[-74.00768,40.71252],[-74.00769,40.71251],[-74.00769,40.7125],[-74.0077,40.71249],[-74.00771,40.71248],[-74.00835,40.71168],[-74.00841,40.71164],[-74.00847,40.7116],[-74.00853,40.71157],[-74.00859,40.71154],[-74.00866,40.71153],[-74.00872,40.71151],[-74.00879,40.7115],[-74.00887,40.7115],[-74.00894,40.7115],[-74.00901,40.71151],[-74.00909,40.71152],[-74.00916,40.71154],[-74.00925,40.71156],[-74.00933,40.71159],[-74.00941,40.71162],[-74.00951,40.71166],[-74.00959,40.71169],[-74.00967,40.71172],[-74.00975,40.71174],[-74.00982,40.71176],[-74.0099,40.71177],[-74.00996,40.71177],[-74.01003,40.71177],[-74.0101,40.71176],[-74.01016,40.71175],[-74.01022,40.71173],[-74.01027,40.7117],[-74.01032,40.71167],[-74.01037,40.71163],[-74.01042,40.71159],[-74.01046,40.71154],[-74.01103,40.71067],[-74.01315,40.70748],[-74.01318,40.70744],[-74.0132,40.7074],[-74.01323,40.70736],[-74.01326,40.70733],[-74.01329,40.70729],[-74.01331,40.70725],[-74.01334,40.70722],[-74.01336,40.7072],[-74.01337,40.70718],[-74.01339,40.70717],[-74.0134,40.70715],[-74.01342,40.70713],[-74.01343,40.70711],[-74.01345,40.70709],[-74.01346,40.70708],[-74.01348,40.70706],[-74.01349,40.70704],[-74.01351,40.70703],[-74.01352,40.70701],[-74.01354,40.70699],[-74.01355,40.70697],[-74.01357,40.70696],[-74.01389,40.70661],[-74.01394,40.70656],[-74.01398,40.70651],[-74.014,40.70646],[-74.01403,40.70641],[-74.01404,40.70635],[-74.01405,40.7063],[-74.01405,40.70624],[-74.01405,40.70618],[-74.01404,40.70613],[-74.01402,40.70607],[-74.01399,40.70601],[-74.01396,40.70595],[-74.01392,40.70588],[-74.01387,40.70582],[-74.01382,40.70576],[-74.01361,40.70551],[-74.01358,40.70547],[-74.01355,40.70544],[-74.01352,40.7054],[-74.01349,40.70536],[-74.01347,40.70532],[-74.01344,40.70528],[-74.01342,40.70524],[-74.0134,40.7052],[-74.01339,40.70515],[-74.01337,40.70511],[-74.01336,40.70507],[-74.01335,40.70503],[-74.01334,40.70499],[-74.01333,40.70495],[-74.01333,40.7049],[-74.01331,40.70479],[-74.0133,40.70468],[-74.01328,40.70458],[-74.01327,40.70448],[-74.01326,40.70438],[-74.01324,40.70428],[-74.01323,40.70419],[-74.01321,40.70411],[-74.0132,40.70402],[-74.01318,40.70394],[-74.01317,40.70387],[-74.01316,40.70379],[-74.01314,40.70372],[-74.01313,40.70365],[-74.01311,40.70359],[-74.01299,40.70309],[-74.01266,40.70181],[-74.01262,40.70169],[-74.01258,40.70158],[-74.01253,40.70148],[-74.01248,40.70137],[-74.01242,40.70127],[-74.01235,40.70118],[-74.01227,40.70109],[-74.01219,40.701],[-74.0121,40.70091],[-74.012,40.70083],[-74.0119,40.70076],[-74.01179,40.70068],[-74.01167,40.70061],[-74.01154,40.70055],[-74.01141,40.70048],[-74.01011,40.69994],[-73.99916,40.69618],[-73.99903,40.69613],[-73.9989,40.69609],[-73.99876,40.69605],[-73.99864,40.696],[-73.99851,40.69597],[-73.99838,40.69593],[-73.99826,40.69589],[-73.99814,40.69585],[-73.99802,40.69582],[-73.9979,40.69578],[-73.99778,40.69575],[-73.99767,40.69572],[-73.99755,40.69568],[-73.99744,40.69566],[-73.99733,40.69563],[-73.99178,40.6941],[-73.99079,40.69382],[-73.99069,40.6938],[-73.9906,40.69377],[-73.99051,40.69373],[-73.99043,40.6937],[-73.99035,40.69365],[-73.99027,40.69361],[-73.9902,40.69356],[-73.99013,40.69351],[-73.99007,40.69345],[-73.99001,40.69339],[-73.98995,40.69333],[-73.9899,40.69326],[-73.98985,40.69319],[-73.98981,40.69311],[-73.98977,40.69303],[-73.98972,40.69294],[-73.98967,40.69285],[-73.98961,40.69277],[-73.98954,40.69269],[-73.98946,40.69262],[-73.98938,40.69256],[-73.98929,40.6925],[-73.98919,40.69245],[-73.98908,40.69241],[-73.98897,40.69237],[-73.98885,40.69233],[-73.98872,40.69231],[-73.98858,40.69229],[-73.98844,40.69228],[-73.98829,40.69227],[-73.98594,40.69218],[-73.98333,40.69208],[-73.98323,40.69208],[-73.98313,40.69207],[-73.98303,40.69205],[-73.98295,40.69204],[-73.98286,40.69201],[-73.98278,40.69199],[-73.98271,40.69196],[-73.98264,40.69192],[-73.98258,40.69188],[-73.98252,40.69184],[-73.98247,40.69179],[-73.98242,40.69174],[-73.98238,40.69168],[-73.98234,40.69162],[-73.9823,40.69156],[-73.98182,40.69064],[-73.98121,40.68941],[-73.98118,40.68935],[-73.98115,40.68929],[-73.98112,40.68923],[-73.98108,40.68918],[-73.98104,40.68913],[-73.981,40.68908],[-73.98095,40.68903],[-73.98091,40.68899],[-73.98085,40.68894],[-73.9808,40.6889],[-73.98074,40.68886],[-73.98068,40.68883],[-73.98061,40.68879],[-73.98055,40.68876],[-73.98047,40.68873],[-73.9788,40.68807],[-73.97875,40.68804],[-73.97869,40.688],[-73.97864,40.68797],[-73.97859,40.68793],[-73.97855,40.68789],[-73.97851,40.68785],[-73.97847,40.68782],[-73.97844,40.68777],[-73.97841,40.68773],[-73.97838,40.68769],[-73.97836,40.68764],[-73.97834,40.68759],[-73.97832,40.68755],[-73.97831,40.6875],[-73.9783,40.68745],[-73.97798,40.68524],[-73.97798,40.6852],[-73.97798,40.68515],[-73.97799,40.68511],[-73.978,40.68507],[-73.978,40.68502],[-73.97801,40.68498],[-73.97803,40.68494],[-73.97804,40.6849],[-73.97806,40.68485],[-73.97808,40.68481],[-73.9781,40.68477],[-73.97812,40.68473],[-73.97814,40.68468],[-73.97817,40.68464],[-73.9782,40.6846],[-73.97881,40.68367],[-73.98311,40.67732],[-73.98362,40.67655],[-73.98365,40.6765],[-73.98368,40.67646],[-73.98372,40.67641],[-73.98375,40.67636],[-73.98378,40.67631],[-73.98382,40.67626],[-73.98386,40.67621],[-73.9839,40.67616],[-73.98393,40.6761],[-73.98398,40.67605],[-73.98402,40.676],[-73.98406,40.67594],[-73.9841,40.67589],[-73.98415,40.67583],[-73.98419,40.67578],[-73.9883,40.67085],[-73.9924,40.66593],[-73.99243,40.6659],[-73.99246,40.66586],[-73.99249,40.66583],[-73.99252,40.66579],[-73.99255,40.66576],[-73.99258,40.66572],[-73.99261,40.66569],[-73.99264,40.66566],[-73.99268,40.66562],[-73.99271,40.66559],[-73.99274,40.66555],[-73.99277,40.66552],[-73.9928,40.66548],[-73.99284,40.66545],[-73.99287,40.66541],[-73.99809,40.6604],[-74.00355,40.65514],[-74.00519,40.65356],[-74.01001,40.64894],[-74.01403,40.64507],[-74.01788,40.64136],[-74.0207,40.63865],[-74.02076,40.63859],[-74.0208,40.63854],[-74.02084,40.63849],[-74.02088,40.63843],[-74.0209,40.63838],[-74.02093,40.63833],[-74.02094,40.63828],[-74.02094,40.63824],[-74.02094,40.63819],[-74.02094,40.63815],[-74.02092,40.6381],[-74.0209,40.63806],[-74.02087,40.63802],[-74.02084,40.63798],[-74.0208,40.63794],[-74.02074,40.63789],[-74.02068,40.63783],[-74.02061,40.63778],[-74.02054,40.63773],[-74.02047,40.63768],[-74.02039,40.63764],[-74.0203,40.63759],[-74.02022,40.63755],[-74.02012,40.6375],[-74.02003,40.63746],[-74.01993,40.63742],[-74.01982,40.63738],[-74.01972,40.63734],[-74.0196,40.6373],[-74.01949,40.63726],[-74.01686,40.6365],[-74.01682,40.63649],[-74.01678,40.63648],[-74.01674,40.63647],[-74.01669,40.63645],[-74.01665,40.63644],[-74.01661,40.63643],[-74.01656,40.63641],[-74.01652,40.6364],[-74.01647,40.63639],[-74.01642,40.63638],[-74.01638,40.63637],[-74.01633,40.63635],[-74.01628,40.63634],[-74.01624,40.63633],[-74.01619,40.63632],[-74.01316,40.63554],[-74.01305,40.63551],[-74.01295,40.63548],[-74.01284,40.63545],[-74.01274,40.63542],[-74.01264,40.6354],[-74.01254,40.63537],[-74.01244,40.63533],[-74.01235,40.6353],[-74.01225,40.63527],[-74.01216,40.63524],[-74.01207,40.6352],[-74.01198,40.63517],[-74.01189,40.63513],[-74.0118,40.6351],[-74.01172,40.63506],[-74.01167,40.63504],[-74.01163,40.63502],[-74.01158,40.635],[-74.01153,40.63498],[-74.01148,40.63495],[-74.01143,40.63493],[-74.01137,40.6349],[-74.01132,40.63487],[-74.01126,40.63485],[-74.01121,40.63482],[-74.01115,40.63479],[-74.01109,40.63475],[-74.01103,40.63472],[-74.01097,40.63469],[-74.01091,40.63465],[-74.00936,40.6338],[-74.00931,40.63378],[-74.00926,40.63375],[-74.00922,40.63372],[-74.00917,40.6337],[-74.00912,40.63367],[-74.00907,40.63364],[-74.00903,40.63361],[-74.00898,40.63358],[-74.00893,40.63356],[-74.00889,40.63353],[-74.00884,40.6335],[-74.00879,40.63347],[-74.00875,40.63345],[-74.0087,40.63342],[-74.00865,40.63339],[-74.00535,40.63139],[-73.99849,40.62723],[-73.99837,40.62716],[-73.99826,40.62708],[-73.99814,40.62699],[-73.99803,40.6269],[-73.99792,40.62681],[-73.99781,40.62671],[-73.9977,40.62661],[-73.99759,40.6265],[-73.99748,40.62639],[-73.99738,40.62627],[-73.99727,40.62615],[-73.99717,40.62603],[-73.99707,40.62589],[-73.99697,40.62576],[-73.99686,40.62562],[-73.99635,40.62484],[-73.99605,40.62439],[-73.996,40.62432],[-73.99595,40.62425],[-73.99589,40.62418],[-73.99583,40.62411],[-73.99578,40.62405],[-73.99572,40.62398],[-73.99566,40.62392],[-73.9956,40.62387],[-73.99554,40.62381],[-73.99548,40.62376],[-73.99541,40.62371],[-73.99535,40.62366],[-73.99528,40.62362],[-73.99522,40.62357],[-73.99515,40.62353],[-73.99041,40.62067],[-73.98503,40.61741],[-73.9846,40.61715],[-73.98446,40.61705],[-73.98432,40.61695],[-73.98419,40.61685],[-73.98406,40.61674],[-73.98394,40.61664],[-73.98382,40.61653],[-73.9837,40.61642],[-73.98359,40.6163],[-73.98349,40.61619],[-73.98338,40.61607],[-73.98328,40.61595],[-73.98319,40.61583],[-73.9831,40.61571],[-73.98301,40.61558],[-73.98293,40.61545],[-73.98287,40.61535],[-73.98281,40.61525],[-73.98276,40.61514],[-73.9827,40.61503],[-73.98265,40.61491],[-73.9826,40.61479],[-73.98255,40.61466],[-73.9825,40.61453],[-73.98245,40.6144],[-73.9824,40.61426],[-73.98236,40.61412],[-73.98232,40.61397],[-73.98228,40.61382],[-73.98224,40.61367],[-73.9822,40.61351],[-73.98185,40.61181],[-73.98035,40.60392],[-73.97914,40.59747],[-73.97823,40.59272]]}},{"type":"Feature","properties":{"route":"W","color":"#F6BC26"},"geometry":{"type":"LineString","coordinates":[[-73.97823,40.59272],[-73.97914,40.59747],[-73.98035,40.60392],[-73.98185,40.61181],[-73.9822,40.61351],[-73.98224,40.61367],[-73.98228,40.61382],[-73.98232,40.61397],[-73.98236,40.61412],[-73.9824,40.61426],[-73.98245,40.6144],[-73.9825,40.61453],[-73.98255,40.61466],[-73.9826,40.61479],[-73.98265,40.61491],[-73.9827,40.61503],[-73.98276,40.61514],[-73.98281,40.61525],[-73.98287,40.61535],[-73.98293,40.61545],[-73.98301,40.61558],[-73.9831,40.61571],[-73.98319,40.61583],[-73.98328,40.61595],[-73.98338,40.61607],[-73.98349,40.61619],[-73.98359,40.6163],[-73.9837,40.61642],[-73.98382,40.61653],[-73.98394,40.61664],[-73.98406,40.61674],[-73.98419,40.61685],[-73.98432,40.61695],[-73.98446,40.61705],[-73.9846,40.61715],[-73.98503,40.61741],[-73.99041,40.62067],[-73.99515,40.62353],[-73.99522,40.62357],[-73.99528,40.62362],[-73.99535,40.62366],[-73.99541,40.62371],[-73.99548,40.62376],[-73.99554,40.62381],[-73.9956,40.62387],[-73.99566,40.62392],[-73.99572,40.62398],[-73.99578,40.62405],[-73.99583,40.62411],[-73.99589,40.62418],[-73.99595,40.62425],[-73.996,40.62432],[-73.99605,40.62439],[-73.99635,40.62484],[-73.99686,40.62562],[-73.99697,40.62576],[-73.99707,40.62589],[-73.99717,40.62603],[-73.99727,40.62615],[-73.99738,40.62627],[-73.99748,40.62639],[-73.99759,40.6265],[-73.9977,40.62661],[-73.99781,40.62671],[-73.99792,40.62681],[-73.99803,40.6269],[-73.99814,40.62699],[-73.99826,40.62708],[-73.99837,40.62716],[-73.99849,40.62723],[-74.00535,40.63139],[-74.00865,40.63339],[-74.0087,40.63342],[-74.00875,40.63345],[-74.00879,40.63347],[-74.00884,40.6335],[-74.00889,40.63353],[-74.00893,40.63356],[-74.00898,40.63358],[-74.00903,40.63361],[-74.00907,40.63364],[-74.00912,40.63367],[-74.00917,40.6337],[-74.00922,40.63372],[-74.00926,40.63375],[-74.00931,40.63378],[-74.00936,40.6338],[-74.01091,40.63465],[-74.01097,40.63469],[-74.01103,40.63472],[-74.01109,40.63475],[-74.01115,40.63479],[-74.01121,40.63482],[-74.01126,40.63485],[-74.01132,40.63487],[-74.01137,40.6349],[-74.01143,40.63493],[-74.01148,40.63495],[-74.01153,40.63498],[-74.01158,40.635],[-74.01163,40.63502],[-74.01167,40.63504],[-74.01172,40.63506],[-74.0118,40.6351],[-74.01189,40.63513],[-74.01198,40.63517],[-74.01207,40.6352],[-74.01216,40.63524],[-74.01225,40.63527],[-74.01235,40.6353],[-74.01244,40.63533],[-74.01254,40.63537],[-74.01264,40.6354],[-74.01274,40.63542],[-74.01284,40.63545],[-74.01295,40.63548],[-74.01305,40.63551],[-74.01316,40.63554],[-74.01619,40.63632],[-74.01624,40.63633],[-74.01628,40.63634],[-74.01633,40.63635],[-74.01638,40.63637],[-74.01642,40.63638],[-74.01647,40.63639],[-74.01652,40.6364],[-74.01656,40.63641],[-74.01661,40.63643],[-74.01665,40.63644],[-74.01669,40.63645],[-74.01674,40.63647],[-74.01678,40.63648],[-74.01682,40.63649],[-74.01686,40.6365],[-74.01949,40.63726],[-74.0196,40.6373],[-74.01972,40.63734],[-74.01982,40.63738],[-74.01993,40.63742],[-74.02003,40.63746],[-74.02012,40.6375],[-74.02022,40.63755],[-74.0203,40.63759],[-74.02039,40.63764],[-74.02047,40.63768],[-74.02054,40.63773],[-74.02061,40.63778],[-74.02068,40.63783],[-74.02074,40.63789],[-74.0208,40.63794],[-74.02084,40.63798],[-74.02087,40.63802],[-74.0209,40.63806],[-74.02092,40.6381],[-74.02094,40.63815],[-74.02094,40.63819],[-74.02094,40.63824],[-74.02094,40.63828],[-74.02093,40.63833],[-74.0209,40.63838],[-74.02088,40.63843],[-74.02084,40.63849],[-74.0208,40.63854],[-74.02076,40.63859],[-74.0207,40.63865],[-74.01788,40.64136],[-74.01403,40.64507],[-74.01001,40.64894],[-74.00519,40.65356],[-74.00355,40.65514],[-73.99809,40.6604],[-73.99287,40.66541],[-73.99284,40.66545],[-73.9928,40.66548],[-73.99277,40.66552],[-73.99274,40.66555],[-73.99271,40.66559],[-73.99268,40.66562],[-73.99264,40.66566],[-73.99261,40.66569],[-73.99258,40.66572],[-73.99255,40.66576],[-73.99252,40.66579],[-73.99249,40.66583],[-73.99246,40.66586],[-73.99243,40.6659],[-73.9924,40.66593],[-73.9883,40.67085],[-73.98419,40.67578],[-73.98415,40.67583],[-73.9841,40.67589],[-73.98406,40.67594],[-73.98402,40.676],[-73.98398,40.67605],[-73.98393,40.6761],[-73.9839,40.67616],[-73.98386,40.67621],[-73.98382,40.67626],[-73.98378,40.67631],[-73.98375,40.67636],[-73.98372,40.67641],[-73.98368,40.67646],[-73.98365,40.6765],[-73.98362,40.67655],[-73.98311,40.67732],[-73.97881,40.68367],[-73.9782,40.6846],[-73.97817,40.68464],[-73.97814,40.68468],[-73.97812,40.68473],[-73.9781,40.68477],[-73.97808,40.68481],[-73.97806,40.68485],[-73.97804,40.6849],[-73.97803,40.68494],[-73.97801,40.68498],[-73.978,40.68502],[-73.978,40.68507],[-73.97799,40.68511],[-73.97798,40.68515],[-73.97798,40.6852],[-73.97798,40.68524],[-73.9783,40.68745],[-73.97831,40.6875],[-73.97832,40.68755],[-73.97834,40.68759],[-73.97836,40.68764],[-73.97838,40.68769],[-73.97841,40.68773],[-73.97844,40.68777],[-73.97847,40.68782],[-73.97851,40.68785],[-73.97855,40.68789],[-73.97859,40.68793],[-73.97864,40.68797],[-73.97869,40.688],[-73.97875,40.68804],[-73.9788,40.68807],[-73.98047,40.68873],[-73.98055,40.68876],[-73.98061,40.68879],[-73.98068,40.68883],[-73.98074,40.68886],[-73.9808,40.6889],[-73.98085,40.68894],[-73.98091,40.68899],[-73.98095,40.68903],[-73.981,40.68908],[-73.98104,40.68913],[-73.98108,40.68918],[-73.98112,40.68923],[-73.98115,40.68929],[-73.98118,40.68935],[-73.98121,40.68941],[-73.98182,40.69064],[-73.9823,40.69156],[-73.98234,40.69162],[-73.98238,40.69168],[-73.98242,40.69174],[-73.98247,40.69179],[-73.98252,40.69184],[-73.98258,40.69188],[-73.98264,40.69192],[-73.98271,40.69196],[-73.98278,40.69199],[-73.98286,40.69201],[-73.98295,40.69204],[-73.98303,40.69205],[-73.98313,40.69207],[-73.98323,40.69208],[-73.98333,40.69208],[-73.98594,40.69218],[-73.98829,40.69227],[-73.98844,40.69228],[-73.98858,40.69229],[-73.98872,40.69231],[-73.98885,40.69233],[-73.98897,40.69237],[-73.98908,40.69241],[-73.98919,40.69245],[-73.98929,40.6925],[-73.98938,40.69256],[-73.98946,40.69262],[-73.98954,40.69269],[-73.98961,40.69277],[-73.98967,40.69285],[-73.98972,40.69294],[-73.98977,40.69303],[-73.98981,40.69311],[-73.98985,40.69319],[-73.9899,40.69326],[-73.98995,40.69333],[-73.99001,40.69339],[-73.99007,40.69345],[-73.99013,40.69351],[-73.9902,40.69356],[-73.99027,40.69361],[-73.99035,40.69365],[-73.99043,40.6937],[-73.99051,40.69373],[-73.9906,40.69377],[-73.99069,40.6938],[-73.99079,40.69382],[-73.99178,40.6941],[-73.99733,40.69563],[-73.99744,40.69566],[-73.99755,40.69568],[-73.99767,40.69572],[-73.99778,40.69575],[-73.9979,40.69578],[-73.99802,40.69582],[-73.99814,40.69585],[-73.99826,40.69589],[-73.99838,40.69593],[-73.99851,40.69597],[-73.99864,40.696],[-73.99876,40.69605],[-73.9989,40.69609],[-73.99903,40.69613],[-73.99916,40.69618],[-74.01011,40.69994],[-74.01141,40.70048],[-74.01154,40.70055],[-74.01167,40.70061],[-74.01179,40.70068],[-74.0119,40.70076],[-74.012,40.70083],[-74.0121,40.70091],[-74.01219,40.701],[-74.01227,40.70109],[-74.01235,40.70118],[-74.01242,40.70127],[-74.01248,40.70137],[-74.01253,40.70148],[-74.01258,40.70158],[-74.01262,40.70169],[-74.01266,40.70181],[-74.01299,40.70309],[-74.01311,40.70359],[-74.01313,40.70365],[-74.01314,40.70372],[-74.01316,40.70379],[-74.01317,40.70387],[-74.01318,40.70394],[-74.0132,40.70402],[-74.01321,40.70411],[-74.01323,40.70419],[-74.01324,40.70428],[-74.01326,40.70438],[-74.01327,40.70448],[-74.01328,40.70458],[-74.0133,40.70468],[-74.01331,40.70479],[-74.01333,40.7049],[-74.01333,40.70495],[-74.01334,40.70499],[-74.01335,40.70503],[-74.01336,40.70507],[-74.01337,40.70511],[-74.01339,40.70515],[-74.0134,40.7052],[-74.01342,40.70524],[-74.01344,40.70528],[-74.01347,40.70532],[-74.01349,40.70536],[-74.01352,40.7054],[-74.01355,40.70544],[-74.01358,40.70547],[-74.01361,40.70551],[-74.01382,40.70576],[-74.01387,40.70582],[-74.01392,40.70588],[-74.01396,40.70595],[-74.01399,40.70601],[-74.01402,40.70607],[-74.01404,40.70613],[-74.01405,40.70618],[-74.01405,40.70624],[-74.01405,40.7063],[-74.01404,40.70635],[-74.01403,40.70641],[-74.014,40.70646],[-74.01398,40.70651],[-74.01394,40.70656],[-74.01389,40.70661],[-74.01357,40.70696],[-74.01355,40.70697],[-74.01354,40.70699],[-74.01352,40.70701],[-74.01351,40.70703],[-74.01349,40.70704],[-74.01348,40.70706],[-74.01346,40.70708],[-74.01345,40.70709],[-74.01343,40.70711],[-74.01342,40.70713],[-74.0134,40.70715],[-74.01339,40.70717],[-74.01337,40.70718],[-74.01336,40.7072],[-74.01334,40.70722],[-74.01331,40.70725],[-74.01329,40.70729],[-74.01326,40.70733],[-74.01323,40.70736],[-74.0132,40.7074],[-74.01318,40.70744],[-74.01315,40.70748],[-74.01103,40.71067],[-74.01046,40.71154],[-74.01042,40.71159],[-74.01037,40.71163],[-74.01032,40.71167],[-74.01027,40.7117],[-74.01022,40.71173],[-74.01016,40.71175],[-74.0101,40.71176],[-74.01003,40.71177],[-74.00996,40.71177],[-74.0099,40.71177],[-74.00982,40.71176],[-74.00975,40.71174],[-74.00967,40.71172],[-74.00959,40.71169],[-74.00951,40.71166],[-74.00941,40.71162],[-74.00933,40.71159],[-74.00925,40.71156],[-74.00916,40.71154],[-74.00909,40.71152],[-74.00901,40.71151],[-74.00894,40.7115],[-74.00887,40.7115],[-74.00879,40.7115],[-74.00872,40.71151],[-74.00866,40.71153],[-74.00859,40.71154],[-74.00853,40.71157],[-74.00847,40.7116],[-74.00841,40.71164],[-74.00835,40.71168],[-74.00771,40.71248],[-74.0077,40.71249],[-74.00769,40.7125],[-74.00769,40.71251],[-74.00768,40.71252],[-74.00767,40.71252],[-74.00766,40.71253],[-74.00765,40.71254],[-74.00764,40.71255],[-74.00763,40.71256],[-74.00762,40.71257],[-74.00761,40.71257],[-74.0076,40.71258],[-74.00759,40.71259],[-74.00758,40.7126],[-74.00757,40.7126],[-74.00756,40.71261],[-74.00755,40.71262],[-74.00754,40.71263],[-74.00754,40.71263],[-74.00753,40.71264],[-74.00752,40.71265],[-74.00751,40.71266],[-74.0075,40.71266],[-74.00749,40.71267],[-74.00748,40.71268],[-74.00748,40.71269],[-74.00747,40.7127],[-74.00746,40.7127],[-74.00745,40.71271],[-74.00745,40.71272],[-74.00698,40.71328],[-74.00637,40.71401],[-74.00637,40.71402],[-74.00636,40.71402],[-74.00636,40.71403],[-74.00635,40.71404],[-74.00635,40.71405],[-74.00634,40.71405],[-74.00634,40.71406],[-74.00633,40.71407],[-74.00633,40.71408],[-74.00632,40.71408],[-74.00632,40.71409],[-74.00632,40.7141],[-74.00631,40.71411],[-74.00631,40.71412],[-74.00631,40.71412],[-74.0063,40.71413],[-74.0063,40.71414],[-74.0063,40.71415],[-74.00629,40.71416],[-74.00629,40.71417],[-74.00628,40.71417],[-74.00628,40.71418],[-74.00628,40.71419],[-74.00627,40.7142],[-74.00627,40.7142],[-74.00626,40.71421],[-74.00626,40.71422],[-74.00625,40.71422],[-74.00625,40.71423],[-74.00624,40.71424],[-74.00177,40.71953],[-74.00143,40.71993],[-73.9977,40.72433],[-73.99263,40.73033],[-73.99168,40.73145],[-73.99165,40.73148],[-73.99162,40.73153],[-73.99159,40.73157],[-73.99156,40.73161],[-73.99153,40.73165],[-73.99151,40.73169],[-73.99148,40.73174],[-73.99146,40.73178],[-73.99144,40.73182],[-73.99142,40.73187],[-73.99141,40.73191],[-73.99139,40.73195],[-73.99138,40.732],[-73.99137,40.73204],[-73.99136,40.73209],[-73.99057,40.73574],[-73.99021,40.73743],[-73.99019,40.73748],[-73.99019,40.73752],[-73.99018,40.73756],[-73.99017,40.73761],[-73.99016,40.73765],[-73.99014,40.7377],[-73.99013,40.73774],[-73.99012,40.73779],[-73.99011,40.73784],[-73.9901,40.73789],[-73.99009,40.73794],[-73.99008,40.73799],[-73.99006,40.73804],[-73.99005,40.73808],[-73.99004,40.73814],[-73.9896,40.73979],[-73.98959,40.73984],[-73.98958,40.73989],[-73.98957,40.73994],[-73.98955,40.74],[-73.98954,40.74005],[-73.98953,40.74009],[-73.98952,40.74014],[-73.98951,40.74019],[-73.9895,40.74024],[-73.98949,40.74029],[-73.98949,40.74034],[-73.98948,40.74039],[-73.98947,40.74044],[-73.98946,40.74049],[-73.98946,40.74054],[-73.98934,40.7413],[-73.98919,40.74264],[-73.98919,40.7427],[-73.98918,40.74276],[-73.98917,40.74281],[-73.98917,40.74287],[-73.98916,40.74292],[-73.98915,40.74297],[-73.98915,40.74303],[-73.98914,40.74307],[-73.98913,40.74312],[-73.98912,40.74317],[-73.98912,40.74322],[-73.98911,40.74327],[-73.9891,40.74331],[-73.98909,40.74336],[-73.98908,40.7434],[-73.98869,40.74549],[-73.98795,40.74957],[-73.98757,40.75182],[-73.98756,40.75189],[-73.98754,40.75197],[-73.98753,40.75205],[-73.98751,40.75213],[-73.98749,40.7522],[-73.98748,40.75228],[-73.98746,40.75236],[-73.98744,40.75244],[-73.98742,40.75252],[-73.9874,40.75259],[-73.98738,40.75267],[-73.98735,40.75275],[-73.98733,40.75283],[-73.98731,40.7529],[-73.98728,40.75298],[-73.98675,40.75467],[-73.9862,40.75643],[-73.98615,40.75657],[-73.98611,40.7567],[-73.98606,40.75684],[-73.986,40.75697],[-73.98595,40.7571],[-73.98589,40.75723],[-73.98583,40.75735],[-73.98578,40.75748],[-73.98571,40.7576],[-73.98565,40.75772],[-73.98558,40.75784],[-73.98551,40.75795],[-73.98544,40.75806],[-73.98537,40.75817],[-73.9853,40.75828],[-73.98414,40.7599],[-73.98066,40.76466],[-73.9795,40.76625],[-73.97944,40.76633],[-73.97938,40.7664],[-73.97931,40.76646],[-73.97924,40.76651],[-73.97917,40.76655],[-73.97909,40.76658],[-73.97901,40.76661],[-73.97893,40.76663],[-73.97885,40.76664],[-73.97876,40.76665],[-73.97867,40.76664],[-73.97858,40.76663],[-73.97848,40.76661],[-73.97838,40.76658],[-73.97828,40.76654],[-73.97422,40.76483],[-73.97419,40.76482],[-73.97417,40.76481],[-73.97415,40.7648],[-73.97412,40.76479],[-73.9741,40.76479],[-73.97407,40.76478],[-73.97405,40.76478],[-73.97402,40.76477],[-73.974,40.76477],[-73.97397,40.76477],[-73.97395,40.76477],[-73.97392,40.76476],[-73.9739,40.76476],[-73.97387,40.76477],[-73.97385,40.76477],[-73.97335,40.76481],[-73.97272,40.76487],[-73.97269,40.76487],[-73.97267,40.76487],[-73.97265,40.76487],[-73.97262,40.76487],[-73.9726,40.76487],[-73.97258,40.76486],[-73.97255,40.76486],[-73.97253,40.76485],[-73.9725,40.76485],[-73.97248,40.76484],[-73.97245,40.76483],[-73.97243,40.76483],[-73.9724,40.76482],[-73.97237,40.76481],[-73.97235,40.7648],[-73.96726,40.76266],[-73.95913,40.75923],[-73.94694,40.75377],[-73.94415,40.75255],[-73.94208,40.75165],[-73.94204,40.75163],[-73.942,40.75161],[-73.94196,40.75159],[-73.94192,40.75157],[-73.94188,40.75155],[-73.94185,40.75153],[-73.94181,40.75151],[-73.94178,40.75149],[-73.94175,40.75147],[-73.94172,40.75145],[-73.94169,40.75143],[-73.94166,40.7514],[-73.94163,40.75138],[-73.94161,40.75136],[-73.94159,40.75134],[-73.94156,40.75131],[-73.94154,40.75129],[-73.94151,40.75127],[-73.94149,40.75124],[-73.94146,40.75122],[-73.94143,40.75119],[-73.9414,40.75117],[-73.94136,40.75114],[-73.94133,40.75112],[-73.94129,40.75109],[-73.94125,40.75107],[-73.94121,40.75104],[-73.94117,40.75102],[-73.94113,40.75099],[-73.94109,40.75096],[-73.9402,40.75058],[-73.93917,40.75013],[-73.93907,40.75009],[-73.93897,40.75005],[-73.93887,40.75],[-73.93877,40.74996],[-73.93867,40.74991],[-73.93857,40.74986],[-73.93847,40.7498],[-73.93837,40.74975],[-73.93828,40.74969],[-73.93818,40.74964],[-73.93808,40.74958],[-73.93798,40.74952],[-73.93788,40.74946],[-73.93778,40.74939],[-73.93768,40.74933],[-73.9376,40.74928],[-73.93752,40.74925],[-73.93743,40.74921],[-73.93735,40.74919],[-73.93726,40.74918],[-73.93718,40.74917],[-73.9371,40.74917],[-73.93702,40.74917],[-73.93694,40.74918],[-73.93686,40.74921],[-73.93678,40.74923],[-73.9367,40.74927],[-73.93662,40.74931],[-73.93654,40.74936],[-73.93646,40.74941],[-73.93514,40.75064],[-73.9351,40.75067],[-73.93506,40.75071],[-73.93502,40.75074],[-73.93498,40.75078],[-73.93495,40.75081],[-73.93491,40.75084],[-73.93487,40.75087],[-73.93483,40.75091],[-73.9348,40.75094],[-73.93476,40.75097],[-73.93472,40.751],[-73.93468,40.75102],[-73.93465,40.75105],[-73.93461,40.75108],[-73.93457,40.75111],[-73.9341,40.75141],[-73.93406,40.75143],[-73.93402,40.75146],[-73.93398,40.75149],[-73.93395,40.75151],[-73.93391,40.75154],[-73.93387,40.75157],[-73.93384,40.7516],[-73.9338,40.75163],[-73.93377,40.75167],[-73.93373,40.7517],[-73.9337,40.75173],[-73.93367,40.75177],[-73.93363,40.7518],[-73.9336,40.75184],[-73.93357,40.75188],[-73.93276,40.75288],[-73.92957,40.7568],[-73.92551,40.76182],[-73.92148,40.76678],[-73.92079,40.76762],[-73.92075,40.76767],[-73.9207,40.76773],[-73.92065,40.76778],[-73.92059,40.76783],[-73.92054,40.76789],[-73.92049,40.76794],[-73.92044,40.768],[-73.92038,40.76805],[-73.92033,40.7681],[-73.92027,40.76816],[-73.92021,40.76821],[-73.92016,40.76826],[-73.9201,40.76832],[-73.92004,40.76837],[-73.91998,40.76842],[-73.91784,40.77026],[-73.91203,40.77504]]}},{"type":"Feature","properties":{"route":"Q","color":"#F6BC26"},"geometry":{"type":"LineString","coordinates":[[-73.94766,40.78347],[-73.95222,40.77721],[-73.95888,40.76809],[-73.96142,40.76462],[-73.96159,40.76445],[-73.96175,40.7643],[-73.96193,40.76416],[-73.96211,40.76405],[-73.9623,40.76395],[-73.9625,40.76387],[-73.9627,40.76381],[-73.96291,40.76376],[-73.96312,40.76374],[-73.96335,40.76373],[-73.96357,40.76374],[-73.96381,40.76377],[-73.96405,40.76382],[-73.9643,40.76389],[-73.96456,40.76397],[-73.96611,40.76463],[-73.97133,40.76683],[-73.97139,40.76686],[-73.97146,40.76689],[-73.97152,40.76691],[-73.97158,40.76694],[-73.97163,40.76697],[-73.97169,40.767],[-73.97175,40.76703],[-73.9718,40.76706],[-73.97185,40.76709],[-73.97191,40.76712],[-73.97196,40.76715],[-73.97201,40.76718],[-73.97205,40.76721],[-73.9721,40.76724],[-73.97215,40.76727],[-73.97427,40.76855],[-73.97461,40.76871],[-73.97493,40.76884],[-73.97525,40.76895],[-73.97555,40.76903],[-73.97585,40.76908],[-73.97613,40.7691],[-73.9764,40.7691],[-73.97666,40.76906],[-73.97691,40.769],[-73.97715,40.76891],[-73.97737,40.76879],[-73.97759,40.76865],[-73.9778,40.76848],[-73.97799,40.76827],[-73.97818,40.76805],[-73.9795,40.76625],[-73.98066,40.76466],[-73.98414,40.7599],[-73.9853,40.75828],[-73.98537,40.75817],[-73.98544,40.75806],[-73.98551,40.75795],[-73.98558,40.75784],[-73.98565,40.75772],[-73.98571,40.7576],[-73.98578,40.75748],[-73.98583,40.75735],[-73.98589,40.75723],[-73.98595,40.7571],[-73.986,40.75697],[-73.98606,40.75684],[-73.98611,40.7567],[-73.98615,40.75657],[-73.9862,40.75643],[-73.98675,40.75467],[-73.98728,40.75298],[-73.98731,40.7529],[-73.98733,40.75283],[-73.98735,40.75275],[-73.98738,40.75267],[-73.9874,40.75259],[-73.98742,40.75252],[-73.98744,40.75244],[-73.98746,40.75236],[-73.98748,40.75228],[-73.98749,40.7522],[-73.98751,40.75213],[-73.98753,40.75205],[-73.98754,40.75197],[-73.98756,40.75189],[-73.98757,40.75182],[-73.98795,40.74957],[-73.98869,40.74549],[-73.98908,40.7434],[-73.98909,40.74336],[-73.9891,40.74331],[-73.98911,40.74327],[-73.98912,40.74322],[-73.98912,40.74317],[-73.98913,40.74312],[-73.98914,40.74307],[-73.98915,40.74303],[-73.98915,40.74297],[-73.98916,40.74292],[-73.98917,40.74287],[-73.98917,40.74281],[-73.98918,40.74276],[-73.98919,40.7427],[-73.98919,40.74264],[-73.98934,40.7413],[-73.98946,40.74054],[-73.98946,40.74049],[-73.98947,40.74044],[-73.98948,40.74039],[-73.98949,40.74034],[-73.98949,40.74029],[-73.9895,40.74024],[-73.98951,40.74019],[-73.98952,40.74014],[-73.98953,40.74009],[-73.98954,40.74005],[-73.98955,40.74],[-73.98957,40.73994],[-73.98958,40.73989],[-73.98959,40.73984],[-73.9896,40.73979],[-73.99004,40.73814],[-73.99005,40.73808],[-73.99006,40.73804],[-73.99008,40.73799],[-73.99009,40.73794],[-73.9901,40.73789],[-73.99011,40.73784],[-73.99012,40.73779],[-73.99013,40.73774],[-73.99014,40.7377],[-73.99016,40.73765],[-73.99017,40.73761],[-73.99018,40.73756],[-73.99019,40.73752],[-73.99019,40.73748],[-73.99021,40.73743],[-73.99057,40.73574],[-73.99136,40.73209],[-73.99137,40.73204],[-73.99138,40.732],[-73.99139,40.73195],[-73.99141,40.73191],[-73.99142,40.73187],[-73.99144,40.73182],[-73.99146,40.73178],[-73.99148,40.73174],[-73.99151,40.73169],[-73.99153,40.73165],[-73.99156,40.73161],[-73.99159,40.73157],[-73.99162,40.73153],[-73.99165,40.73148],[-73.99168,40.73145],[-73.99263,40.73033],[-73.9977,40.72433],[-74.00143,40.71993],[-74.00148,40.71986],[-74.00153,40.71979],[-74.00156,40.71972],[-74.00159,40.71965],[-74.00161,40.71958],[-74.00162,40.71952],[-74.00162,40.71946],[-74.00162,40.71939],[-74.0016,40.71933],[-74.00158,40.71928],[-74.00154,40.71922],[-74.0015,40.71916],[-74.00145,40.71911],[-74.00139,40.71905],[-74.00133,40.719],[-74.00046,40.71838],[-73.99915,40.71743],[-73.99909,40.71739],[-73.99903,40.71736],[-73.99897,40.71732],[-73.99891,40.71728],[-73.99885,40.71725],[-73.99879,40.71722],[-73.99872,40.71718],[-73.99866,40.71715],[-73.99859,40.71712],[-73.99853,40.71709],[-73.99846,40.71706],[-73.99839,40.71703],[-73.99832,40.71701],[-73.99825,40.71698],[-73.99818,40.71696],[-73.99668,40.71644],[-73.99661,40.71642],[-73.99656,40.7164],[-73.9965,40.71637],[-73.99644,40.71635],[-73.99639,40.71632],[-73.99634,40.7163],[-73.99629,40.71627],[-73.99624,40.71624],[-73.99619,40.71621],[-73.99615,40.71618],[-73.99611,40.71615],[-73.99607,40.71612],[-73.99603,40.71608],[-73.996,40.71605],[-73.99596,40.71601],[-73.9955,40.71554],[-73.99545,40.7155],[-73.99541,40.71546],[-73.99538,40.71541],[-73.99534,40.71537],[-73.9953,40.71533],[-73.99527,40.71529],[-73.99523,40.71524],[-73.9952,40.7152],[-73.99517,40.71515],[-73.99514,40.71511],[-73.99511,40.71506],[-73.99509,40.71502],[-73.99506,40.71497],[-73.99503,40.71493],[-73.99501,40.71488],[-73.98548,40.69777],[-73.98413,40.69508],[-73.98343,40.69383],[-73.9823,40.69156],[-73.98182,40.69064],[-73.98121,40.68941],[-73.98118,40.68935],[-73.98115,40.68929],[-73.98112,40.68923],[-73.98108,40.68918],[-73.98104,40.68913],[-73.981,40.68908],[-73.98095,40.68903],[-73.98091,40.68899],[-73.98085,40.68894],[-73.9808,40.6889],[-73.98074,40.68886],[-73.98068,40.68883],[-73.98061,40.68879],[-73.98055,40.68876],[-73.98047,40.68873],[-73.9788,40.68807],[-73.97793,40.6877],[-73.97787,40.68768],[-73.97781,40.68766],[-73.97776,40.68763],[-73.97771,40.6876],[-73.97767,40.68757],[-73.97762,40.68754],[-73.97759,40.68751],[-73.97755,40.68747],[-73.97752,40.68744],[-73.9775,40.6874],[-73.97747,40.68736],[-73.97745,40.68732],[-73.97744,40.68727],[-73.97742,40.68723],[-73.97742,40.68718],[-73.97689,40.68446],[-73.97671,40.68343],[-73.9767,40.68338],[-73.97669,40.68332],[-73.97668,40.68326],[-73.97666,40.68321],[-73.97665,40.68315],[-73.97663,40.6831],[-73.97661,40.68304],[-73.97659,40.68299],[-73.97657,40.68293],[-73.97654,40.68288],[-73.97652,40.68282],[-73.97649,40.68277],[-73.97646,40.68272],[-73.97643,40.68266],[-73.9764,40.68261],[-73.97237,40.67705],[-73.96293,40.66388],[-73.96287,40.66379],[-73.96282,40.66371],[-73.96277,40.66362],[-73.96272,40.66353],[-73.96268,40.66345],[-73.96264,40.66336],[-73.9626,40.66327],[-73.96257,40.66318],[-73.96253,40.66309],[-73.9625,40.663],[-73.96247,40.66291],[-73.96245,40.66282],[-73.96243,40.66273],[-73.96241,40.66264],[-73.96239,40.66255],[-73.96225,40.66161],[-73.96215,40.66101],[-73.96215,40.661],[-73.96215,40.66098],[-73.96214,40.66097],[-73.96214,40.66096],[-73.96214,40.66095],[-73.96214,40.66094],[-73.96213,40.66092],[-73.96213,40.66091],[-73.96213,40.6609],[-73.96212,40.66089],[-73.96212,40.66087],[-73.96212,40.66086],[-73.96211,40.66085],[-73.96211,40.66084],[-73.96211,40.66083],[-73.96203,40.66054],[-73.96202,40.66051],[-73.96201,40.66048],[-73.962,40.66045],[-73.962,40.66042],[-73.96199,40.6604],[-73.96198,40.66037],[-73.96198,40.66034],[-73.96197,40.66031],[-73.96197,40.66029],[-73.96196,40.66026],[-73.96196,40.66024],[-73.96195,40.66021],[-73.96195,40.66019],[-73.96194,40.66016],[-73.96194,40.66014],[-73.96141,40.6569],[-73.96139,40.6568],[-73.96138,40.6567],[-73.96137,40.65659],[-73.96137,40.65649],[-73.96137,40.65639],[-73.96137,40.65628],[-73.96137,40.65617],[-73.96137,40.65607],[-73.96138,40.65596],[-73.96139,40.65585],[-73.96141,40.65574],[-73.96143,40.65563],[-73.96144,40.65552],[-73.96147,40.65541],[-73.96149,40.65529],[-73.96194,40.65389],[-73.96201,40.65368],[-73.96207,40.65347],[-73.96214,40.65326],[-73.96221,40.65305],[-73.96228,40.65283],[-73.96235,40.65261],[-73.96242,40.65239],[-73.96249,40.65216],[-73.96256,40.65194],[-73.96263,40.65171],[-73.9627,40.65148],[-73.96277,40.65124],[-73.96284,40.65101],[-73.96291,40.65077],[-73.96298,40.65053],[-73.96442,40.64587],[-73.96445,40.64575],[-73.96448,40.64563],[-73.9645,40.64551],[-73.96452,40.64539],[-73.96454,40.64527],[-73.96455,40.64514],[-73.96456,40.64502],[-73.96456,40.6449],[-73.96456,40.64478],[-73.96456,40.64465],[-73.96455,40.64453],[-73.96454,40.64441],[-73.96453,40.64428],[-73.96451,40.64416],[-73.96449,40.64403],[-73.96389,40.64093],[-73.96279,40.63508],[-73.96197,40.63074],[-73.96196,40.63069],[-73.96196,40.63063],[-73.96195,40.63058],[-73.96194,40.63053],[-73.96193,40.63048],[-73.96192,40.63044],[-73.96191,40.63039],[-73.9619,40.63034],[-73.96189,40.6303],[-73.96188,40.63026],[-73.96187,40.63021],[-73.96186,40.63017],[-73.96185,40.63013],[-73.96184,40.63009],[-73.96183,40.63005],[-73.96164,40.62927],[-73.96162,40.62919],[-73.9616,40.62911],[-73.96158,40.62903],[-73.96156,40.62895],[-73.96155,40.62888],[-73.96153,40.62881],[-73.96151,40.62874],[-73.9615,40.62867],[-73.96148,40.6286],[-73.96147,40.62853],[-73.96146,40.62847],[-73.96144,40.62841],[-73.96143,40.62835],[-73.96142,40.62829],[-73.96141,40.62823],[-73.9608,40.62504],[-73.9594,40.61762],[-73.95799,40.61017],[-73.95798,40.61015],[-73.95798,40.61013],[-73.95797,40.6101],[-73.95797,40.61008],[-73.95797,40.61006],[-73.95796,40.61004],[-73.95796,40.61002],[-73.95796,40.61],[-73.95795,40.60998],[-73.95795,40.60997],[-73.95795,40.60995],[-73.95795,40.60993],[-73.95794,40.60991],[-73.95794,40.60989],[-73.95794,40.60988],[-73.95792,40.60975],[-73.95792,40.60973],[-73.95792,40.60971],[-73.95792,40.60969],[-73.95791,40.60967],[-73.95791,40.60965],[-73.95791,40.60964],[-73.95791,40.60962],[-73.95791,40.6096],[-73.9579,40.60958],[-73.9579,40.60956],[-73.9579,40.60955],[-73.9579,40.60953],[-73.95789,40.60951],[-73.95789,40.6095],[-73.95789,40.60948],[-73.95773,40.60867],[-73.95764,40.60816],[-73.95764,40.60814],[-73.95763,40.60812],[-73.95763,40.6081],[-73.95762,40.60807],[-73.95762,40.60806],[-73.95762,40.60804],[-73.95761,40.60802],[-73.95761,40.608],[-73.9576,40.60798],[-73.9576,40.60796],[-73.95759,40.60794],[-73.95759,40.60792],[-73.95758,40.6079],[-73.95758,40.60789],[-73.95757,40.60787],[-73.95755,40.60779],[-73.95754,40.60778],[-73.95754,40.60776],[-73.95754,40.60775],[-73.95753,40.60774],[-73.95753,40.60773],[-73.95753,40.60771],[-73.95753,40.6077],[-73.95752,40.60768],[-73.95752,40.60767],[-73.95752,40.60766],[-73.95751,40.60764],[-73.95751,40.60763],[-73.95751,40.60762],[-73.9575,40.6076],[-73.9575,40.60759],[-73.95593,40.5993],[-73.95516,40.59525],[-73.95432,40.59078],[-73.95411,40.58929],[-73.9541,40.58922],[-73.95409,40.58915],[-73.95408,40.58907],[-73.95407,40.589],[-73.95406,40.58892],[-73.95406,40.58884],[-73.95406,40.58877],[-73.95405,40.58869],[-73.95405,40.58861],[-73.95405,40.58853],[-73.95405,40.58845],[-73.95405,40.58837],[-73.95406,40.58829],[-73.95406,40.58821],[-73.95407,40.58812],[-73.9541,40.58776],[-73.9541,40.58771],[-73.95411,40.58766],[-73.95412,40.58761],[-73.95412,40.58755],[-73.95413,40.5875],[-73.95413,40.58744],[-73.95413,40.58739],[-73.95414,40.58733],[-73.95414,40.58727],[-73.95414,40.58721],[-73.95415,40.58715],[-73.95415,40.58709],[-73.95415,40.58702],[-73.95415,40.58696],[-73.95416,40.5869],[-73.95415,40.58678],[-73.95416,40.58667],[-73.95417,40.58656],[-73.95418,40.58644],[-73.9542,40.58633],[-73.95422,40.58622],[-73.95425,40.5861],[-73.95429,40.58599],[-73.95433,40.58588],[-73.95437,40.58576],[-73.95442,40.58565],[-73.95448,40.58554],[-73.95454,40.58542],[-73.9546,40.58531],[-73.95467,40.5852],[-73.95958,40.57832],[-73.95961,40.57827],[-73.95964,40.57822],[-73.95968,40.57818],[-73.95972,40.57814],[-73.95977,40.5781],[-73.95981,40.57806],[-73.95986,40.57803],[-73.95991,40.578],[-73.95997,40.57797],[-73.96003,40.57794],[-73.96009,40.57792],[-73.96015,40.57789],[-73.96021,40.57787],[-73.96028,40.57785],[-73.96035,40.57784],[-73.96138,40.57762],[-73.96706,40.57642],[-73.96715,40.5764],[-73.96725,40.57639],[-73.96734,40.57637],[-73.96744,40.57636],[-73.96754,40.57635],[-73.96763,40.57634],[-73.96773,40.57633],[-73.96782,40.57632],[-73.96792,40.57632],[-73.96802,40.57631],[-73.96811,40.57631],[-73.96821,40.57631],[-73.96831,40.57631],[-73.9684,40.57631],[-73.9685,40.57631],[-73.96851,40.57631],[-73.96852,40.57631],[-73.96854,40.57631],[-73.96855,40.57631],[-73.96856,40.57631],[-73.96858,40.57631],[-73.96859,40.57632],[-73.9686,40.57632],[-73.96861,40.57632],[-73.96863,40.57632],[-73.96864,40.57632],[-73.96865,40.57632],[-73.96867,40.57632],[-73.96868,40.57632],[-73.96869,40.57632],[-73.97314,40.57673],[-73.97323,40.57674],[-73.97332,40.57674],[-73.97341,40.57674],[-73.9735,40.57674],[-73.97358,40.57674],[-73.97367,40.57674],[-73.97375,40.57673],[-73.97384,40.57673],[-73.97392,40.57672],[-73.974,40.5767],[-73.97408,40.57669],[-73.97416,40.57668],[-73.97424,40.57666],[-73.97431,40.57664],[-73.97439,40.57662],[-73.97498,40.57643],[-73.97594,40.57613],[-73.97662,40.57591],[-73.97672,40.57588],[-73.97682,40.57586],[-73.97692,40.57584],[-73.97701,40.57582],[-73.97711,40.5758],[-73.97721,40.57579],[-73.97731,40.57577],[-73.97741,40.57576],[-73.97751,40.57576],[-73.9776,40.57575],[-73.9777,40.57575],[-73.9778,40.57575],[-73.9779,40.57576],[-73.97799,40.57576],[-73.97809,40.57577],[-73.98009,40.57604],[-73.98021,40.57606],[-73.98032,40.57608],[-73.98042,40.57611],[-73.98052,40.57613],[-73.98061,40.57617],[-73.98069,40.5762],[-73.98076,40.57623],[-73.98083,40.57628],[-73.98089,40.57632],[-73.98094,40.57636],[-73.98098,40.57641],[-73.98102,40.57646],[-73.98105,40.57652],[-73.98107,40.57657],[-73.98108,40.57664],[-73.98123,40.57742]]}},{"type":"Feature","properties":{"route":"Q","color":"#F6BC26"},"geometry":{"type":"LineString","coordinates":[[-73.98123,40.57742],[-73.98108,40.57664],[-73.98107,40.57657],[-73.98105,40.57652],[-73.98102,40.57646],[-73.98098,40.57641],[-73.98094,40.57636],[-73.98089,40.57632],[-73.98083,40.57628],[-73.98076,40.57623],[-73.98069,40.5762],[-73.98061,40.57617],[-73.98052,40.57613],[-73.98042,40.57611],[-73.98032,40.57608],[-73.98021,40.57606],[-73.98009,40.57604],[-73.97809,40.57577],[-73.97799,40.57576],[-73.9779,40.57576],[-73.9778,40.57575],[-73.9777,40.57575],[-73.9776,40.57575],[-73.97751,40.57576],[-73.97741,40.57576],[-73.97731,40.57577],[-73.97721,40.57579],[-73.97711,40.5758],[-73.97701,40.57582],[-73.97692,40.57584],[-73.97682,40.57586],[-73.97672,40.57588],[-73.97662,40.57591],[-73.97594,40.57613],[-73.97498,40.57643],[-73.97439,40.57662],[-73.97431,40.57664],[-73.97424,40.57666],[-73.97416,40.57668],[-73.97408,40.57669],[-73.974,40.5767],[-73.97392,40.57672],[-73.97384,40.57673],[-73.97375,40.57673],[-73.97367,40.57674],[-73.97358,40.57674],[-73.9735,40.57674],[-73.97341,40.57674],[-73.97332,40.57674],[-73.97323,40.57674],[-73.97314,40.57673],[-73.96869,40.57632],[-73.96868,40.57632],[-73.96867,40.57632],[-73.96865,40.57632],[-73.96864,40.57632],[-73.96863,40.57632],[-73.96861,40.57632],[-73.9686,40.57632],[-73.96859,40.57632],[-73.96858,40.57631],[-73.96856,40.57631],[-73.96855,40.57631],[-73.96854,40.57631],[-73.96852,40.57631],[-73.96851,40.57631],[-73.9685,40.57631],[-73.9684,40.57631],[-73.96831,40.57631],[-73.96821,40.57631],[-73.96811,40.57631],[-73.96802,40.57631],[-73.96792,40.57632],[-73.96782,40.57632],[-73.96773,40.57633],[-73.96763,40.57634],[-73.96754,40.57635],[-73.96744,40.57636],[-73.96734,40.57637],[-73.96725,40.57639],[-73.96715,40.5764],[-73.96706,40.57642],[-73.96138,40.57762],[-73.96035,40.57784],[-73.96028,40.57785],[-73.96021,40.57787],[-73.96015,40.57789],[-73.96009,40.57792],[-73.96003,40.57794],[-73.95997,40.57797],[-73.95991,40.578],[-73.95986,40.57803],[-73.95981,40.57806],[-73.95977,40.5781],[-73.95972,40.57814],[-73.95968,40.57818],[-73.95964,40.57822],[-73.95961,40.57827],[-73.95958,40.57832],[-73.95467,40.5852],[-73.9546,40.58531],[-73.95454,40.58542],[-73.95448,40.58554],[-73.95442,40.58565],[-73.95437,40.58576],[-73.95433,40.58588],[-73.95429,40.58599],[-73.95425,40.5861],[-73.95422,40.58622],[-73.9542,40.58633],[-73.95418,40.58644],[-73.95417,40.58656],[-73.95416,40.58667],[-73.95415,40.58678],[-73.95416,40.5869],[-73.95415,40.58696],[-73.95415,40.58702],[-73.95415,40.58709],[-73.95415,40.58715],[-73.95414,40.58721],[-73.95414,40.58727],[-73.95414,40.58733],[-73.95413,40.58739],[-73.95413,40.58744],[-73.95413,40.5875],[-73.95412,40.58755],[-73.95412,40.58761],[-73.95411,40.58766],[-73.9541,40.58771],[-73.9541,40.58776],[-73.95407,40.58812],[-73.95406,40.58821],[-73.95406,40.58829],[-73.95405,40.58837],[-73.95405,40.58845],[-73.95405,40.58853],[-73.95405,40.58861],[-73.95405,40.58869],[-73.95406,40.58877],[-73.95406,40.58884],[-73.95406,40.58892],[-73.95407,40.589],[-73.95408,40.58907],[-73.95409,40.58915],[-73.9541,40.58922],[-73.95411,40.58929],[-73.95432,40.59078],[-73.95516,40.59525],[-73.95593,40.5993],[-73.9575,40.60759],[-73.9575,40.6076],[-73.95751,40.60762],[-73.95751,40.60763],[-73.95751,40.60764],[-73.95752,40.60766],[-73.95752,40.60767],[-73.95752,40.60768],[-73.95753,40.6077],[-73.95753,40.60771],[-73.95753,40.60773],[-73.95753,40.60774],[-73.95754,40.60775],[-73.95754,40.60776],[-73.95754,40.60778],[-73.95755,40.60779],[-73.95757,40.60787],[-73.95758,40.60789],[-73.95758,40.6079],[-73.95759,40.60792],[-73.95759,40.60794],[-73.9576,40.60796],[-73.9576,40.60798],[-73.95761,40.608],[-73.95761,40.60802],[-73.95762,40.60804],[-73.95762,40.60806],[-73.95762,40.60807],[-73.95763,40.6081],[-73.95763,40.60812],[-73.95764,40.60814],[-73.95764,40.60816],[-73.95773,40.60867],[-73.95789,40.60948],[-73.95789,40.6095],[-73.95789,40.60951],[-73.9579,40.60953],[-73.9579,40.60955],[-73.9579,40.60956],[-73.9579,40.60958],[-73.95791,40.6096],[-73.95791,40.60962],[-73.95791,40.60964],[-73.95791,40.60965],[-73.95791,40.60967],[-73.95792,40.60969],[-73.95792,40.60971],[-73.95792,40.60973],[-73.95792,40.60975],[-73.95794,40.60988],[-73.95794,40.60989],[-73.95794,40.60991],[-73.95795,40.60993],[-73.95795,40.60995],[-73.95795,40.60997],[-73.95795,40.60998],[-73.95796,40.61],[-73.95796,40.61002],[-73.95796,40.61004],[-73.95797,40.61006],[-73.95797,40.61008],[-73.95797,40.6101],[-73.95798,40.61013],[-73.95798,40.61015],[-73.95799,40.61017],[-73.9594,40.61762],[-73.9608,40.62504],[-73.96141,40.62823],[-73.96142,40.62829],[-73.96143,40.62835],[-73.96144,40.62841],[-73.96146,40.62847],[-73.96147,40.62853],[-73.96148,40.6286],[-73.9615,40.62867],[-73.96151,40.62874],[-73.96153,40.62881],[-73.96155,40.62888],[-73.96156,40.62895],[-73.96158,40.62903],[-73.9616,40.62911],[-73.96162,40.62919],[-73.96164,40.62927],[-73.96183,40.63005],[-73.96184,40.63009],[-73.96185,40.63013],[-73.96186,40.63017],[-73.96187,40.63021],[-73.96188,40.63026],[-73.96189,40.6303],[-73.9619,40.63034],[-73.96191,40.63039],[-73.96192,40.63044],[-73.96193,40.63048],[-73.96194,40.63053],[-73.96195,40.63058],[-73.96196,40.63063],[-73.96196,40.63069],[-73.96197,40.63074],[-73.96279,40.63508],[-73.96389,40.64093],[-73.96449,40.64403],[-73.96451,40.64416],[-73.96453,40.64428],[-73.96454,40.64441],[-73.96455,40.64453],[-73.96456,40.64465],[-73.96456,40.64478],[-73.96456,40.6449],[-73.96456,40.64502],[-73.96455,40.64514],[-73.96454,40.64527],[-73.96452,40.64539],[-73.9645,40.64551],[-73.96448,40.64563],[-73.96445,40.64575],[-73.96442,40.64587],[-73.96298,40.65053],[-73.96291,40.65077],[-73.96284,40.65101],[-73.96277,40.65124],[-73.9627,40.65148],[-73.96263,40.65171],[-73.96256,40.65194],[-73.96249,40.65216],[-73.96242,40.65239],[-73.96235,40.65261],[-73.96228,40.65283],[-73.96221,40.65305],[-73.96214,40.65326],[-73.96207,40.65347],[-73.96201,40.65368],[-73.96194,40.65389],[-73.96149,40.65529],[-73.96147,40.65541],[-73.96144,40.65552],[-73.96143,40.65563],[-73.96141,40.65574],[-73.96139,40.65585],[-73.96138,40.65596],[-73.96137,40.65607],[-73.96137,40.65617],[-73.96137,40.65628],[-73.96137,40.65639],[-73.96137,40.65649],[-73.96137,40.65659],[-73.96138,40.6567],[-73.96139,40.6568],[-73.96141,40.6569],[-73.96194,40.66014],[-73.96194,40.66016],[-73.96195,40.66019],[-73.96195,40.66021],[-73.96196,40.66024],[-73.96196,40.66026],[-73.96197,40.66029],[-73.96197,40.66031],[-73.96198,40.66034],[-73.96198,40.66037],[-73.96199,40.6604],[-73.962,40.66042],[-73.962,40.66045],[-73.96201,40.66048],[-73.96202,40.66051],[-73.96203,40.66054],[-73.96211,40.66083],[-73.96211,40.66084],[-73.96211,40.66085],[-73.96212,40.66086],[-73.96212,40.66087],[-73.96212,40.66089],[-73.96213,40.6609],[-73.96213,40.66091],[-73.96213,40.66092],[-73.96214,40.66094],[-73.96214,40.66095],[-73.96214,40.66096],[-73.96214,40.66097],[-73.96215,40.66098],[-73.96215,40.661],[-73.96215,40.66101],[-73.96225,40.66161],[-73.96239,40.66255],[-73.96241,40.66264],[-73.96243,40.66273],[-73.96245,40.66282],[-73.96247,40.66291],[-73.9625,40.663],[-73.96253,40.66309],[-73.96257,40.66318],[-73.9626,40.66327],[-73.96264,40.66336],[-73.96268,40.66345],[-73.96272,40.66353],[-73.96277,40.66362],[-73.96282,40.66371],[-73.96287,40.66379],[-73.96293,40.66388],[-73.97237,40.67705],[-73.9764,40.68261],[-73.97643,40.68266],[-73.97646,40.68272],[-73.97649,40.68277],[-73.97652,40.68282],[-73.97654,40.68288],[-73.97657,40.68293],[-73.97659,40.68299],[-73.97661,40.68304],[-73.97663,40.6831],[-73.97665,40.68315],[-73.97666,40.68321],[-73.97668,40.68326],[-73.97669,40.68332],[-73.9767,40.68338],[-73.97671,40.68343],[-73.97689,40.68446],[-73.97742,40.68718],[-73.97742,40.68723],[-73.97744,40.68727],[-73.97745,40.68732],[-73.97747,40.68736],[-73.9775,40.6874],[-73.97752,40.68744],[-73.97755,40.68747],[-73.97759,40.68751],[-73.97762,40.68754],[-73.97767,40.68757],[-73.97771,40.6876],[-73.97776,40.68763],[-73.97781,40.68766],[-73.97787,40.68768],[-73.97793,40.6877],[-73.9788,40.68807],[-73.98047,40.68873],[-73.98055,40.68876],[-73.98061,40.68879],[-73.98068,40.68883],[-73.98074,40.68886],[-73.9808,40.6889],[-73.98085,40.68894],[-73.98091,40.68899],[-73.98095,40.68903],[-73.981,40.68908],[-73.98104,40.68913],[-73.98108,40.68918],[-73.98112,40.68923],[-73.98115,40.68929],[-73.98118,40.68935],[-73.98121,40.68941],[-73.98182,40.69064],[-73.9823,40.69156],[-73.98343,40.69383],[-73.98413,40.69508],[-73.98548,40.69777],[-73.99501,40.71488],[-73.99503,40.71493],[-73.99506,40.71497],[-73.99509,40.71502],[-73.99511,40.71506],[-73.99514,40.71511],[-73.99517,40.71515],[-73.9952,40.7152],[-73.99523,40.71524],[-73.99527,40.71529],[-73.9953,40.71533],[-73.99534,40.71537],[-73.99538,40.71541],[-73.99541,40.71546],[-73.99545,40.7155],[-73.9955,40.71554],[-73.99596,40.71601],[-73.996,40.71605],[-73.99603,40.71608],[-73.99607,40.71612],[-73.99611,40.71615],[-73.99615,40.71618],[-73.99619,40.71621],[-73.99624,40.71624],[-73.99629,40.71627],[-73.99634,40.7163],[-73.99639,40.71632],[-73.99644,40.71635],[-73.9965,40.71637],[-73.99656,40.7164],[-73.99661,40.71642],[-73.99668,40.71644],[-73.99818,40.71696],[-73.99825,40.71698],[-73.99832,40.71701],[-73.99839,40.71703],[-73.99846,40.71706],[-73.99853,40.71709],[-73.99859,40.71712],[-73.99866,40.71715],[-73.99872,40.71718],[-73.99879,40.71722],[-73.99885,40.71725],[-73.99891,40.71728],[-73.99897,40.71732],[-73.99903,40.71736],[-73.99909,40.71739],[-73.99915,40.71743],[-74.00046,40.71838],[-74.00133,40.719],[-74.00139,40.71905],[-74.00145,40.71911],[-74.0015,40.71916],[-74.00154,40.71922],[-74.00158,40.71928],[-74.0016,40.71933],[-74.00162,40.71939],[-74.00162,40.71946],[-74.00162,40.71952],[-74.00161,40.71958],[-74.00159,40.71965],[-74.00156,40.71972],[-74.00153,40.71979],[-74.00148,40.71986],[-74.00143,40.71993],[-73.9977,40.72433],[-73.99263,40.73033],[-73.99168,40.73145],[-73.99165,40.73148],[-73.99162,40.73153],[-73.99159,40.73157],[-73.99156,40.73161],[-73.99153,40.73165],[-73.99151,40.73169],[-73.99148,40.73174],[-73.99146,40.73178],[-73.99144,40.73182],[-73.99142,40.73187],[-73.99141,40.73191],[-73.99139,40.73195],[-73.99138,40.732],[-73.99137,40.73204],[-73.99136,40.73209],[-73.99057,40.73574],[-73.99021,40.73743],[-73.99019,40.73748],[-73.99019,40.73752],[-73.99018,40.73756],[-73.99017,40.73761],[-73.99016,40.73765],[-73.99014,40.7377],[-73.99013,40.73774],[-73.99012,40.73779],[-73.99011,40.73784],[-73.9901,40.73789],[-73.99009,40.73794],[-73.99008,40.73799],[-73.99006,40.73804],[-73.99005,40.73808],[-73.99004,40.73814],[-73.9896,40.73979],[-73.98959,40.73984],[-73.98958,40.73989],[-73.98957,40.73994],[-73.98955,40.74],[-73.98954,40.74005],[-73.98953,40.74009],[-73.98952,40.74014],[-73.98951,40.74019],[-73.9895,40.74024],[-73.98949,40.74029],[-73.98949,40.74034],[-73.98948,40.74039],[-73.98947,40.74044],[-73.98946,40.74049],[-73.98946,40.74054],[-73.98934,40.7413],[-73.98919,40.74264],[-73.98919,40.7427],[-73.98918,40.74276],[-73.98917,40.74281],[-73.98917,40.74287],[-73.98916,40.74292],[-73.98915,40.74297],[-73.98915,40.74303],[-73.98914,40.74307],[-73.98913,40.74312],[-73.98912,40.74317],[-73.98912,40.74322],[-73.98911,40.74327],[-73.9891,40.74331],[-73.98909,40.74336],[-73.98908,40.7434],[-73.98869,40.74549],[-73.98795,40.74957],[-73.98757,40.75182],[-73.98756,40.75189],[-73.98754,40.75197],[-73.98753,40.75205],[-73.98751,40.75213],[-73.98749,40.7522],[-73.98748,40.75228],[-73.98746,40.75236],[-73.98744,40.75244],[-73.98742,40.75252],[-73.9874,40.75259],[-73.98738,40.75267],[-73.98735,40.75275],[-73.98733,40.75283],[-73.98731,40.7529],[-73.98728,40.75298],[-73.98675,40.75467],[-73.9862,40.75643],[-73.98615,40.75657],[-73.98611,40.7567],[-73.98606,40.75684],[-73.986,40.75697],[-73.98595,40.7571],[-73.98589,40.75723],[-73.98583,40.75735],[-73.98578,40.75748],[-73.98571,40.7576],[-73.98565,40.75772],[-73.98558,40.75784],[-73.98551,40.75795],[-73.98544,40.75806],[-73.98537,40.75817],[-73.9853,40.75828],[-73.98414,40.7599],[-73.98066,40.76466],[-73.9795,40.76625],[-73.97818,40.76805],[-73.97799,40.76827],[-73.9778,40.76848],[-73.97759,40.76865],[-73.97737,40.76879],[-73.97715,40.76891],[-73.97691,40.769],[-73.97666,40.76906],[-73.9764,40.7691],[-73.97613,40.7691],[-73.97585,40.76908],[-73.97555,40.76903],[-73.97525,40.76895],[-73.97493,40.76884],[-73.97461,40.76871],[-73.97427,40.76855],[-73.97215,40.76727],[-73.9721,40.76724],[-73.97205,40.76721],[-73.97201,40.76718],[-73.97196,40.76715],[-73.97191,40.76712],[-73.97185,40.76709],[-73.9718,40.76706],[-73.97175,40.76703],[-73.97169,40.767],[-73.97163,40.76697],[-73.97158,40.76694],[-73.97152,40.76691],[-73.97146,40.76689],[-73.97139,40.76686],[-73.97133,40.76683],[-73.96611,40.76463],[-73.96456,40.76397],[-73.9643,40.76389],[-73.96405,40.76382],[-73.96381,40.76377],[-73.96357,40.76374],[-73.96335,40.76373],[-73.96312,40.76374],[-73.96291,40.76376],[-73.9627,40.76381],[-73.9625,40.76387],[-73.9623,40.76395],[-73.96211,40.76405],[-73.96193,40.76416],[-73.96175,40.7643],[-73.96159,40.76445],[-73.96142,40.76462],[-73.95888,40.76809],[-73.95222,40.77721],[-73.94766,40.78347]]}},{"type":"Feature","properties":{"route":"3","color":"#D82233"},"geometry":{"type":"LineString","coordinates":[[-73.88408,40.66624],[-73.88939,40.66545],[-73.8949,40.66463],[-73.90245,40.66351],[-73.90895,40.66255],[-73.91633,40.66145],[-73.91763,40.66126],[-73.91804,40.6612],[-73.91824,40.6612],[-73.91844,40.66122],[-73.91861,40.66127],[-73.91879,40.66134],[-73.91896,40.66145],[-73.91909,40.66157],[-73.92261,40.66472],[-73.92418,40.66612],[-73.92424,40.66618],[-73.92429,40.66625],[-73.92436,40.66633],[-73.92441,40.66642],[-73.9245,40.66661],[-73.92481,40.66733],[-73.92486,40.66745],[-73.92491,40.66755],[-73.92497,40.66765],[-73.92504,40.66774],[-73.92516,40.66788],[-73.92536,40.66809],[-73.92549,40.66821],[-73.92555,40.66827],[-73.92562,40.66833],[-73.92571,40.66837],[-73.9258,40.66842],[-73.92599,40.66847],[-73.92617,40.66851],[-73.92637,40.66854],[-73.92659,40.66855],[-73.93294,40.6689],[-73.94216,40.6694],[-73.95047,40.66985],[-73.95171,40.66992],[-73.95471,40.67008],[-73.95498,40.6701],[-73.95526,40.67012],[-73.95554,40.67016],[-73.95582,40.67021],[-73.95813,40.67068],[-73.96438,40.67199],[-73.96846,40.67292],[-73.96863,40.67296],[-73.96878,40.673],[-73.96895,40.67306],[-73.96909,40.67312],[-73.96926,40.67321],[-73.9694,40.6733],[-73.96955,40.67341],[-73.96969,40.67355],[-73.96981,40.67368],[-73.97105,40.67524],[-73.9751,40.68083],[-73.97767,40.68436],[-73.97871,40.68578],[-73.98049,40.68825],[-73.98065,40.68847],[-73.9807,40.68853],[-73.98074,40.68859],[-73.98078,40.68865],[-73.98083,40.6887],[-73.98088,40.68876],[-73.98094,40.68881],[-73.981,40.68886],[-73.98107,40.6889],[-73.98113,40.68894],[-73.98121,40.68899],[-73.98128,40.68903],[-73.98136,40.68906],[-73.98144,40.6891],[-73.98153,40.68913],[-73.98162,40.68916],[-73.98507,40.69055],[-73.98919,40.69219],[-73.98923,40.69222],[-73.98928,40.69225],[-73.98932,40.69227],[-73.98937,40.6923],[-73.98941,40.69233],[-73.98945,40.69236],[-73.98949,40.69239],[-73.98952,40.69243],[-73.98956,40.69246],[-73.98959,40.6925],[-73.98962,40.69253],[-73.98965,40.69257],[-73.98968,40.69262],[-73.98971,40.69266],[-73.98973,40.6927],[-73.99,40.69322],[-73.99034,40.69391],[-73.99036,40.69394],[-73.99037,40.69398],[-73.99039,40.69401],[-73.99041,40.69405],[-73.99042,40.69409],[-73.99044,40.69412],[-73.99045,40.69416],[-73.99047,40.6942],[-73.99048,40.69424],[-73.9905,40.69428],[-73.99051,40.69432],[-73.99053,40.69436],[-73.99054,40.69439],[-73.99055,40.69443],[-73.99057,40.69447],[-73.99116,40.69637],[-73.99118,40.69644],[-73.9912,40.69651],[-73.99123,40.69658],[-73.99125,40.69664],[-73.99129,40.69671],[-73.99133,40.69676],[-73.99137,40.69682],[-73.99142,40.69687],[-73.99148,40.69692],[-73.99154,40.69696],[-73.9916,40.69701],[-73.99167,40.69705],[-73.99174,40.69708],[-73.99182,40.69712],[-73.9919,40.69715],[-73.99202,40.69718],[-73.99309,40.69747],[-74.00291,40.70017],[-74.00365,40.70042],[-74.00426,40.70063],[-74.00471,40.70083],[-74.00518,40.70107],[-74.00566,40.70135],[-74.00607,40.7016],[-74.00651,40.70192],[-74.00713,40.70246],[-74.0095,40.70457],[-74.00974,40.70477],[-74.00989,40.70497],[-74.00996,40.70508],[-74.00999,40.70518],[-74.01,40.70528],[-74.00998,40.70538],[-74.00994,40.70557],[-74.00989,40.70573],[-74.0098,40.70592],[-74.00967,40.70614],[-74.00949,40.70638],[-74.0091,40.70682],[-74.00859,40.70738],[-74.00817,40.70781],[-74.00657,40.70942],[-74.00587,40.71015],[-74.00584,40.71019],[-74.0058,40.71025],[-74.00578,40.71032],[-74.00576,40.71038],[-74.00576,40.71044],[-74.00577,40.7105],[-74.0058,40.71056],[-74.00585,40.71062],[-74.00595,40.71073],[-74.00685,40.71158],[-74.00695,40.71169],[-74.00704,40.71179],[-74.00729,40.71214],[-74.00737,40.71224],[-74.00745,40.71234],[-74.00755,40.71243],[-74.00767,40.71252],[-74.00781,40.7126],[-74.00796,40.71266],[-74.00881,40.71305],[-74.01003,40.7136],[-74.0101,40.71363],[-74.01016,40.71366],[-74.01021,40.7137],[-74.01026,40.71374],[-74.01029,40.71378],[-74.01032,40.71382],[-74.01034,40.71386],[-74.01035,40.71391],[-74.01035,40.71396],[-74.01035,40.71401],[-74.01033,40.71407],[-74.01031,40.71412],[-74.01028,40.71418],[-74.01024,40.71424],[-74.01019,40.7143],[-74.0093,40.71544],[-74.00927,40.71548],[-74.00725,40.71803],[-74.00723,40.71806],[-74.00721,40.71809],[-74.00719,40.71813],[-74.00717,40.71816],[-74.00715,40.71819],[-74.00713,40.71823],[-74.00712,40.71826],[-74.0071,40.7183],[-74.00709,40.71833],[-74.00708,40.71837],[-74.00707,40.71841],[-74.00705,40.71845],[-74.00705,40.71848],[-74.00704,40.71852],[-74.00703,40.71856],[-74.00689,40.71932],[-74.00628,40.72285],[-74.00537,40.72825],[-74.00526,40.72893],[-74.00522,40.72917],[-74.0052,40.72928],[-74.00516,40.72941],[-74.00511,40.72953],[-74.00506,40.72964],[-74.00494,40.72988],[-74.00468,40.73032],[-74.00291,40.73342],[-74.00145,40.73597],[-74.00135,40.73616],[-74.00123,40.73636],[-74.00109,40.73658],[-74.00097,40.73676],[-74.0002,40.73783],[-73.99787,40.74104],[-73.99566,40.74408],[-73.99336,40.74721],[-73.99106,40.75037],[-73.98749,40.75529],[-73.98601,40.75734],[-73.98579,40.75764],[-73.98571,40.75776],[-73.98564,40.75788],[-73.98557,40.75801],[-73.98551,40.75816],[-73.98542,40.75838],[-73.98533,40.75863],[-73.98506,40.75941],[-73.98496,40.75971],[-73.98484,40.76002],[-73.98472,40.76028],[-73.98458,40.76059],[-73.98444,40.76082],[-73.98429,40.76104],[-73.98385,40.76173],[-73.98336,40.76249],[-73.98304,40.76298],[-73.98279,40.76341],[-73.98263,40.76371],[-73.98246,40.76403],[-73.98232,40.76439],[-73.98216,40.76482],[-73.98206,40.76512],[-73.98198,40.76546],[-73.98191,40.76581],[-73.98176,40.76681],[-73.9817,40.76717],[-73.98169,40.76732],[-73.98169,40.76744],[-73.9817,40.76756],[-73.98172,40.76768],[-73.98175,40.76778],[-73.98178,40.7679],[-73.98193,40.76825],[-73.98201,40.76845],[-73.98205,40.76858],[-73.98208,40.7687],[-73.98209,40.76879],[-73.9821,40.76922],[-73.98221,40.77344],[-73.98221,40.77417],[-73.98209,40.7775],[-73.98206,40.77787],[-73.98201,40.77821],[-73.98197,40.77845],[-73.98191,40.77882],[-73.98176,40.77943],[-73.98131,40.781],[-73.98092,40.78216],[-73.98085,40.78237],[-73.98075,40.78262],[-73.98066,40.78279],[-73.98057,40.78297],[-73.98047,40.78315],[-73.98037,40.78331],[-73.97992,40.78393],[-73.97766,40.78695],[-73.97711,40.7876],[-73.97622,40.78864],[-73.97594,40.78896],[-73.97232,40.79392],[-73.97226,40.794],[-73.96898,40.79851],[-73.96885,40.79865],[-73.96872,40.79878],[-73.96858,40.7989],[-73.96844,40.799],[-73.96829,40.79908],[-73.96814,40.79915],[-73.96799,40.7992],[-73.96783,40.79924],[-73.96766,40.79927],[-73.96749,40.79928],[-73.96732,40.79927],[-73.96714,40.79925],[-73.96696,40.79921],[-73.96677,40.79916],[-73.96658,40.7991],[-73.96205,40.79718],[-73.96182,40.79709],[-73.96159,40.797],[-73.96139,40.79693],[-73.96119,40.79689],[-73.96098,40.79687],[-73.9608,40.79688],[-73.96057,40.7969],[-73.95674,40.79754],[-73.95368,40.79811],[-73.95331,40.79818],[-73.95301,40.79825],[-73.9527,40.79836],[-73.95247,40.79847],[-73.95232,40.79856],[-73.95217,40.79866],[-73.95201,40.79884],[-73.95182,40.79908],[-73.94962,40.8021],[-73.94549,40.80775],[-73.94077,40.81423],[-73.93775,40.81837],[-73.93624,40.82042],[-73.9357,40.82116],[-73.93569,40.82117],[-73.93568,40.82119],[-73.93567,40.8212],[-73.93565,40.82122],[-73.93564,40.82123],[-73.93563,40.82125],[-73.93562,40.82126],[-73.93561,40.82128],[-73.93559,40.82129],[-73.93558,40.8213],[-73.93557,40.82131],[-73.93556,40.82133],[-73.93555,40.82134],[-73.93553,40.82135],[-73.93552,40.82136],[-73.93524,40.82163],[-73.93523,40.82164],[-73.93521,40.82166],[-73.93519,40.82167],[-73.93518,40.82169],[-73.93516,40.82171],[-73.93515,40.82172],[-73.93514,40.82174],[-73.93512,40.82176],[-73.93511,40.82178],[-73.9351,40.82179],[-73.93509,40.82181],[-73.93508,40.82183],[-73.93507,40.82185],[-73.93506,40.82187],[-73.93505,40.82189],[-73.93481,40.82249],[-73.93477,40.82257],[-73.93475,40.82264],[-73.93473,40.82271],[-73.93471,40.82278],[-73.93471,40.82284],[-73.93471,40.8229],[-73.93473,40.82296],[-73.93475,40.82301],[-73.93478,40.82307],[-73.93481,40.82312],[-73.93486,40.82316],[-73.93491,40.82321],[-73.93497,40.82325],[-73.93504,40.82328],[-73.93512,40.82332],[-73.93647,40.82388]]}},{"type":"Feature","properties":{"route":"3","color":"#D82233"},"geometry":{"type":"LineString","coordinates":[[-73.93647,40.82388],[-73.93512,40.82332],[-73.93504,40.82328],[-73.93497,40.82325],[-73.93491,40.82321],[-73.93486,40.82316],[-73.93481,40.82312],[-73.93478,40.82307],[-73.93475,40.82301],[-73.93473,40.82296],[-73.93471,40.8229],[-73.93471,40.82284],[-73.93471,40.82278],[-73.93473,40.82271],[-73.93475,40.82264],[-73.93477,40.82257],[-73.93481,40.82249],[-73.93505,40.82189],[-73.93506,40.82187],[-73.93507,40.82185],[-73.93508,40.82183],[-73.93509,40.82181],[-73.9351,40.82179],[-73.93511,40.82178],[-73.93512,40.82176],[-73.93514,40.82174],[-73.93515,40.82172],[-73.93516,40.82171],[-73.93518,40.82169],[-73.93519,40.82167],[-73.93521,40.82166],[-73.93523,40.82164],[-73.93524,40.82163],[-73.93552,40.82136],[-73.93553,40.82135],[-73.93555,40.82134],[-73.93556,40.82133],[-73.93557,40.82131],[-73.93558,40.8213],[-73.93559,40.82129],[-73.93561,40.82128],[-73.93562,40.82126],[-73.93563,40.82125],[-73.93564,40.82123],[-73.93565,40.82122],[-73.93567,40.8212],[-73.93568,40.82119],[-73.93569,40.82117],[-73.9357,40.82116],[-73.93624,40.82042],[-73.93775,40.81837],[-73.94077,40.81423],[-73.94549,40.80775],[-73.94962,40.8021],[-73.95182,40.79908],[-73.95201,40.79884],[-73.95217,40.79866],[-73.95232,40.79856],[-73.95247,40.79847],[-73.9527,40.79836],[-73.95301,40.79825],[-73.95331,40.79818],[-73.95368,40.79811],[-73.95674,40.79754],[-73.96057,40.7969],[-73.9608,40.79688],[-73.96098,40.79687],[-73.96119,40.79689],[-73.96139,40.79693],[-73.96159,40.797],[-73.96182,40.79709],[-73.96205,40.79718],[-73.96658,40.7991],[-73.96677,40.79916],[-73.96696,40.79921],[-73.96714,40.79925],[-73.96732,40.79927],[-73.96749,40.79928],[-73.96766,40.79927],[-73.96783,40.79924],[-73.96799,40.7992],[-73.96814,40.79915],[-73.96829,40.79908],[-73.96844,40.799],[-73.96858,40.7989],[-73.96872,40.79878],[-73.96885,40.79865],[-73.96898,40.79851],[-73.97226,40.794],[-73.97232,40.79392],[-73.97594,40.78896],[-73.97622,40.78864],[-73.97711,40.7876],[-73.97766,40.78695],[-73.97992,40.78393],[-73.98037,40.78331],[-73.98047,40.78315],[-73.98057,40.78297],[-73.98066,40.78279],[-73.98075,40.78262],[-73.98085,40.78237],[-73.98092,40.78216],[-73.98131,40.781],[-73.98176,40.77943],[-73.98191,40.77882],[-73.98197,40.77845],[-73.98201,40.77821],[-73.98206,40.77787],[-73.98209,40.7775],[-73.98221,40.77417],[-73.98221,40.77344],[-73.9821,40.76922],[-73.98209,40.76879],[-73.98208,40.7687],[-73.98205,40.76858],[-73.98201,40.76845],[-73.98193,40.76825],[-73.98178,40.7679],[-73.98175,40.76778],[-73.98172,40.76768],[-73.9817,40.76756],[-73.98169,40.76744],[-73.98169,40.76732],[-73.9817,40.76717],[-73.98176,40.76681],[-73.98191,40.76581],[-73.98198,40.76546],[-73.98206,40.76512],[-73.98216,40.76482],[-73.98232,40.76439],[-73.98246,40.76403],[-73.98263,40.76371],[-73.98279,40.76341],[-73.98304,40.76298],[-73.98336,40.76249],[-73.98385,40.76173],[-73.98429,40.76104],[-73.98444,40.76082],[-73.98458,40.76059],[-73.98472,40.76028],[-73.98484,40.76002],[-73.98496,40.75971],[-73.98506,40.75941],[-73.98533,40.75863],[-73.98542,40.75838],[-73.98551,40.75816],[-73.98557,40.75801],[-73.98564,40.75788],[-73.98571,40.75776],[-73.98579,40.75764],[-73.98601,40.75734],[-73.98749,40.75529],[-73.99106,40.75037],[-73.99336,40.74721],[-73.99566,40.74408],[-73.99787,40.74104],[-74.0002,40.73783],[-74.00097,40.73676],[-74.00109,40.73658],[-74.00123,40.73636],[-74.00135,40.73616],[-74.00145,40.73597],[-74.00291,40.73342],[-74.00468,40.73032],[-74.00494,40.72988],[-74.00506,40.72964],[-74.00511,40.72953],[-74.00516,40.72941],[-74.0052,40.72928],[-74.00522,40.72917],[-74.00526,40.72893],[-74.00537,40.72825],[-74.00628,40.72285],[-74.00689,40.71932],[-74.00703,40.71856],[-74.00704,40.71852],[-74.00705,40.71848],[-74.00705,40.71845],[-74.00707,40.71841],[-74.00708,40.71837],[-74.00709,40.71833],[-74.0071,40.7183],[-74.00712,40.71826],[-74.00713,40.71823],[-74.00715,40.71819],[-74.00717,40.71816],[-74.00719,40.71813],[-74.00721,40.71809],[-74.00723,40.71806],[-74.00725,40.71803],[-74.00927,40.71548],[-74.0093,40.71544],[-74.01019,40.7143],[-74.01024,40.71424],[-74.01028,40.71418],[-74.01031,40.71412],[-74.01033,40.71407],[-74.01035,40.71401],[-74.01035,40.71396],[-74.01035,40.71391],[-74.01034,40.71386],[-74.01032,40.71382],[-74.01029,40.71378],[-74.01026,40.71374],[-74.01021,40.7137],[-74.01016,40.71366],[-74.0101,40.71363],[-74.01003,40.7136],[-74.00881,40.71305],[-74.00796,40.71266],[-74.00781,40.7126],[-74.00767,40.71252],[-74.00755,40.71243],[-74.00745,40.71234],[-74.00737,40.71224],[-74.00729,40.71214],[-74.00704,40.71179],[-74.00695,40.71169],[-74.00685,40.71158],[-74.00595,40.71073],[-74.00585,40.71062],[-74.0058,40.71056],[-74.00577,40.7105],[-74.00576,40.71044],[-74.00576,40.71038],[-74.00578,40.71032],[-74.0058,40.71025],[-74.00584,40.71019],[-74.00587,40.71015],[-74.00657,40.70942],[-74.00817,40.70781],[-74.00859,40.70738],[-74.0091,40.70682],[-74.00949,40.70638],[-74.00967,40.70614],[-74.0098,40.70592],[-74.00989,40.70573],[-74.00994,40.70557],[-74.00998,40.70538],[-74.01,40.70528],[-74.00999,40.70518],[-74.00996,40.70508],[-74.00989,40.70497],[-74.00974,40.70477],[-74.0095,40.70457],[-74.00713,40.70246],[-74.00651,40.70192],[-74.00607,40.7016],[-74.00566,40.70135],[-74.00518,40.70107],[-74.00471,40.70083],[-74.00426,40.70063],[-74.00365,40.70042],[-74.00291,40.70017],[-73.99309,40.69747],[-73.99202,40.69718],[-73.9919,40.69715],[-73.99182,40.69712],[-73.99174,40.69708],[-73.99167,40.69705],[-73.9916,40.69701],[-73.99154,40.69696],[-73.99148,40.69692],[-73.99142,40.69687],[-73.99137,40.69682],[-73.99133,40.69676],[-73.99129,40.69671],[-73.99125,40.69664],[-73.99123,40.69658],[-73.9912,40.69651],[-73.99118,40.69644],[-73.99116,40.69637],[-73.99057,40.69447],[-73.99055,40.69443],[-73.99054,40.69439],[-73.99053,40.69436],[-73.99051,40.69432],[-73.9905,40.69428],[-73.99048,40.69424],[-73.99047,40.6942],[-73.99045,40.69416],[-73.99044,40.69412],[-73.99042,40.69409],[-73.99041,40.69405],[-73.99039,40.69401],[-73.99037,40.69398],[-73.99036,40.69394],[-73.99034,40.69391],[-73.99,40.69322],[-73.98973,40.6927],[-73.98971,40.69266],[-73.98968,40.69262],[-73.98965,40.69257],[-73.98962,40.69253],[-73.98959,40.6925],[-73.98956,40.69246],[-73.98952,40.69243],[-73.98949,40.69239],[-73.98945,40.69236],[-73.98941,40.69233],[-73.98937,40.6923],[-73.98932,40.69227],[-73.98928,40.69225],[-73.98923,40.69222],[-73.98919,40.69219],[-73.98507,40.69055],[-73.98162,40.68916],[-73.98153,40.68913],[-73.98144,40.6891],[-73.98136,40.68906],[-73.98128,40.68903],[-73.98121,40.68899],[-73.98113,40.68894],[-73.98107,40.6889],[-73.981,40.68886],[-73.98094,40.68881],[-73.98088,40.68876],[-73.98083,40.6887],[-73.98078,40.68865],[-73.98074,40.68859],[-73.9807,40.68853],[-73.98065,40.68847],[-73.98049,40.68825],[-73.97871,40.68578],[-73.97767,40.68436],[-73.9751,40.68083],[-73.97105,40.67524],[-73.96981,40.67368],[-73.96969,40.67355],[-73.96955,40.67341],[-73.9694,40.6733],[-73.96926,40.67321],[-73.96909,40.67312],[-73.96895,40.67306],[-73.96878,40.673],[-73.96863,40.67296],[-73.96846,40.67292],[-73.96438,40.67199],[-73.95813,40.67068],[-73.95582,40.67021],[-73.95554,40.67016],[-73.95526,40.67012],[-73.95498,40.6701],[-73.95471,40.67008],[-73.95171,40.66992],[-73.95047,40.66985],[-73.94216,40.6694],[-73.93294,40.6689],[-73.92659,40.66855],[-73.92637,40.66854],[-73.92617,40.66851],[-73.92599,40.66847],[-73.9258,40.66842],[-73.92571,40.66837],[-73.92562,40.66833],[-73.92555,40.66827],[-73.92549,40.66821],[-73.92536,40.66809],[-73.92516,40.66788],[-73.92504,40.66774],[-73.92497,40.66765],[-73.92491,40.66755],[-73.92486,40.66745],[-73.92481,40.66733],[-73.9245,40.66661],[-73.92441,40.66642],[-73.92436,40.66633],[-73.92429,40.66625],[-73.92424,40.66618],[-73.92418,40.66612],[-73.92261,40.66472],[-73.91909,40.66157],[-73.91896,40.66145],[-73.91879,40.66134],[-73.91861,40.66127],[-73.91844,40.66122],[-73.91824,40.6612],[-73.91804,40.6612],[-73.91763,40.66126],[-73.91633,40.66145],[-73.90895,40.66255],[-73.90245,40.66351],[-73.8949,40.66463],[-73.88939,40.66545],[-73.88408,40.66624]]}},{"type":"Feature","properties":{"route":"D","color":"#EB6800"},"geometry":{"type":"LineString","coordinates":[[-73.87886,40.87481],[-73.88303,40.8767],[-73.8833,40.8768],[-73.88355,40.87688],[-73.8838,40.87694],[-73.88403,40.87697],[-73.88425,40.87698],[-73.88446,40.87697],[-73.88466,40.87694],[-73.88485,40.87688],[-73.88503,40.8768],[-73.88519,40.8767],[-73.88535,40.87657],[-73.88549,40.87642],[-73.88562,40.87625],[-73.88574,40.87606],[-73.88585,40.87584],[-73.88665,40.87403],[-73.88668,40.87397],[-73.88671,40.87391],[-73.88674,40.87385],[-73.88677,40.8738],[-73.8868,40.87374],[-73.88683,40.87369],[-73.88687,40.87363],[-73.8869,40.87358],[-73.88693,40.87353],[-73.88696,40.87348],[-73.887,40.87343],[-73.88703,40.87338],[-73.88707,40.87333],[-73.8871,40.87329],[-73.88714,40.87324],[-73.88828,40.8718],[-73.88834,40.87173],[-73.88841,40.87167],[-73.88848,40.8716],[-73.88855,40.87154],[-73.88862,40.87147],[-73.88869,40.87141],[-73.88877,40.87135],[-73.88885,40.87129],[-73.88894,40.87123],[-73.88902,40.87118],[-73.88911,40.87112],[-73.88921,40.87106],[-73.8893,40.87101],[-73.8894,40.87095],[-73.88949,40.8709],[-73.8903,40.87041],[-73.89042,40.87034],[-73.89053,40.87027],[-73.89065,40.87019],[-73.89077,40.87011],[-73.89088,40.87002],[-73.891,40.86993],[-73.89111,40.86984],[-73.89122,40.86974],[-73.89134,40.86964],[-73.89145,40.86953],[-73.89156,40.86942],[-73.89167,40.86931],[-73.89178,40.86919],[-73.89189,40.86907],[-73.892,40.86895],[-73.89351,40.86698],[-73.89416,40.8661],[-73.89663,40.86311],[-73.89668,40.86305],[-73.89673,40.86299],[-73.89678,40.86292],[-73.89683,40.86286],[-73.89687,40.86279],[-73.89692,40.86273],[-73.89697,40.86266],[-73.89702,40.86259],[-73.89706,40.86252],[-73.89711,40.86245],[-73.89716,40.86238],[-73.8972,40.8623],[-73.89725,40.86223],[-73.89729,40.86215],[-73.89734,40.86207],[-73.89775,40.8613],[-73.89852,40.85987],[-73.89856,40.85981],[-73.89859,40.85974],[-73.89862,40.85968],[-73.89866,40.85961],[-73.8987,40.85954],[-73.89873,40.85948],[-73.89877,40.85941],[-73.8988,40.85935],[-73.89884,40.85928],[-73.89888,40.85921],[-73.89892,40.85915],[-73.89896,40.85908],[-73.899,40.85901],[-73.89904,40.85895],[-73.89908,40.85888],[-73.90074,40.85609],[-73.90079,40.85602],[-73.90084,40.85594],[-73.90089,40.85586],[-73.90094,40.85579],[-73.90099,40.85571],[-73.90104,40.85564],[-73.9011,40.85556],[-73.90115,40.85549],[-73.9012,40.85542],[-73.90126,40.85534],[-73.90131,40.85527],[-73.90136,40.8552],[-73.90142,40.85513],[-73.90148,40.85506],[-73.90153,40.855],[-73.90523,40.85041],[-73.90631,40.84906],[-73.90642,40.84893],[-73.90653,40.84879],[-73.90666,40.84866],[-73.90679,40.84852],[-73.90693,40.84838],[-73.90707,40.84824],[-73.90723,40.84809],[-73.90739,40.84795],[-73.90756,40.8478],[-73.90774,40.84765],[-73.90793,40.8475],[-73.90812,40.84734],[-73.90832,40.84719],[-73.90854,40.84703],[-73.90875,40.84687],[-73.91014,40.8459],[-73.91027,40.8458],[-73.9104,40.84569],[-73.91053,40.84559],[-73.91065,40.84548],[-73.91076,40.84537],[-73.91088,40.84525],[-73.91098,40.84513],[-73.91108,40.84501],[-73.91118,40.84488],[-73.91127,40.84475],[-73.91135,40.84462],[-73.91143,40.84448],[-73.91151,40.84434],[-73.91157,40.8442],[-73.91164,40.84405],[-73.91285,40.84047],[-73.91289,40.84038],[-73.91292,40.84029],[-73.91296,40.8402],[-73.913,40.84011],[-73.91303,40.84003],[-73.91307,40.83995],[-73.91311,40.83987],[-73.91314,40.83979],[-73.91318,40.83972],[-73.91322,40.83964],[-73.91325,40.83957],[-73.91329,40.8395],[-73.91333,40.83944],[-73.91336,40.83937],[-73.9134,40.83931],[-73.91346,40.8392],[-73.91352,40.8391],[-73.91359,40.83899],[-73.91366,40.83889],[-73.91373,40.83878],[-73.9138,40.83867],[-73.91388,40.83857],[-73.91396,40.83846],[-73.91404,40.83835],[-73.91413,40.83824],[-73.91422,40.83813],[-73.91431,40.83802],[-73.91441,40.83791],[-73.9145,40.8378],[-73.9146,40.83769],[-73.91844,40.83377],[-73.91859,40.8336],[-73.91874,40.83344],[-73.9189,40.83326],[-73.91904,40.83308],[-73.91919,40.8329],[-73.91933,40.83272],[-73.91948,40.83252],[-73.91961,40.83233],[-73.91975,40.83212],[-73.91989,40.83192],[-73.92002,40.83171],[-73.92015,40.83149],[-73.92028,40.83127],[-73.9204,40.83104],[-73.92052,40.83081],[-73.92161,40.82852],[-73.92171,40.8283],[-73.92182,40.82811],[-73.92195,40.82793],[-73.92209,40.82778],[-73.92225,40.82765],[-73.92242,40.82754],[-73.9226,40.82746],[-73.9228,40.8274],[-73.92302,40.82736],[-73.92324,40.82734],[-73.92349,40.82735],[-73.92374,40.82738],[-73.92401,40.82743],[-73.9243,40.8275],[-73.9246,40.8276],[-73.92565,40.82791],[-73.92578,40.82794],[-73.92591,40.82798],[-73.92604,40.82802],[-73.92617,40.82807],[-73.92629,40.82811],[-73.92642,40.82815],[-73.92654,40.8282],[-73.92666,40.82825],[-73.92678,40.82829],[-73.9269,40.82834],[-73.92702,40.82839],[-73.92714,40.82844],[-73.92725,40.82849],[-73.92737,40.82854],[-73.92748,40.8286],[-73.92905,40.82951],[-73.92916,40.82957],[-73.92926,40.82962],[-73.92937,40.82966],[-73.92949,40.82971],[-73.92961,40.82975],[-73.92974,40.82979],[-73.92987,40.82982],[-73.93,40.82985],[-73.93014,40.82988],[-73.93028,40.8299],[-73.93043,40.82993],[-73.93059,40.82995],[-73.93074,40.82996],[-73.9309,40.82997],[-73.93107,40.82999],[-73.93666,40.83009],[-73.93821,40.83013],[-73.93827,40.83013],[-73.93833,40.83013],[-73.9384,40.83013],[-73.93846,40.83013],[-73.93852,40.83013],[-73.93859,40.83013],[-73.93865,40.83013],[-73.93871,40.83013],[-73.93878,40.83013],[-73.93884,40.83012],[-73.9389,40.83012],[-73.93896,40.83012],[-73.93903,40.83011],[-73.93909,40.83011],[-73.93916,40.83011],[-73.93933,40.83009],[-73.93949,40.83007],[-73.93965,40.83004],[-73.9398,40.83001],[-73.93994,40.82997],[-73.94008,40.82992],[-73.94021,40.82987],[-73.94034,40.82982],[-73.94046,40.82975],[-73.94057,40.82968],[-73.94067,40.82961],[-73.94077,40.82953],[-73.94087,40.82945],[-73.94095,40.82936],[-73.94103,40.82926],[-73.94229,40.82732],[-73.9423,40.8273],[-73.94231,40.82728],[-73.94232,40.82727],[-73.94233,40.82725],[-73.94235,40.82723],[-73.94236,40.82721],[-73.94237,40.8272],[-73.94238,40.82718],[-73.9424,40.82716],[-73.94241,40.82714],[-73.94242,40.82713],[-73.94244,40.82711],[-73.94245,40.82709],[-73.94247,40.82707],[-73.94249,40.82705],[-73.9434,40.8259],[-73.94415,40.82488],[-73.94422,40.82478],[-73.94459,40.82426],[-73.94462,40.82423],[-73.94464,40.8242],[-73.94467,40.82416],[-73.94469,40.82413],[-73.94472,40.82409],[-73.94474,40.82406],[-73.94477,40.82402],[-73.94479,40.82398],[-73.94481,40.82394],[-73.94484,40.8239],[-73.94486,40.82386],[-73.94488,40.82382],[-73.9449,40.82378],[-73.94493,40.82374],[-73.94495,40.8237],[-73.94765,40.81789],[-73.94886,40.8153],[-73.94888,40.81525],[-73.94889,40.81521],[-73.94891,40.81517],[-73.94894,40.81513],[-73.94896,40.81509],[-73.94898,40.81505],[-73.949,40.81501],[-73.94902,40.81497],[-73.94905,40.81493],[-73.94907,40.81489],[-73.94909,40.81485],[-73.94912,40.81482],[-73.94915,40.81478],[-73.94917,40.81474],[-73.9492,40.8147],[-73.95011,40.81346],[-73.95014,40.81342],[-73.95017,40.81338],[-73.9502,40.81334],[-73.95023,40.8133],[-73.95027,40.81326],[-73.9503,40.81322],[-73.95033,40.81318],[-73.95036,40.81314],[-73.9504,40.81311],[-73.95043,40.81307],[-73.95046,40.81304],[-73.9505,40.813],[-73.95053,40.81297],[-73.95057,40.81294],[-73.9506,40.81291],[-73.95159,40.81192],[-73.95164,40.81187],[-73.9517,40.81182],[-73.95176,40.81177],[-73.95181,40.81171],[-73.95186,40.81166],[-73.95192,40.81161],[-73.95197,40.81155],[-73.95202,40.8115],[-73.95207,40.81144],[-73.95212,40.81139],[-73.95216,40.81133],[-73.95221,40.81128],[-73.95226,40.81122],[-73.9523,40.81117],[-73.95234,40.81111],[-73.95284,40.81042],[-73.95287,40.81038],[-73.9529,40.81033],[-73.95292,40.81029],[-73.95294,40.81024],[-73.95296,40.81019],[-73.95298,40.81014],[-73.953,40.81009],[-73.95301,40.81003],[-73.95302,40.80998],[-73.95302,40.80993],[-73.95303,40.80987],[-73.95303,40.80982],[-73.95303,40.80976],[-73.95303,40.8097],[-73.95303,40.80964],[-73.95294,40.80824],[-73.95294,40.80818],[-73.95294,40.80811],[-73.95294,40.80804],[-73.95295,40.80797],[-73.95296,40.80791],[-73.95298,40.80784],[-73.953,40.80778],[-73.95302,40.80771],[-73.95305,40.80765],[-73.95307,40.80758],[-73.95311,40.80752],[-73.95315,40.80745],[-73.95319,40.80739],[-73.95324,40.80733],[-73.95329,40.80727],[-73.95488,40.80508],[-73.95816,40.8006],[-73.96145,40.79609],[-73.9647,40.79164],[-73.96892,40.78587],[-73.97214,40.78143],[-73.97641,40.77559],[-73.98174,40.7683],[-73.98414,40.76499],[-73.98419,40.76488],[-73.98423,40.76478],[-73.98426,40.76468],[-73.98428,40.76459],[-73.98429,40.7645],[-73.98428,40.76441],[-73.98427,40.76432],[-73.98424,40.76424],[-73.98419,40.76416],[-73.98414,40.76408],[-73.98408,40.764],[-73.984,40.76393],[-73.98391,40.76386],[-73.98381,40.76379],[-73.9837,40.76373],[-73.98166,40.76287],[-73.98164,40.76286],[-73.98021,40.76226],[-73.98007,40.76219],[-73.97995,40.76212],[-73.97984,40.76205],[-73.97975,40.76197],[-73.97967,40.76189],[-73.97961,40.76181],[-73.97956,40.76172],[-73.97952,40.76163],[-73.97951,40.76153],[-73.9795,40.76143],[-73.97951,40.76133],[-73.97954,40.76123],[-73.97958,40.76112],[-73.97963,40.76101],[-73.9797,40.76089],[-73.98133,40.75866],[-73.98457,40.75422],[-73.98782,40.74972],[-73.99282,40.74288],[-73.99621,40.73823],[-73.99978,40.73332],[-74.00048,40.73236],[-74.0005,40.73234],[-74.00051,40.73231],[-74.00131,40.73122],[-74.00133,40.73119],[-74.00135,40.73116],[-74.00137,40.73113],[-74.00138,40.73111],[-74.0014,40.73108],[-74.00142,40.73105],[-74.00144,40.73103],[-74.00145,40.731],[-74.00147,40.73098],[-74.00148,40.73095],[-74.0015,40.73092],[-74.00151,40.7309],[-74.00153,40.73087],[-74.00154,40.73085],[-74.00155,40.73082],[-74.0024,40.72928],[-74.00245,40.72915],[-74.00249,40.72903],[-74.00252,40.72892],[-74.00253,40.72881],[-74.00253,40.7287],[-74.00253,40.7286],[-74.00251,40.7285],[-74.00247,40.72841],[-74.00243,40.72833],[-74.00237,40.72825],[-74.0023,40.72817],[-74.00222,40.7281],[-74.00213,40.72803],[-74.00202,40.72797],[-74.0019,40.72791],[-73.99811,40.72605],[-73.99803,40.726],[-73.99794,40.72596],[-73.99785,40.72592],[-73.99776,40.72588],[-73.99766,40.72583],[-73.99757,40.72579],[-73.99747,40.72575],[-73.99737,40.72571],[-73.99727,40.72567],[-73.99717,40.72563],[-73.99707,40.72559],[-73.99696,40.72555],[-73.99686,40.72551],[-73.99675,40.72548],[-73.99664,40.72544],[-73.9962,40.7253],[-73.99255,40.72418],[-73.99242,40.72413],[-73.9923,40.72407],[-73.9922,40.72401],[-73.9921,40.72395],[-73.99201,40.72387],[-73.99193,40.7238],[-73.99187,40.72372],[-73.99181,40.72364],[-73.99177,40.72355],[-73.99173,40.72345],[-73.99171,40.72335],[-73.99169,40.72325],[-73.99169,40.72315],[-73.99169,40.72304],[-73.99171,40.72292],[-73.99186,40.72208],[-73.99187,40.72205],[-73.99187,40.72202],[-73.99188,40.722],[-73.99189,40.72197],[-73.9919,40.72194],[-73.99191,40.72191],[-73.99192,40.72188],[-73.99193,40.72186],[-73.99194,40.72183],[-73.99195,40.7218],[-73.99197,40.72177],[-73.99198,40.72174],[-73.992,40.72171],[-73.99201,40.72168],[-73.99202,40.72165],[-73.99375,40.71827],[-73.99471,40.7164],[-73.99477,40.7163],[-73.99481,40.71619],[-73.99485,40.71609],[-73.99488,40.71598],[-73.9949,40.71588],[-73.99492,40.71578],[-73.99492,40.71568],[-73.99492,40.71558],[-73.99492,40.71548],[-73.9949,40.71538],[-73.99488,40.71528],[-73.99485,40.71518],[-73.99481,40.71509],[-73.99477,40.71499],[-73.99471,40.7149],[-73.98524,40.69784],[-73.98393,40.69514],[-73.98343,40.69383],[-73.9823,40.69156],[-73.98182,40.69064],[-73.98121,40.68941],[-73.98118,40.68935],[-73.98115,40.68929],[-73.98112,40.68923],[-73.98108,40.68918],[-73.98104,40.68913],[-73.981,40.68908],[-73.98095,40.68903],[-73.98091,40.68899],[-73.98085,40.68894],[-73.9808,40.6889],[-73.98074,40.68886],[-73.98068,40.68883],[-73.98061,40.68879],[-73.98055,40.68876],[-73.98047,40.68873],[-73.9788,40.68807],[-73.97875,40.68804],[-73.97869,40.688],[-73.97864,40.68797],[-73.97859,40.68793],[-73.97855,40.68789],[-73.97851,40.68785],[-73.97847,40.68782],[-73.97844,40.68777],[-73.97841,40.68773],[-73.97838,40.68769],[-73.97836,40.68764],[-73.97834,40.68759],[-73.97832,40.68755],[-73.97831,40.6875],[-73.9783,40.68745],[-73.97798,40.68524],[-73.97798,40.6852],[-73.97798,40.68515],[-73.97799,40.68511],[-73.978,40.68507],[-73.978,40.68502],[-73.97801,40.68498],[-73.97803,40.68494],[-73.97804,40.6849],[-73.97806,40.68485],[-73.97808,40.68481],[-73.9781,40.68477],[-73.97812,40.68473],[-73.97814,40.68468],[-73.97817,40.68464],[-73.9782,40.6846],[-73.97881,40.68367],[-73.98311,40.67732],[-73.98362,40.67655],[-73.98365,40.6765],[-73.98368,40.67646],[-73.98372,40.67641],[-73.98375,40.67636],[-73.98378,40.67631],[-73.98382,40.67626],[-73.98386,40.67621],[-73.9839,40.67616],[-73.98393,40.6761],[-73.98398,40.67605],[-73.98402,40.676],[-73.98406,40.67594],[-73.9841,40.67589],[-73.98415,40.67583],[-73.98419,40.67578],[-73.9883,40.67085],[-73.9924,40.66593],[-73.99243,40.6659],[-73.99246,40.66586],[-73.99249,40.66583],[-73.99252,40.66579],[-73.99255,40.66576],[-73.99258,40.66572],[-73.99261,40.66569],[-73.99264,40.66566],[-73.99268,40.66562],[-73.99271,40.66559],[-73.99274,40.66555],[-73.99277,40.66552],[-73.9928,40.66548],[-73.99284,40.66545],[-73.99287,40.66541],[-73.99809,40.6604],[-74.00355,40.65514],[-74.00519,40.65356],[-74.00525,40.65349],[-74.00529,40.65343],[-74.00533,40.65336],[-74.00536,40.6533],[-74.00538,40.65324],[-74.00539,40.65318],[-74.00539,40.65313],[-74.00539,40.65307],[-74.00538,40.65302],[-74.00536,40.65297],[-74.00534,40.65292],[-74.0053,40.65287],[-74.00526,40.65282],[-74.00521,40.65278],[-74.00515,40.65274],[-73.99949,40.64935],[-73.99948,40.64934],[-73.99946,40.64933],[-73.99944,40.64932],[-73.99943,40.64931],[-73.99941,40.6493],[-73.9994,40.64929],[-73.99938,40.64928],[-73.99936,40.64928],[-73.99935,40.64927],[-73.99933,40.64926],[-73.99931,40.64925],[-73.9993,40.64924],[-73.99928,40.64923],[-73.99927,40.64923],[-73.99925,40.64922],[-73.99899,40.6491],[-73.99897,40.6491],[-73.99895,40.64909],[-73.99894,40.64908],[-73.99892,40.64907],[-73.9989,40.64906],[-73.99889,40.64906],[-73.99887,40.64905],[-73.99886,40.64904],[-73.99884,40.64903],[-73.99883,40.64903],[-73.99881,40.64902],[-73.9988,40.64901],[-73.99878,40.649],[-73.99877,40.64899],[-73.99876,40.64898],[-73.99432,40.64629],[-73.99324,40.64564],[-73.99314,40.64556],[-73.99306,40.64549],[-73.99299,40.64541],[-73.99293,40.64533],[-73.99288,40.64526],[-73.99284,40.64518],[-73.99282,40.64511],[-73.9928,40.64503],[-73.9928,40.64495],[-73.99281,40.64487],[-73.99283,40.6448],[-73.99286,40.64472],[-73.99291,40.64464],[-73.99297,40.64457],[-73.99304,40.64449],[-73.99393,40.64367],[-73.99397,40.64363],[-73.99401,40.64359],[-73.99405,40.64355],[-73.99405,40.64355],[-73.99408,40.64352],[-73.99411,40.64347],[-73.99414,40.64343],[-73.99416,40.64339],[-73.99419,40.64335],[-73.99421,40.6433],[-73.99422,40.64326],[-73.99424,40.64321],[-73.99425,40.64317],[-73.99426,40.64312],[-73.99426,40.64307],[-73.99427,40.64302],[-73.9943,40.64091],[-73.99432,40.64017],[-73.99432,40.64013],[-73.99432,40.64009],[-73.99433,40.64005],[-73.99433,40.64001],[-73.99433,40.63997],[-73.99433,40.63993],[-73.99434,40.63989],[-73.99434,40.63985],[-73.99434,40.6398],[-73.99435,40.63976],[-73.99435,40.63971],[-73.99436,40.63967],[-73.99436,40.63962],[-73.99437,40.63957],[-73.99437,40.63952],[-73.99479,40.63626],[-73.99529,40.63233],[-73.9953,40.63226],[-73.99531,40.6322],[-73.99532,40.63214],[-73.99533,40.63208],[-73.99534,40.63202],[-73.99535,40.63196],[-73.99537,40.6319],[-73.99538,40.63184],[-73.99539,40.63178],[-73.9954,40.63172],[-73.99542,40.63166],[-73.99543,40.63161],[-73.99545,40.63155],[-73.99546,40.63149],[-73.99548,40.63144],[-73.99689,40.62647],[-73.99886,40.61959],[-74.00061,40.6135],[-74.00176,40.60947],[-74.00177,40.60943],[-74.00178,40.60939],[-74.0018,40.60935],[-74.00181,40.60931],[-74.00181,40.60927],[-74.00182,40.60923],[-74.00183,40.60918],[-74.00183,40.60914],[-74.00184,40.6091],[-74.00184,40.60906],[-74.00184,40.60902],[-74.00184,40.60898],[-74.00184,40.60894],[-74.00184,40.6089],[-74.00184,40.60886],[-74.00174,40.60795],[-74.00163,40.60709],[-74.00162,40.60703],[-74.0016,40.60696],[-74.00158,40.6069],[-74.00155,40.60684],[-74.00152,40.60678],[-74.00148,40.60672],[-74.00145,40.60667],[-74.00141,40.60661],[-74.00136,40.60656],[-74.00131,40.60651],[-74.00126,40.60646],[-74.0012,40.60641],[-74.00114,40.60636],[-74.00108,40.60632],[-74.00101,40.60627],[-73.99817,40.60456],[-73.99373,40.60187],[-73.98683,40.5977],[-73.98567,40.597],[-73.98562,40.59696],[-73.98557,40.59693],[-73.98552,40.59689],[-73.98547,40.59685],[-73.98543,40.59681],[-73.98539,40.59677],[-73.98536,40.59673],[-73.98533,40.59669],[-73.9853,40.59665],[-73.98527,40.5966],[-73.98525,40.59656],[-73.98523,40.59651],[-73.98522,40.59646],[-73.9852,40.59641],[-73.9852,40.59636],[-73.98377,40.58884],[-73.98346,40.58725],[-73.98345,40.58721],[-73.98344,40.58717],[-73.98342,40.58714],[-73.9834,40.5871],[-73.98338,40.58707],[-73.98335,40.58703],[-73.98332,40.58699],[-73.98328,40.58696],[-73.98325,40.58692],[-73.9832,40.58689],[-73.98316,40.58685],[-73.98311,40.58682],[-73.98306,40.58678],[-73.983,40.58675],[-73.98295,40.58672],[-73.98262,40.58654],[-73.98255,40.5865],[-73.98248,40.58645],[-73.9824,40.5864],[-73.98233,40.58635],[-73.98226,40.58629],[-73.98219,40.58623],[-73.98212,40.58616],[-73.98205,40.58609],[-73.98198,40.58602],[-73.98191,40.58594],[-73.98184,40.58586],[-73.98177,40.58578],[-73.9817,40.58569],[-73.98162,40.58559],[-73.98156,40.5855],[-73.98129,40.5851],[-73.98111,40.5848],[-73.98109,40.58476],[-73.98107,40.58473],[-73.98105,40.58469],[-73.98103,40.58465],[-73.98101,40.58461],[-73.981,40.58458],[-73.98098,40.58454],[-73.98097,40.5845],[-73.98095,40.58446],[-73.98094,40.58442],[-73.98093,40.58438],[-73.98092,40.58434],[-73.98091,40.58431],[-73.9809,40.58427],[-73.98089,40.58423],[-73.98084,40.58393],[-73.98083,40.58389],[-73.98082,40.58385],[-73.98082,40.58381],[-73.98082,40.58377],[-73.98081,40.58373],[-73.98081,40.5837],[-73.98081,40.58366],[-73.98081,40.58362],[-73.98081,40.58358],[-73.9808,40.58355],[-73.98081,40.58351],[-73.98081,40.58347],[-73.98081,40.58343],[-73.98081,40.5834],[-73.98081,40.58336],[-73.98091,40.58248],[-73.98092,40.5824],[-73.98094,40.58232],[-73.98095,40.58224],[-73.98096,40.58215],[-73.98098,40.58207],[-73.981,40.58199],[-73.98102,40.58191],[-73.98104,40.58183],[-73.98106,40.58175],[-73.98108,40.58167],[-73.9811,40.58159],[-73.98113,40.58151],[-73.98115,40.58143],[-73.98118,40.58135],[-73.98121,40.58127],[-73.98136,40.58091],[-73.98138,40.58089],[-73.98139,40.58085],[-73.9814,40.58083],[-73.98141,40.5808],[-73.98142,40.58076],[-73.98143,40.58073],[-73.98144,40.5807],[-73.98144,40.58067],[-73.98145,40.58064],[-73.98145,40.58061],[-73.98146,40.58058],[-73.98146,40.58054],[-73.98146,40.58051],[-73.98146,40.58048],[-73.98146,40.58044],[-73.98137,40.57913],[-73.98137,40.5791],[-73.98137,40.57907],[-73.98137,40.57905],[-73.98137,40.57902],[-73.98137,40.57899],[-73.98137,40.57897],[-73.98137,40.57894],[-73.98137,40.57892],[-73.98137,40.57889],[-73.98137,40.57887],[-73.98137,40.57884],[-73.98138,40.57882],[-73.98138,40.57879],[-73.98138,40.57877],[-73.98139,40.57874],[-73.98139,40.57872],[-73.9814,40.57869],[-73.9814,40.57866],[-73.98141,40.57863],[-73.98141,40.5786],[-73.98141,40.57858],[-73.98141,40.57855],[-73.98141,40.57852],[-73.98142,40.57849],[-73.98141,40.57846],[-73.98141,40.57843],[-73.98141,40.5784],[-73.98141,40.57837],[-73.9814,40.57834],[-73.9814,40.57831],[-73.98123,40.57742]]}},{"type":"Feature","properties":{"route":"D","color":"#EB6800"},"geometry":{"type":"LineString","coordinates":[[-73.98123,40.57742],[-73.9814,40.57831],[-73.9814,40.57834],[-73.98141,40.57837],[-73.98141,40.5784],[-73.98141,40.57843],[-73.98141,40.57846],[-73.98142,40.57849],[-73.98141,40.57852],[-73.98141,40.57855],[-73.98141,40.57858],[-73.98141,40.5786],[-73.98141,40.57863],[-73.9814,40.57866],[-73.9814,40.57869],[-73.98139,40.57872],[-73.98139,40.57874],[-73.98138,40.57877],[-73.98138,40.57879],[-73.98138,40.57882],[-73.98137,40.57884],[-73.98137,40.57887],[-73.98137,40.57889],[-73.98137,40.57892],[-73.98137,40.57894],[-73.98137,40.57897],[-73.98137,40.57899],[-73.98137,40.57902],[-73.98137,40.57905],[-73.98137,40.57907],[-73.98137,40.5791],[-73.98137,40.57913],[-73.98146,40.58044],[-73.98146,40.58048],[-73.98146,40.58051],[-73.98146,40.58054],[-73.98146,40.58058],[-73.98145,40.58061],[-73.98145,40.58064],[-73.98144,40.58067],[-73.98144,40.5807],[-73.98143,40.58073],[-73.98142,40.58076],[-73.98141,40.5808],[-73.9814,40.58083],[-73.98139,40.58085],[-73.98138,40.58089],[-73.98136,40.58091],[-73.98121,40.58127],[-73.98118,40.58135],[-73.98115,40.58143],[-73.98113,40.58151],[-73.9811,40.58159],[-73.98108,40.58167],[-73.98106,40.58175],[-73.98104,40.58183],[-73.98102,40.58191],[-73.981,40.58199],[-73.98098,40.58207],[-73.98096,40.58215],[-73.98095,40.58224],[-73.98094,40.58232],[-73.98092,40.5824],[-73.98091,40.58248],[-73.98081,40.58336],[-73.98081,40.5834],[-73.98081,40.58343],[-73.98081,40.58347],[-73.98081,40.58351],[-73.9808,40.58355],[-73.98081,40.58358],[-73.98081,40.58362],[-73.98081,40.58366],[-73.98081,40.5837],[-73.98081,40.58373],[-73.98082,40.58377],[-73.98082,40.58381],[-73.98082,40.58385],[-73.98083,40.58389],[-73.98084,40.58393],[-73.98089,40.58423],[-73.9809,40.58427],[-73.98091,40.58431],[-73.98092,40.58434],[-73.98093,40.58438],[-73.98094,40.58442],[-73.98095,40.58446],[-73.98097,40.5845],[-73.98098,40.58454],[-73.981,40.58458],[-73.98101,40.58461],[-73.98103,40.58465],[-73.98105,40.58469],[-73.98107,40.58473],[-73.98109,40.58476],[-73.98111,40.5848],[-73.98129,40.5851],[-73.98156,40.5855],[-73.98162,40.58559],[-73.9817,40.58569],[-73.98177,40.58578],[-73.98184,40.58586],[-73.98191,40.58594],[-73.98198,40.58602],[-73.98205,40.58609],[-73.98212,40.58616],[-73.98219,40.58623],[-73.98226,40.58629],[-73.98233,40.58635],[-73.9824,40.5864],[-73.98248,40.58645],[-73.98255,40.5865],[-73.98262,40.58654],[-73.98295,40.58672],[-73.983,40.58675],[-73.98306,40.58678],[-73.98311,40.58682],[-73.98316,40.58685],[-73.9832,40.58689],[-73.98325,40.58692],[-73.98328,40.58696],[-73.98332,40.58699],[-73.98335,40.58703],[-73.98338,40.58707],[-73.9834,40.5871],[-73.98342,40.58714],[-73.98344,40.58717],[-73.98345,40.58721],[-73.98346,40.58725],[-73.98377,40.58884],[-73.9852,40.59636],[-73.9852,40.59641],[-73.98522,40.59646],[-73.98523,40.59651],[-73.98525,40.59656],[-73.98527,40.5966],[-73.9853,40.59665],[-73.98533,40.59669],[-73.98536,40.59673],[-73.98539,40.59677],[-73.98543,40.59681],[-73.98547,40.59685],[-73.98552,40.59689],[-73.98557,40.59693],[-73.98562,40.59696],[-73.98567,40.597],[-73.98683,40.5977],[-73.99373,40.60187],[-73.99817,40.60456],[-74.00101,40.60627],[-74.00108,40.60632],[-74.00114,40.60636],[-74.0012,40.60641],[-74.00126,40.60646],[-74.00131,40.60651],[-74.00136,40.60656],[-74.00141,40.60661],[-74.00145,40.60667],[-74.00148,40.60672],[-74.00152,40.60678],[-74.00155,40.60684],[-74.00158,40.6069],[-74.0016,40.60696],[-74.00162,40.60703],[-74.00163,40.60709],[-74.00174,40.60795],[-74.00184,40.60886],[-74.00184,40.6089],[-74.00184,40.60894],[-74.00184,40.60898],[-74.00184,40.60902],[-74.00184,40.60906],[-74.00184,40.6091],[-74.00183,40.60914],[-74.00183,40.60918],[-74.00182,40.60923],[-74.00181,40.60927],[-74.00181,40.60931],[-74.0018,40.60935],[-74.00178,40.60939],[-74.00177,40.60943],[-74.00176,40.60947],[-74.00061,40.6135],[-73.99886,40.61959],[-73.99689,40.62647],[-73.99548,40.63144],[-73.99546,40.63149],[-73.99545,40.63155],[-73.99543,40.63161],[-73.99542,40.63166],[-73.9954,40.63172],[-73.99539,40.63178],[-73.99538,40.63184],[-73.99537,40.6319],[-73.99535,40.63196],[-73.99534,40.63202],[-73.99533,40.63208],[-73.99532,40.63214],[-73.99531,40.6322],[-73.9953,40.63226],[-73.99529,40.63233],[-73.99479,40.63626],[-73.99437,40.63952],[-73.99437,40.63957],[-73.99436,40.63962],[-73.99436,40.63967],[-73.99435,40.63971],[-73.99435,40.63976],[-73.99434,40.6398],[-73.99434,40.63985],[-73.99434,40.63989],[-73.99433,40.63993],[-73.99433,40.63997],[-73.99433,40.64001],[-73.99433,40.64005],[-73.99432,40.64009],[-73.99432,40.64013],[-73.99432,40.64017],[-73.9943,40.64091],[-73.99427,40.64302],[-73.99426,40.64307],[-73.99426,40.64312],[-73.99425,40.64317],[-73.99424,40.64321],[-73.99422,40.64326],[-73.99421,40.6433],[-73.99419,40.64335],[-73.99416,40.64339],[-73.99414,40.64343],[-73.99411,40.64347],[-73.99408,40.64352],[-73.99405,40.64355],[-73.99401,40.64359],[-73.99397,40.64363],[-73.99393,40.64367],[-73.99304,40.64449],[-73.99297,40.64457],[-73.99291,40.64464],[-73.99286,40.64472],[-73.99283,40.6448],[-73.99281,40.64487],[-73.9928,40.64495],[-73.9928,40.64503],[-73.99282,40.64511],[-73.99284,40.64518],[-73.99288,40.64526],[-73.99293,40.64533],[-73.99299,40.64541],[-73.99306,40.64549],[-73.99314,40.64556],[-73.99324,40.64564],[-73.99432,40.64629],[-73.99876,40.64898],[-73.99877,40.64899],[-73.99878,40.649],[-73.9988,40.64901],[-73.99881,40.64902],[-73.99883,40.64903],[-73.99884,40.64903],[-73.99886,40.64904],[-73.99887,40.64905],[-73.99889,40.64906],[-73.9989,40.64906],[-73.99892,40.64907],[-73.99894,40.64908],[-73.99895,40.64909],[-73.99897,40.6491],[-73.99899,40.6491],[-73.99925,40.64922],[-73.99927,40.64923],[-73.99928,40.64923],[-73.9993,40.64924],[-73.99931,40.64925],[-73.99933,40.64926],[-73.99935,40.64927],[-73.99936,40.64928],[-73.99938,40.64928],[-73.9994,40.64929],[-73.99941,40.6493],[-73.99943,40.64931],[-73.99944,40.64932],[-73.99946,40.64933],[-73.99948,40.64934],[-73.99949,40.64935],[-74.00515,40.65274],[-74.00521,40.65278],[-74.00526,40.65282],[-74.0053,40.65287],[-74.00534,40.65292],[-74.00536,40.65297],[-74.00538,40.65302],[-74.00539,40.65307],[-74.00539,40.65313],[-74.00539,40.65318],[-74.00538,40.65324],[-74.00536,40.6533],[-74.00533,40.65336],[-74.00529,40.65343],[-74.00525,40.65349],[-74.00519,40.65356],[-74.00355,40.65514],[-73.99809,40.6604],[-73.99287,40.66541],[-73.99284,40.66545],[-73.9928,40.66548],[-73.99277,40.66552],[-73.99274,40.66555],[-73.99271,40.66559],[-73.99268,40.66562],[-73.99264,40.66566],[-73.99261,40.66569],[-73.99258,40.66572],[-73.99255,40.66576],[-73.99252,40.66579],[-73.99249,40.66583],[-73.99246,40.66586],[-73.99243,40.6659],[-73.9924,40.66593],[-73.9883,40.67085],[-73.98419,40.67578],[-73.98415,40.67583],[-73.9841,40.67589],[-73.98406,40.67594],[-73.98402,40.676],[-73.98398,40.67605],[-73.98393,40.6761],[-73.9839,40.67616],[-73.98386,40.67621],[-73.98382,40.67626],[-73.98378,40.67631],[-73.98375,40.67636],[-73.98372,40.67641],[-73.98368,40.67646],[-73.98365,40.6765],[-73.98362,40.67655],[-73.98311,40.67732],[-73.97881,40.68367],[-73.9782,40.6846],[-73.97817,40.68464],[-73.97814,40.68468],[-73.97812,40.68473],[-73.9781,40.68477],[-73.97808,40.68481],[-73.97806,40.68485],[-73.97804,40.6849],[-73.97803,40.68494],[-73.97801,40.68498],[-73.978,40.68502],[-73.978,40.68507],[-73.97799,40.68511],[-73.97798,40.68515],[-73.97798,40.6852],[-73.97798,40.68524],[-73.9783,40.68745],[-73.97831,40.6875],[-73.97832,40.68755],[-73.97834,40.68759],[-73.97836,40.68764],[-73.97838,40.68769],[-73.97841,40.68773],[-73.97844,40.68777],[-73.97847,40.68782],[-73.97851,40.68785],[-73.97855,40.68789],[-73.97859,40.68793],[-73.97864,40.68797],[-73.97869,40.688],[-73.97875,40.68804],[-73.9788,40.68807],[-73.98047,40.68873],[-73.98055,40.68876],[-73.98061,40.68879],[-73.98068,40.68883],[-73.98074,40.68886],[-73.9808,40.6889],[-73.98085,40.68894],[-73.98091,40.68899],[-73.98095,40.68903],[-73.981,40.68908],[-73.98104,40.68913],[-73.98108,40.68918],[-73.98112,40.68923],[-73.98115,40.68929],[-73.98118,40.68935],[-73.98121,40.68941],[-73.98182,40.69064],[-73.9823,40.69156],[-73.98343,40.69383],[-73.98393,40.69514],[-73.98524,40.69784],[-73.99471,40.7149],[-73.99477,40.71499],[-73.99481,40.71509],[-73.99485,40.71518],[-73.99488,40.71528],[-73.9949,40.71538],[-73.99492,40.71548],[-73.99492,40.71558],[-73.99492,40.71568],[-73.99492,40.71578],[-73.9949,40.71588],[-73.99488,40.71598],[-73.99485,40.71609],[-73.99481,40.71619],[-73.99477,40.7163],[-73.99471,40.7164],[-73.99375,40.71827],[-73.99202,40.72165],[-73.99201,40.72168],[-73.992,40.72171],[-73.99198,40.72174],[-73.99197,40.72177],[-73.99195,40.7218],[-73.99194,40.72183],[-73.99193,40.72186],[-73.99192,40.72188],[-73.99191,40.72191],[-73.9919,40.72194],[-73.99189,40.72197],[-73.99188,40.722],[-73.99187,40.72202],[-73.99187,40.72205],[-73.99186,40.72208],[-73.99171,40.72292],[-73.99169,40.72304],[-73.99169,40.72315],[-73.99169,40.72325],[-73.99171,40.72335],[-73.99173,40.72345],[-73.99177,40.72355],[-73.99181,40.72364],[-73.99187,40.72372],[-73.99193,40.7238],[-73.99201,40.72387],[-73.9921,40.72395],[-73.9922,40.72401],[-73.9923,40.72407],[-73.99242,40.72413],[-73.99255,40.72418],[-73.9962,40.7253],[-73.99664,40.72544],[-73.99675,40.72548],[-73.99686,40.72551],[-73.99696,40.72555],[-73.99707,40.72559],[-73.99717,40.72563],[-73.99727,40.72567],[-73.99737,40.72571],[-73.99747,40.72575],[-73.99757,40.72579],[-73.99766,40.72583],[-73.99776,40.72588],[-73.99785,40.72592],[-73.99794,40.72596],[-73.99803,40.726],[-73.99811,40.72605],[-74.0019,40.72791],[-74.00202,40.72797],[-74.00213,40.72803],[-74.00222,40.7281],[-74.0023,40.72817],[-74.00237,40.72825],[-74.00243,40.72833],[-74.00247,40.72841],[-74.00251,40.7285],[-74.00253,40.7286],[-74.00253,40.7287],[-74.00253,40.72881],[-74.00252,40.72892],[-74.00249,40.72903],[-74.00245,40.72915],[-74.0024,40.72928],[-74.00155,40.73082],[-74.00154,40.73085],[-74.00153,40.73087],[-74.00151,40.7309],[-74.0015,40.73092],[-74.00148,40.73095],[-74.00147,40.73098],[-74.00145,40.731],[-74.00144,40.73103],[-74.00142,40.73105],[-74.0014,40.73108],[-74.00138,40.73111],[-74.00137,40.73113],[-74.00135,40.73116],[-74.00133,40.73119],[-74.00131,40.73122],[-74.00051,40.73231],[-74.0005,40.73234],[-74.00048,40.73236],[-73.99978,40.73332],[-73.99621,40.73823],[-73.99282,40.74288],[-73.98782,40.74972],[-73.98457,40.75422],[-73.98133,40.75866],[-73.9797,40.76089],[-73.97963,40.76101],[-73.97958,40.76112],[-73.97954,40.76123],[-73.97951,40.76133],[-73.9795,40.76143],[-73.97951,40.76153],[-73.97952,40.76163],[-73.97956,40.76172],[-73.97961,40.76181],[-73.97967,40.76189],[-73.97975,40.76197],[-73.97984,40.76205],[-73.97995,40.76212],[-73.98007,40.76219],[-73.98021,40.76226],[-73.98164,40.76286],[-73.98166,40.76287],[-73.9837,40.76373],[-73.98381,40.76379],[-73.98391,40.76386],[-73.984,40.76393],[-73.98408,40.764],[-73.98414,40.76408],[-73.98419,40.76416],[-73.98424,40.76424],[-73.98427,40.76432],[-73.98428,40.76441],[-73.98429,40.7645],[-73.98428,40.76459],[-73.98426,40.76468],[-73.98423,40.76478],[-73.98419,40.76488],[-73.98414,40.76499],[-73.98174,40.7683],[-73.97641,40.77559],[-73.97214,40.78143],[-73.96892,40.78587],[-73.9647,40.79164],[-73.96145,40.79609],[-73.95816,40.8006],[-73.95488,40.80508],[-73.95329,40.80727],[-73.95324,40.80733],[-73.95319,40.80739],[-73.95315,40.80745],[-73.95311,40.80752],[-73.95307,40.80758],[-73.95305,40.80765],[-73.95302,40.80771],[-73.953,40.80778],[-73.95298,40.80784],[-73.95296,40.80791],[-73.95295,40.80797],[-73.95294,40.80804],[-73.95294,40.80811],[-73.95294,40.80818],[-73.95294,40.80824],[-73.95303,40.80964],[-73.95303,40.8097],[-73.95303,40.80976],[-73.95303,40.80982],[-73.95303,40.80987],[-73.95302,40.80993],[-73.95302,40.80998],[-73.95301,40.81003],[-73.953,40.81009],[-73.95298,40.81014],[-73.95296,40.81019],[-73.95294,40.81024],[-73.95292,40.81029],[-73.9529,40.81033],[-73.95287,40.81038],[-73.95284,40.81042],[-73.95234,40.81111],[-73.9523,40.81117],[-73.95226,40.81122],[-73.95221,40.81128],[-73.95216,40.81133],[-73.95212,40.81139],[-73.95207,40.81144],[-73.95202,40.8115],[-73.95197,40.81155],[-73.95192,40.81161],[-73.95186,40.81166],[-73.95181,40.81171],[-73.95176,40.81177],[-73.9517,40.81182],[-73.95164,40.81187],[-73.95159,40.81192],[-73.9506,40.81291],[-73.95057,40.81294],[-73.95053,40.81297],[-73.9505,40.813],[-73.95046,40.81304],[-73.95043,40.81307],[-73.9504,40.81311],[-73.95036,40.81314],[-73.95033,40.81318],[-73.9503,40.81322],[-73.95027,40.81326],[-73.95023,40.8133],[-73.9502,40.81334],[-73.95017,40.81338],[-73.95014,40.81342],[-73.95011,40.81346],[-73.9492,40.8147],[-73.94917,40.81474],[-73.94915,40.81478],[-73.94912,40.81482],[-73.94909,40.81485],[-73.94907,40.81489],[-73.94905,40.81493],[-73.94902,40.81497],[-73.949,40.81501],[-73.94898,40.81505],[-73.94896,40.81509],[-73.94894,40.81513],[-73.94891,40.81517],[-73.94889,40.81521],[-73.94888,40.81525],[-73.94886,40.8153],[-73.94765,40.81789],[-73.94495,40.8237],[-73.94493,40.82374],[-73.9449,40.82378],[-73.94488,40.82382],[-73.94486,40.82386],[-73.94484,40.8239],[-73.94481,40.82394],[-73.94479,40.82398],[-73.94477,40.82402],[-73.94474,40.82406],[-73.94472,40.82409],[-73.94469,40.82413],[-73.94467,40.82416],[-73.94464,40.8242],[-73.94462,40.82423],[-73.94459,40.82426],[-73.94422,40.82478],[-73.94415,40.82488],[-73.9434,40.8259],[-73.94249,40.82705],[-73.94247,40.82707],[-73.94245,40.82709],[-73.94244,40.82711],[-73.94242,40.82713],[-73.94241,40.82714],[-73.9424,40.82716],[-73.94238,40.82718],[-73.94237,40.8272],[-73.94236,40.82721],[-73.94235,40.82723],[-73.94233,40.82725],[-73.94232,40.82727],[-73.94231,40.82728],[-73.9423,40.8273],[-73.94229,40.82732],[-73.94103,40.82926],[-73.94095,40.82936],[-73.94087,40.82945],[-73.94077,40.82953],[-73.94067,40.82961],[-73.94057,40.82968],[-73.94046,40.82975],[-73.94034,40.82982],[-73.94021,40.82987],[-73.94008,40.82992],[-73.93994,40.82997],[-73.9398,40.83001],[-73.93965,40.83004],[-73.93949,40.83007],[-73.93933,40.83009],[-73.93916,40.83011],[-73.93909,40.83011],[-73.93903,40.83011],[-73.93896,40.83012],[-73.9389,40.83012],[-73.93884,40.83012],[-73.93878,40.83013],[-73.93871,40.83013],[-73.93865,40.83013],[-73.93859,40.83013],[-73.93852,40.83013],[-73.93846,40.83013],[-73.9384,40.83013],[-73.93833,40.83013],[-73.93827,40.83013],[-73.93821,40.83013],[-73.93666,40.83009],[-73.93107,40.82999],[-73.9309,40.82997],[-73.93074,40.82996],[-73.93059,40.82995],[-73.93043,40.82993],[-73.93028,40.8299],[-73.93014,40.82988],[-73.93,40.82985],[-73.92987,40.82982],[-73.92974,40.82979],[-73.92961,40.82975],[-73.92949,40.82971],[-73.92937,40.82966],[-73.92937,40.82966],[-73.92926,40.82962],[-73.92916,40.82957],[-73.92905,40.82951],[-73.92748,40.8286],[-73.92737,40.82854],[-73.92725,40.82849],[-73.92714,40.82844],[-73.92702,40.82839],[-73.9269,40.82834],[-73.92678,40.82829],[-73.92666,40.82825],[-73.92654,40.8282],[-73.92642,40.82815],[-73.92629,40.82811],[-73.92617,40.82807],[-73.92604,40.82802],[-73.92591,40.82798],[-73.92578,40.82794],[-73.92565,40.82791],[-73.9246,40.8276],[-73.9243,40.8275],[-73.92401,40.82743],[-73.92374,40.82738],[-73.92349,40.82735],[-73.92324,40.82734],[-73.92302,40.82736],[-73.9228,40.8274],[-73.9226,40.82746],[-73.92242,40.82754],[-73.92225,40.82765],[-73.92209,40.82778],[-73.92195,40.82793],[-73.92182,40.82811],[-73.92171,40.8283],[-73.92161,40.82852],[-73.92052,40.83081],[-73.9204,40.83104],[-73.92028,40.83127],[-73.92015,40.83149],[-73.92002,40.83171],[-73.91989,40.83192],[-73.91975,40.83212],[-73.91961,40.83233],[-73.91948,40.83252],[-73.91933,40.83272],[-73.91919,40.8329],[-73.91904,40.83308],[-73.9189,40.83326],[-73.91874,40.83344],[-73.91859,40.8336],[-73.91844,40.83377],[-73.9146,40.83769],[-73.9145,40.8378],[-73.91441,40.83791],[-73.91431,40.83802],[-73.91422,40.83813],[-73.91413,40.83824],[-73.91404,40.83835],[-73.91396,40.83846],[-73.91388,40.83857],[-73.9138,40.83867],[-73.91373,40.83878],[-73.91366,40.83889],[-73.91359,40.83899],[-73.91352,40.8391],[-73.91346,40.8392],[-73.9134,40.83931],[-73.91336,40.83937],[-73.91333,40.83944],[-73.91329,40.8395],[-73.91325,40.83957],[-73.91322,40.83964],[-73.91318,40.83972],[-73.91314,40.83979],[-73.91311,40.83987],[-73.91307,40.83995],[-73.91303,40.84003],[-73.913,40.84011],[-73.91296,40.8402],[-73.91292,40.84029],[-73.91289,40.84038],[-73.91285,40.84047],[-73.91164,40.84405],[-73.91157,40.8442],[-73.91151,40.84434],[-73.91143,40.84448],[-73.91135,40.84462],[-73.91127,40.84475],[-73.91118,40.84488],[-73.91108,40.84501],[-73.91098,40.84513],[-73.91088,40.84525],[-73.91076,40.84537],[-73.91065,40.84548],[-73.91053,40.84559],[-73.9104,40.84569],[-73.91027,40.8458],[-73.91014,40.8459],[-73.90875,40.84687],[-73.90854,40.84703],[-73.90832,40.84719],[-73.90812,40.84734],[-73.90793,40.8475],[-73.90774,40.84765],[-73.90756,40.8478],[-73.90739,40.84795],[-73.90723,40.84809],[-73.90707,40.84824],[-73.90693,40.84838],[-73.90679,40.84852],[-73.90666,40.84866],[-73.90653,40.84879],[-73.90642,40.84893],[-73.90631,40.84906],[-73.90523,40.85041],[-73.90153,40.855],[-73.90148,40.85506],[-73.90142,40.85513],[-73.90136,40.8552],[-73.90131,40.85527],[-73.90126,40.85534],[-73.9012,40.85542],[-73.90115,40.85549],[-73.9011,40.85556],[-73.90104,40.85564],[-73.90099,40.85571],[-73.90094,40.85579],[-73.90089,40.85586],[-73.90084,40.85594],[-73.90079,40.85602],[-73.90074,40.85609],[-73.89908,40.85888],[-73.89904,40.85895],[-73.899,40.85901],[-73.89896,40.85908],[-73.89892,40.85915],[-73.89888,40.85921],[-73.89884,40.85928],[-73.8988,40.85935],[-73.89877,40.85941],[-73.89873,40.85948],[-73.8987,40.85954],[-73.89866,40.85961],[-73.89862,40.85968],[-73.89859,40.85974],[-73.89856,40.85981],[-73.89852,40.85987],[-73.89775,40.8613],[-73.89734,40.86207],[-73.89729,40.86215],[-73.89725,40.86223],[-73.8972,40.8623],[-73.89716,40.86238],[-73.89711,40.86245],[-73.89706,40.86252],[-73.89702,40.86259],[-73.89697,40.86266],[-73.89692,40.86273],[-73.89687,40.86279],[-73.89683,40.86286],[-73.89678,40.86292],[-73.89673,40.86299],[-73.89668,40.86305],[-73.89663,40.86311],[-73.89416,40.8661],[-73.89351,40.86698],[-73.892,40.86895],[-73.89189,40.86907],[-73.89178,40.86919],[-73.89167,40.86931],[-73.89156,40.86942],[-73.89145,40.86953],[-73.89134,40.86964],[-73.89122,40.86974],[-73.89111,40.86984],[-73.891,40.86993],[-73.89088,40.87002],[-73.89077,40.87011],[-73.89065,40.87019],[-73.89053,40.87027],[-73.89042,40.87034],[-73.8903,40.87041],[-73.88949,40.8709],[-73.8894,40.87095],[-73.8893,40.87101],[-73.88921,40.87106],[-73.88911,40.87112],[-73.88902,40.87118],[-73.88894,40.87123],[-73.88885,40.87129],[-73.88877,40.87135],[-73.88869,40.87141],[-73.88862,40.87147],[-73.88855,40.87154],[-73.88848,40.8716],[-73.88841,40.87167],[-73.88834,40.87173],[-73.88828,40.8718],[-73.88714,40.87324],[-73.8871,40.87329],[-73.88707,40.87333],[-73.88703,40.87338],[-73.887,40.87343],[-73.88696,40.87348],[-73.88693,40.87353],[-73.8869,40.87358],[-73.88687,40.87363],[-73.88683,40.87369],[-73.8868,40.87374],[-73.88677,40.8738],[-73.88674,40.87385],[-73.88671,40.87391],[-73.88668,40.87397],[-73.88665,40.87403],[-73.88585,40.87584],[-73.88574,40.87606],[-73.88562,40.87625],[-73.88549,40.87642],[-73.88535,40.87657],[-73.88519,40.8767],[-73.88503,40.8768],[-73.88485,40.87688],[-73.88466,40.87694],[-73.88446,40.87697],[-73.88425,40.87698],[-73.88403,40.87697],[-73.8838,40.87694],[-73.88355,40.87688],[-73.8833,40.8768],[-73.88303,40.8767],[-73.87886,40.87481]]}},{"type":"Feature","properties":{"route":"R","color":"#F6BC26"},"geometry":{"type":"LineString","coordinates":[[-73.84452,40.72169],[-73.84754,40.72303],[-73.84776,40.72314],[-73.84798,40.72325],[-73.84819,40.72337],[-73.84839,40.72349],[-73.8486,40.72362],[-73.8488,40.72375],[-73.84899,40.72388],[-73.84918,40.72401],[-73.84937,40.72415],[-73.84956,40.72429],[-73.84974,40.72444],[-73.84991,40.72458],[-73.85008,40.72474],[-73.85025,40.72489],[-73.85042,40.72505],[-73.85054,40.72516],[-73.85067,40.72527],[-73.8508,40.72538],[-73.85094,40.72549],[-73.85108,40.7256],[-73.85123,40.7257],[-73.85138,40.7258],[-73.85153,40.7259],[-73.85169,40.72599],[-73.85185,40.72609],[-73.85201,40.72618],[-73.85219,40.72627],[-73.85236,40.72636],[-73.85254,40.72644],[-73.85272,40.72652],[-73.85285,40.72658],[-73.85297,40.72664],[-73.85309,40.72669],[-73.85321,40.72674],[-73.85333,40.72679],[-73.85344,40.72684],[-73.85355,40.72689],[-73.85367,40.72693],[-73.85377,40.72698],[-73.85388,40.72702],[-73.85398,40.72706],[-73.85408,40.7271],[-73.85418,40.72714],[-73.85428,40.72718],[-73.85438,40.72722],[-73.8616,40.72985],[-73.86471,40.73098],[-73.8649,40.73105],[-73.86508,40.73112],[-73.86526,40.73119],[-73.86543,40.73126],[-73.8656,40.73133],[-73.86577,40.7314],[-73.86593,40.73147],[-73.86609,40.73154],[-73.86624,40.73161],[-73.86639,40.73169],[-73.86653,40.73176],[-73.86668,40.73184],[-73.86681,40.73191],[-73.86695,40.73199],[-73.86707,40.73207],[-73.86719,40.73214],[-73.86732,40.73221],[-73.86744,40.73229],[-73.86757,40.73236],[-73.86771,40.73243],[-73.86784,40.7325],[-73.86798,40.73257],[-73.86813,40.73264],[-73.86827,40.73271],[-73.86843,40.73277],[-73.86858,40.73284],[-73.86874,40.73291],[-73.8689,40.73298],[-73.86906,40.73304],[-73.86923,40.73311],[-73.86934,40.73314],[-73.86944,40.73318],[-73.86955,40.73322],[-73.86966,40.73325],[-73.86977,40.73329],[-73.86988,40.73333],[-73.87,40.73336],[-73.87011,40.7334],[-73.87022,40.73344],[-73.87034,40.73347],[-73.87045,40.73351],[-73.87057,40.73354],[-73.87069,40.73358],[-73.87081,40.73361],[-73.87092,40.73365],[-73.87413,40.73459],[-73.87441,40.73468],[-73.87469,40.73477],[-73.87495,40.73488],[-73.87519,40.73499],[-73.87543,40.73511],[-73.87565,40.73523],[-73.87586,40.73537],[-73.87605,40.73551],[-73.87624,40.73566],[-73.87641,40.73581],[-73.87656,40.73598],[-73.87671,40.73615],[-73.87683,40.73633],[-73.87695,40.73651],[-73.87705,40.73671],[-73.87722,40.73701],[-73.8786,40.73965],[-73.87865,40.73974],[-73.8787,40.73982],[-73.87874,40.7399],[-73.87879,40.73998],[-73.87884,40.74005],[-73.8789,40.74012],[-73.87895,40.74019],[-73.879,40.74026],[-73.87906,40.74033],[-73.87912,40.74039],[-73.87918,40.74045],[-73.87923,40.74051],[-73.87929,40.74056],[-73.87936,40.74061],[-73.87942,40.74066],[-73.88098,40.74182],[-73.88104,40.74187],[-73.88111,40.74191],[-73.88118,40.74196],[-73.88125,40.742],[-73.88132,40.74204],[-73.88138,40.74209],[-73.88145,40.74213],[-73.88152,40.74217],[-73.88159,40.74222],[-73.88166,40.74226],[-73.88173,40.7423],[-73.8818,40.74234],[-73.88187,40.74238],[-73.88195,40.74242],[-73.88202,40.74245],[-73.88206,40.74248],[-73.88211,40.74251],[-73.88217,40.74254],[-73.88222,40.74257],[-73.88227,40.7426],[-73.88233,40.74263],[-73.88239,40.74266],[-73.88245,40.74269],[-73.88251,40.74273],[-73.88257,40.74276],[-73.88264,40.74279],[-73.88271,40.74283],[-73.88277,40.74286],[-73.88285,40.7429],[-73.88292,40.74293],[-73.88452,40.74372],[-73.88456,40.74374],[-73.8846,40.74376],[-73.88464,40.74377],[-73.88468,40.74379],[-73.88472,40.74381],[-73.88476,40.74383],[-73.8848,40.74385],[-73.88484,40.74387],[-73.88488,40.74389],[-73.88493,40.74391],[-73.88497,40.74393],[-73.88501,40.74395],[-73.88506,40.74397],[-73.8851,40.74399],[-73.88515,40.74401],[-73.89134,40.74664],[-73.89845,40.74967],[-73.90601,40.75288],[-73.90679,40.75322],[-73.90893,40.75424],[-73.91333,40.75631],[-73.91429,40.75676],[-73.91433,40.75678],[-73.91437,40.75679],[-73.9144,40.75681],[-73.91444,40.75683],[-73.91447,40.75685],[-73.91451,40.75686],[-73.91455,40.75688],[-73.91458,40.7569],[-73.91462,40.75691],[-73.91465,40.75693],[-73.91469,40.75695],[-73.91473,40.75697],[-73.91476,40.75699],[-73.9148,40.757],[-73.91483,40.75702],[-73.91722,40.75818],[-73.91743,40.75828],[-73.91764,40.75836],[-73.91784,40.75842],[-73.91803,40.75847],[-73.91822,40.7585],[-73.91841,40.75852],[-73.91859,40.75852],[-73.91876,40.75851],[-73.91894,40.75848],[-73.9191,40.75844],[-73.91926,40.75838],[-73.91942,40.7583],[-73.91957,40.75821],[-73.91971,40.75811],[-73.91985,40.75797],[-73.92074,40.75688],[-73.9214,40.75607],[-73.92141,40.75606],[-73.92142,40.75604],[-73.92143,40.75602],[-73.92145,40.75601],[-73.92146,40.75599],[-73.92147,40.75598],[-73.92148,40.75596],[-73.92149,40.75595],[-73.9215,40.75593],[-73.92151,40.75592],[-73.92153,40.75591],[-73.92154,40.75589],[-73.92155,40.75588],[-73.92155,40.75587],[-73.92157,40.75585],[-73.92373,40.75307],[-73.92379,40.75299],[-73.92385,40.75292],[-73.92391,40.75285],[-73.92398,40.75278],[-73.92405,40.75271],[-73.92413,40.75265],[-73.92421,40.7526],[-73.92429,40.75254],[-73.92438,40.7525],[-73.92447,40.75245],[-73.92456,40.75241],[-73.92466,40.75237],[-73.92476,40.75234],[-73.92486,40.75231],[-73.92497,40.75229],[-73.92507,40.75226],[-73.92517,40.75224],[-73.92527,40.75222],[-73.92538,40.7522],[-73.92548,40.75218],[-73.92558,40.75216],[-73.92569,40.75215],[-73.9258,40.75213],[-73.9259,40.75212],[-73.92601,40.75211],[-73.92612,40.7521],[-73.92623,40.75209],[-73.92634,40.75208],[-73.92645,40.75208],[-73.92656,40.75207],[-73.92878,40.75204],[-73.93163,40.75199],[-73.93191,40.75198],[-73.93218,40.75196],[-73.93245,40.75192],[-73.93271,40.75188],[-73.93297,40.75182],[-73.93321,40.75176],[-73.93345,40.75168],[-73.93368,40.75159],[-73.93387,40.75147],[-73.93408,40.75135],[-73.93428,40.75124],[-73.93453,40.75109],[-73.9347,40.75097],[-73.93491,40.75083],[-73.93509,40.75066],[-73.93635,40.7495],[-73.93639,40.74945],[-73.93644,40.74941],[-73.93649,40.74937],[-73.93654,40.74933],[-73.9366,40.74929],[-73.93666,40.74925],[-73.93671,40.74921],[-73.93677,40.74918],[-73.93683,40.74915],[-73.9369,40.74911],[-73.93696,40.74908],[-73.93703,40.74905],[-73.9371,40.74903],[-73.93717,40.749],[-73.93724,40.74897],[-73.93978,40.74806],[-73.93995,40.74802],[-73.94012,40.74799],[-73.94029,40.74797],[-73.94044,40.74796],[-73.9406,40.74796],[-73.94075,40.74798],[-73.9409,40.748],[-73.94104,40.74803],[-73.94118,40.74808],[-73.94131,40.74813],[-73.94144,40.7482],[-73.94156,40.74827],[-73.94168,40.74836],[-73.9418,40.74846],[-73.94191,40.74857],[-73.9429,40.74959],[-73.94294,40.74964],[-73.94298,40.74969],[-73.94301,40.74974],[-73.94304,40.74979],[-73.94307,40.74983],[-73.94309,40.74988],[-73.94311,40.74994],[-73.94313,40.74999],[-73.94315,40.75004],[-73.94316,40.75009],[-73.94317,40.75015],[-73.94317,40.7502],[-73.94317,40.75026],[-73.94317,40.75031],[-73.94317,40.75037],[-73.94313,40.75118],[-73.94313,40.75129],[-73.94314,40.75139],[-73.94316,40.75149],[-73.94318,40.75159],[-73.94321,40.75168],[-73.94325,40.75177],[-73.94329,40.75186],[-73.94335,40.75194],[-73.94341,40.75203],[-73.94348,40.75211],[-73.94356,40.75218],[-73.94364,40.75226],[-73.94374,40.75233],[-73.94384,40.7524],[-73.94415,40.75255],[-73.94694,40.75377],[-73.95913,40.75923],[-73.96726,40.76266],[-73.97235,40.7648],[-73.97237,40.76481],[-73.9724,40.76482],[-73.97243,40.76483],[-73.97245,40.76483],[-73.97248,40.76484],[-73.9725,40.76485],[-73.97253,40.76485],[-73.97255,40.76486],[-73.97258,40.76486],[-73.9726,40.76487],[-73.97262,40.76487],[-73.97265,40.76487],[-73.97267,40.76487],[-73.97269,40.76487],[-73.97272,40.76487],[-73.97335,40.76481],[-73.97385,40.76477],[-73.97387,40.76477],[-73.9739,40.76476],[-73.97392,40.76476],[-73.97395,40.76477],[-73.97397,40.76477],[-73.974,40.76477],[-73.97402,40.76477],[-73.97405,40.76478],[-73.97407,40.76478],[-73.9741,40.76479],[-73.97412,40.76479],[-73.97415,40.7648],[-73.97417,40.76481],[-73.97419,40.76482],[-73.97422,40.76483],[-73.97828,40.76654],[-73.97838,40.76658],[-73.97848,40.76661],[-73.97858,40.76663],[-73.97867,40.76664],[-73.97876,40.76665],[-73.97885,40.76664],[-73.97893,40.76663],[-73.97901,40.76661],[-73.97909,40.76658],[-73.97917,40.76655],[-73.97924,40.76651],[-73.97931,40.76646],[-73.97938,40.7664],[-73.97944,40.76633],[-73.9795,40.76625],[-73.98066,40.76466],[-73.98414,40.7599],[-73.9853,40.75828],[-73.98537,40.75817],[-73.98544,40.75806],[-73.98551,40.75795],[-73.98558,40.75784],[-73.98565,40.75772],[-73.98571,40.7576],[-73.98578,40.75748],[-73.98583,40.75735],[-73.98589,40.75723],[-73.98595,40.7571],[-73.986,40.75697],[-73.98606,40.75684],[-73.98611,40.7567],[-73.98615,40.75657],[-73.9862,40.75643],[-73.98675,40.75467],[-73.98728,40.75298],[-73.98731,40.7529],[-73.98733,40.75283],[-73.98735,40.75275],[-73.98738,40.75267],[-73.9874,40.75259],[-73.98742,40.75252],[-73.98744,40.75244],[-73.98746,40.75236],[-73.98748,40.75228],[-73.98749,40.7522],[-73.98751,40.75213],[-73.98753,40.75205],[-73.98754,40.75197],[-73.98756,40.75189],[-73.98757,40.75182],[-73.98795,40.74957],[-73.98869,40.74549],[-73.98908,40.7434],[-73.98909,40.74336],[-73.9891,40.74331],[-73.98911,40.74327],[-73.98912,40.74322],[-73.98912,40.74317],[-73.98913,40.74312],[-73.98914,40.74307],[-73.98915,40.74303],[-73.98915,40.74297],[-73.98916,40.74292],[-73.98917,40.74287],[-73.98917,40.74281],[-73.98918,40.74276],[-73.98919,40.7427],[-73.98919,40.74264],[-73.98934,40.7413],[-73.98946,40.74054],[-73.98946,40.74049],[-73.98947,40.74044],[-73.98948,40.74039],[-73.98949,40.74034],[-73.98949,40.74029],[-73.9895,40.74024],[-73.98951,40.74019],[-73.98952,40.74014],[-73.98953,40.74009],[-73.98954,40.74005],[-73.98955,40.74],[-73.98957,40.73994],[-73.98958,40.73989],[-73.98959,40.73984],[-73.9896,40.73979],[-73.99004,40.73814],[-73.99005,40.73808],[-73.99006,40.73804],[-73.99008,40.73799],[-73.99009,40.73794],[-73.9901,40.73789],[-73.99011,40.73784],[-73.99012,40.73779],[-73.99013,40.73774],[-73.99014,40.7377],[-73.99016,40.73765],[-73.99017,40.73761],[-73.99018,40.73756],[-73.99019,40.73752],[-73.99019,40.73748],[-73.99021,40.73743],[-73.99057,40.73574],[-73.99136,40.73209],[-73.99137,40.73204],[-73.99138,40.732],[-73.99139,40.73195],[-73.99141,40.73191],[-73.99142,40.73187],[-73.99144,40.73182],[-73.99146,40.73178],[-73.99148,40.73174],[-73.99151,40.73169],[-73.99153,40.73165],[-73.99156,40.73161],[-73.99159,40.73157],[-73.99162,40.73153],[-73.99165,40.73148],[-73.99168,40.73145],[-73.99263,40.73033],[-73.9977,40.72433],[-74.00143,40.71993],[-74.00177,40.71953],[-74.00624,40.71424],[-74.00625,40.71423],[-74.00625,40.71422],[-74.00626,40.71422],[-74.00626,40.71421],[-74.00627,40.7142],[-74.00627,40.7142],[-74.00628,40.71419],[-74.00628,40.71418],[-74.00628,40.71417],[-74.00629,40.71417],[-74.00629,40.71416],[-74.0063,40.71415],[-74.0063,40.71414],[-74.0063,40.71413],[-74.00631,40.71412],[-74.00631,40.71412],[-74.00631,40.71411],[-74.00632,40.7141],[-74.00632,40.71409],[-74.00632,40.71408],[-74.00633,40.71408],[-74.00633,40.71407],[-74.00634,40.71406],[-74.00634,40.71405],[-74.00635,40.71405],[-74.00635,40.71404],[-74.00636,40.71403],[-74.00636,40.71402],[-74.00637,40.71402],[-74.00637,40.71401],[-74.00698,40.71328],[-74.00745,40.71272],[-74.00745,40.71271],[-74.00746,40.7127],[-74.00747,40.7127],[-74.00748,40.71269],[-74.00748,40.71268],[-74.00749,40.71267],[-74.0075,40.71266],[-74.00751,40.71266],[-74.00752,40.71265],[-74.00753,40.71264],[-74.00754,40.71263],[-74.00754,40.71263],[-74.00755,40.71262],[-74.00756,40.71261],[-74.00757,40.7126],[-74.00758,40.7126],[-74.00759,40.71259],[-74.0076,40.71258],[-74.00761,40.71257],[-74.00762,40.71257],[-74.00763,40.71256],[-74.00764,40.71255],[-74.00765,40.71254],[-74.00766,40.71253],[-74.00767,40.71252],[-74.00768,40.71252],[-74.00769,40.71251],[-74.00769,40.7125],[-74.0077,40.71249],[-74.00771,40.71248],[-74.00835,40.71168],[-74.00841,40.71164],[-74.00847,40.7116],[-74.00853,40.71157],[-74.00859,40.71154],[-74.00866,40.71153],[-74.00872,40.71151],[-74.00879,40.7115],[-74.00887,40.7115],[-74.00894,40.7115],[-74.00901,40.71151],[-74.00909,40.71152],[-74.00916,40.71154],[-74.00925,40.71156],[-74.00933,40.71159],[-74.00941,40.71162],[-74.00951,40.71166],[-74.00959,40.71169],[-74.00967,40.71172],[-74.00975,40.71174],[-74.00982,40.71176],[-74.0099,40.71177],[-74.00996,40.71177],[-74.01003,40.71177],[-74.0101,40.71176],[-74.01016,40.71175],[-74.01022,40.71173],[-74.01027,40.7117],[-74.01032,40.71167],[-74.01037,40.71163],[-74.01042,40.71159],[-74.01046,40.71154],[-74.01103,40.71067],[-74.01315,40.70748],[-74.01318,40.70744],[-74.0132,40.7074],[-74.01323,40.70736],[-74.01326,40.70733],[-74.01329,40.70729],[-74.01331,40.70725],[-74.01334,40.70722],[-74.01336,40.7072],[-74.01337,40.70718],[-74.01339,40.70717],[-74.0134,40.70715],[-74.01342,40.70713],[-74.01343,40.70711],[-74.01345,40.70709],[-74.01346,40.70708],[-74.01348,40.70706],[-74.01349,40.70704],[-74.01351,40.70703],[-74.01352,40.70701],[-74.01354,40.70699],[-74.01355,40.70697],[-74.01357,40.70696],[-74.01389,40.70661],[-74.01394,40.70656],[-74.01398,40.70651],[-74.014,40.70646],[-74.01403,40.70641],[-74.01404,40.70635],[-74.01405,40.7063],[-74.01405,40.70624],[-74.01405,40.70618],[-74.01404,40.70613],[-74.01402,40.70607],[-74.01399,40.70601],[-74.01396,40.70595],[-74.01392,40.70588],[-74.01387,40.70582],[-74.01382,40.70576],[-74.01361,40.70551],[-74.01358,40.70547],[-74.01355,40.70544],[-74.01352,40.7054],[-74.01349,40.70536],[-74.01347,40.70532],[-74.01344,40.70528],[-74.01342,40.70524],[-74.0134,40.7052],[-74.01339,40.70515],[-74.01337,40.70511],[-74.01336,40.70507],[-74.01335,40.70503],[-74.01334,40.70499],[-74.01333,40.70495],[-74.01333,40.7049],[-74.01331,40.70479],[-74.0133,40.70468],[-74.01328,40.70458],[-74.01327,40.70448],[-74.01326,40.70438],[-74.01324,40.70428],[-74.01323,40.70419],[-74.01321,40.70411],[-74.0132,40.70402],[-74.01318,40.70394],[-74.01317,40.70387],[-74.01316,40.70379],[-74.01314,40.70372],[-74.01313,40.70365],[-74.01311,40.70359],[-74.01299,40.70309],[-74.01266,40.70181],[-74.01262,40.70169],[-74.01258,40.70158],[-74.01253,40.70148],[-74.01248,40.70137],[-74.01242,40.70127],[-74.01235,40.70118],[-74.01227,40.70109],[-74.01219,40.701],[-74.0121,40.70091],[-74.012,40.70083],[-74.0119,40.70076],[-74.01179,40.70068],[-74.01167,40.70061],[-74.01154,40.70055],[-74.01141,40.70048],[-74.01011,40.69994],[-73.99916,40.69618],[-73.99903,40.69613],[-73.9989,40.69609],[-73.99876,40.69605],[-73.99864,40.696],[-73.99851,40.69597],[-73.99838,40.69593],[-73.99826,40.69589],[-73.99814,40.69585],[-73.99802,40.69582],[-73.9979,40.69578],[-73.99778,40.69575],[-73.99767,40.69572],[-73.99755,40.69568],[-73.99744,40.69566],[-73.99733,40.69563],[-73.99178,40.6941],[-73.99079,40.69382],[-73.99069,40.6938],[-73.9906,40.69377],[-73.99051,40.69373],[-73.99043,40.6937],[-73.99035,40.69365],[-73.99027,40.69361],[-73.9902,40.69356],[-73.99013,40.69351],[-73.99007,40.69345],[-73.99001,40.69339],[-73.98995,40.69333],[-73.9899,40.69326],[-73.98985,40.69319],[-73.98981,40.69311],[-73.98977,40.69303],[-73.98972,40.69294],[-73.98967,40.69285],[-73.98961,40.69277],[-73.98954,40.69269],[-73.98946,40.69262],[-73.98938,40.69256],[-73.98929,40.6925],[-73.98919,40.69245],[-73.98908,40.69241],[-73.98897,40.69237],[-73.98885,40.69233],[-73.98872,40.69231],[-73.98858,40.69229],[-73.98844,40.69228],[-73.98829,40.69227],[-73.98594,40.69218],[-73.98333,40.69208],[-73.98323,40.69208],[-73.98313,40.69207],[-73.98303,40.69205],[-73.98295,40.69204],[-73.98286,40.69201],[-73.98278,40.69199],[-73.98271,40.69196],[-73.98264,40.69192],[-73.98258,40.69188],[-73.98252,40.69184],[-73.98247,40.69179],[-73.98242,40.69174],[-73.98238,40.69168],[-73.98234,40.69162],[-73.9823,40.69156],[-73.98182,40.69064],[-73.98121,40.68941],[-73.98118,40.68935],[-73.98115,40.68929],[-73.98112,40.68923],[-73.98108,40.68918],[-73.98104,40.68913],[-73.981,40.68908],[-73.98095,40.68903],[-73.98091,40.68899],[-73.98085,40.68894],[-73.9808,40.6889],[-73.98074,40.68886],[-73.98068,40.68883],[-73.98061,40.68879],[-73.98055,40.68876],[-73.98047,40.68873],[-73.9788,40.68807],[-73.97875,40.68804],[-73.97869,40.688],[-73.97864,40.68797],[-73.97859,40.68793],[-73.97855,40.68789],[-73.97851,40.68785],[-73.97847,40.68782],[-73.97844,40.68777],[-73.97841,40.68773],[-73.97838,40.68769],[-73.97836,40.68764],[-73.97834,40.68759],[-73.97832,40.68755],[-73.97831,40.6875],[-73.9783,40.68745],[-73.97798,40.68524],[-73.97798,40.6852],[-73.97798,40.68515],[-73.97799,40.68511],[-73.978,40.68507],[-73.978,40.68502],[-73.97801,40.68498],[-73.97803,40.68494],[-73.97804,40.6849],[-73.97806,40.68485],[-73.97808,40.68481],[-73.9781,40.68477],[-73.97812,40.68473],[-73.97814,40.68468],[-73.97817,40.68464],[-73.9782,40.6846],[-73.97881,40.68367],[-73.98311,40.67732],[-73.98362,40.67655],[-73.98365,40.6765],[-73.98368,40.67646],[-73.98372,40.67641],[-73.98375,40.67636],[-73.98378,40.67631],[-73.98382,40.67626],[-73.98386,40.67621],[-73.9839,40.67616],[-73.98393,40.6761],[-73.98398,40.67605],[-73.98402,40.676],[-73.98406,40.67594],[-73.9841,40.67589],[-73.98415,40.67583],[-73.98419,40.67578],[-73.9883,40.67085],[-73.9924,40.66593],[-73.99243,40.6659],[-73.99246,40.66586],[-73.99249,40.66583],[-73.99252,40.66579],[-73.99255,40.66576],[-73.99258,40.66572],[-73.99261,40.66569],[-73.99264,40.66566],[-73.99268,40.66562],[-73.99271,40.66559],[-73.99274,40.66555],[-73.99277,40.66552],[-73.9928,40.66548],[-73.99284,40.66545],[-73.99287,40.66541],[-73.99809,40.6604],[-74.00355,40.65514],[-74.00519,40.65356],[-74.01001,40.64894],[-74.01403,40.64507],[-74.01788,40.64136],[-74.0207,40.63865],[-74.02228,40.63714],[-74.02232,40.6371],[-74.02236,40.63706],[-74.0224,40.63702],[-74.02244,40.63698],[-74.02247,40.63693],[-74.02251,40.63689],[-74.02254,40.63684],[-74.02257,40.6368],[-74.02261,40.63675],[-74.02264,40.6367],[-74.02267,40.63665],[-74.0227,40.6366],[-74.02272,40.63654],[-74.02275,40.63649],[-74.02277,40.63644],[-74.02338,40.63497],[-74.02551,40.62974],[-74.0284,40.62269],[-74.03088,40.61662]]}},{"type":"Feature","properties":{"route":"R","color":"#F6BC26"},"geometry":{"type":"LineString","coordinates":[[-74.03088,40.61662],[-74.0284,40.62269],[-74.02551,40.62974],[-74.02338,40.63497],[-74.02277,40.63644],[-74.02275,40.63649],[-74.02272,40.63654],[-74.0227,40.6366],[-74.02267,40.63665],[-74.02264,40.6367],[-74.02261,40.63675],[-74.02257,40.6368],[-74.02254,40.63684],[-74.02251,40.63689],[-74.02247,40.63693],[-74.02244,40.63698],[-74.0224,40.63702],[-74.02236,40.63706],[-74.02232,40.6371],[-74.02228,40.63714],[-74.0207,40.63865],[-74.01788,40.64136],[-74.01403,40.64507],[-74.01001,40.64894],[-74.00519,40.65356],[-74.00355,40.65514],[-73.99809,40.6604],[-73.99287,40.66541],[-73.99284,40.66545],[-73.9928,40.66548],[-73.99277,40.66552],[-73.99274,40.66555],[-73.99271,40.66559],[-73.99268,40.66562],[-73.99264,40.66566],[-73.99261,40.66569],[-73.99258,40.66572],[-73.99255,40.66576],[-73.99252,40.66579],[-73.99249,40.66583],[-73.99246,40.66586],[-73.99243,40.6659],[-73.9924,40.66593],[-73.9883,40.67085],[-73.98419,40.67578],[-73.98415,40.67583],[-73.9841,40.67589],[-73.98406,40.67594],[-73.98402,40.676],[-73.98398,40.67605],[-73.98393,40.6761],[-73.9839,40.67616],[-73.98386,40.67621],[-73.98382,40.67626],[-73.98378,40.67631],[-73.98375,40.67636],[-73.98372,40.67641],[-73.98368,40.67646],[-73.98365,40.6765],[-73.98362,40.67655],[-73.98311,40.67732],[-73.97881,40.68367],[-73.9782,40.6846],[-73.97817,40.68464],[-73.97814,40.68468],[-73.97812,40.68473],[-73.9781,40.68477],[-73.97808,40.68481],[-73.97806,40.68485],[-73.97804,40.6849],[-73.97803,40.68494],[-73.97801,40.68498],[-73.978,40.68502],[-73.978,40.68507],[-73.97799,40.68511],[-73.97798,40.68515],[-73.97798,40.6852],[-73.97798,40.68524],[-73.9783,40.68745],[-73.97831,40.6875],[-73.97832,40.68755],[-73.97834,40.68759],[-73.97836,40.68764],[-73.97838,40.68769],[-73.97841,40.68773],[-73.97844,40.68777],[-73.97847,40.68782],[-73.97851,40.68785],[-73.97855,40.68789],[-73.97859,40.68793],[-73.97864,40.68797],[-73.97869,40.688],[-73.97875,40.68804],[-73.9788,40.68807],[-73.98047,40.68873],[-73.98055,40.68876],[-73.98061,40.68879],[-73.98068,40.68883],[-73.98074,40.68886],[-73.9808,40.6889],[-73.98085,40.68894],[-73.98091,40.68899],[-73.98095,40.68903],[-73.981,40.68908],[-73.98104,40.68913],[-73.98108,40.68918],[-73.98112,40.68923],[-73.98115,40.68929],[-73.98118,40.68935],[-73.98121,40.68941],[-73.98182,40.69064],[-73.9823,40.69156],[-73.98234,40.69162],[-73.98238,40.69168],[-73.98242,40.69174],[-73.98247,40.69179],[-73.98252,40.69184],[-73.98258,40.69188],[-73.98264,40.69192],[-73.98271,40.69196],[-73.98278,40.69199],[-73.98286,40.69201],[-73.98295,40.69204],[-73.98303,40.69205],[-73.98313,40.69207],[-73.98323,40.69208],[-73.98333,40.69208],[-73.98594,40.69218],[-73.98829,40.69227],[-73.98844,40.69228],[-73.98858,40.69229],[-73.98872,40.69231],[-73.98885,40.69233],[-73.98897,40.69237],[-73.98908,40.69241],[-73.98919,40.69245],[-73.98929,40.6925],[-73.98938,40.69256],[-73.98946,40.69262],[-73.98954,40.69269],[-73.98961,40.69277],[-73.98967,40.69285],[-73.98972,40.69294],[-73.98977,40.69303],[-73.98981,40.69311],[-73.98985,40.69319],[-73.9899,40.69326],[-73.98995,40.69333],[-73.99001,40.69339],[-73.99007,40.69345],[-73.99013,40.69351],[-73.9902,40.69356],[-73.99027,40.69361],[-73.99035,40.69365],[-73.99043,40.6937],[-73.99051,40.69373],[-73.9906,40.69377],[-73.99069,40.6938],[-73.99079,40.69382],[-73.99178,40.6941],[-73.99733,40.69563],[-73.99744,40.69566],[-73.99755,40.69568],[-73.99767,40.69572],[-73.99778,40.69575],[-73.9979,40.69578],[-73.99802,40.69582],[-73.99814,40.69585],[-73.99826,40.69589],[-73.99838,40.69593],[-73.99851,40.69597],[-73.99864,40.696],[-73.99876,40.69605],[-73.9989,40.69609],[-73.99903,40.69613],[-73.99916,40.69618],[-74.01011,40.69994],[-74.01141,40.70048],[-74.01154,40.70055],[-74.01167,40.70061],[-74.01179,40.70068],[-74.0119,40.70076],[-74.012,40.70083],[-74.0121,40.70091],[-74.01219,40.701],[-74.01227,40.70109],[-74.01235,40.70118],[-74.01242,40.70127],[-74.01248,40.70137],[-74.01253,40.70148],[-74.01258,40.70158],[-74.01262,40.70169],[-74.01266,40.70181],[-74.01299,40.70309],[-74.01311,40.70359],[-74.01313,40.70365],[-74.01314,40.70372],[-74.01316,40.70379],[-74.01317,40.70387],[-74.01318,40.70394],[-74.0132,40.70402],[-74.01321,40.70411],[-74.01323,40.70419],[-74.01324,40.70428],[-74.01326,40.70438],[-74.01327,40.70448],[-74.01328,40.70458],[-74.0133,40.70468],[-74.01331,40.70479],[-74.01333,40.7049],[-74.01333,40.70495],[-74.01334,40.70499],[-74.01335,40.70503],[-74.01336,40.70507],[-74.01337,40.70511],[-74.01339,40.70515],[-74.0134,40.7052],[-74.01342,40.70524],[-74.01344,40.70528],[-74.01347,40.70532],[-74.01349,40.70536],[-74.01352,40.7054],[-74.01355,40.70544],[-74.01358,40.70547],[-74.01361,40.70551],[-74.01382,40.70576],[-74.01387,40.70582],[-74.01392,40.70588],[-74.01396,40.70595],[-74.01399,40.70601],[-74.01402,40.70607],[-74.01404,40.70613],[-74.01405,40.70618],[-74.01405,40.70624],[-74.01405,40.7063],[-74.01404,40.70635],[-74.01403,40.70641],[-74.014,40.70646],[-74.01398,40.70651],[-74.01394,40.70656],[-74.01389,40.70661],[-74.01357,40.70696],[-74.01355,40.70697],[-74.01354,40.70699],[-74.01352,40.70701],[-74.01351,40.70703],[-74.01349,40.70704],[-74.01348,40.70706],[-74.01346,40.70708],[-74.01345,40.70709],[-74.01343,40.70711],[-74.01342,40.70713],[-74.0134,40.70715],[-74.01339,40.70717],[-74.01337,40.70718],[-74.01336,40.7072],[-74.01334,40.70722],[-74.01331,40.70725],[-74.01329,40.70729],[-74.01326,40.70733],[-74.01323,40.70736],[-74.0132,40.7074],[-74.01318,40.70744],[-74.01315,40.70748],[-74.01103,40.71067],[-74.01046,40.71154],[-74.01042,40.71159],[-74.01037,40.71163],[-74.01032,40.71167],[-74.01027,40.7117],[-74.01022,40.71173],[-74.01016,40.71175],[-74.0101,40.71176],[-74.01003,40.71177],[-74.00996,40.71177],[-74.0099,40.71177],[-74.00982,40.71176],[-74.00975,40.71174],[-74.00967,40.71172],[-74.00959,40.71169],[-74.00951,40.71166],[-74.00941,40.71162],[-74.00933,40.71159],[-74.00925,40.71156],[-74.00916,40.71154],[-74.00909,40.71152],[-74.00901,40.71151],[-74.00894,40.7115],[-74.00887,40.7115],[-74.00879,40.7115],[-74.00872,40.71151],[-74.00866,40.71153],[-74.00859,40.71154],[-74.00853,40.71157],[-74.00847,40.7116],[-74.00841,40.71164],[-74.00835,40.71168],[-74.00771,40.71248],[-74.0077,40.71249],[-74.00769,40.7125],[-74.00769,40.71251],[-74.00768,40.71252],[-74.00767,40.71252],[-74.00766,40.71253],[-74.00765,40.71254],[-74.00764,40.71255],[-74.00763,40.71256],[-74.00762,40.71257],[-74.00761,40.71257],[-74.0076,40.71258],[-74.00759,40.71259],[-74.00758,40.7126],[-74.00757,40.7126],[-74.00756,40.71261],[-74.00755,40.71262],[-74.00754,40.71263],[-74.00754,40.71263],[-74.00753,40.71264],[-74.00752,40.71265],[-74.00751,40.71266],[-74.0075,40.71266],[-74.00749,40.71267],[-74.00748,40.71268],[-74.00748,40.71269],[-74.00747,40.7127],[-74.00746,40.7127],[-74.00745,40.71271],[-74.00745,40.71272],[-74.00698,40.71328],[-74.00637,40.71401],[-74.00637,40.71402],[-74.00636,40.71402],[-74.00636,40.71403],[-74.00635,40.71404],[-74.00635,40.71405],[-74.00634,40.71405],[-74.00634,40.71406],[-74.00633,40.71407],[-74.00633,40.71408],[-74.00632,40.71408],[-74.00632,40.71409],[-74.00632,40.7141],[-74.00631,40.71411],[-74.00631,40.71412],[-74.00631,40.71412],[-74.0063,40.71413],[-74.0063,40.71414],[-74.0063,40.71415],[-74.00629,40.71416],[-74.00629,40.71417],[-74.00628,40.71417],[-74.00628,40.71418],[-74.00628,40.71419],[-74.00627,40.7142],[-74.00627,40.7142],[-74.00626,40.71421],[-74.00626,40.71422],[-74.00625,40.71422],[-74.00625,40.71423],[-74.00624,40.71424],[-74.00177,40.71953],[-74.00143,40.71993],[-73.9977,40.72433],[-73.99263,40.73033],[-73.99168,40.73145],[-73.99165,40.73148],[-73.99162,40.73153],[-73.99159,40.73157],[-73.99156,40.73161],[-73.99153,40.73165],[-73.99151,40.73169],[-73.99148,40.73174],[-73.99146,40.73178],[-73.99144,40.73182],[-73.99142,40.73187],[-73.99141,40.73191],[-73.99139,40.73195],[-73.99138,40.732],[-73.99137,40.73204],[-73.99136,40.73209],[-73.99057,40.73574],[-73.99021,40.73743],[-73.99019,40.73748],[-73.99019,40.73752],[-73.99018,40.73756],[-73.99017,40.73761],[-73.99016,40.73765],[-73.99014,40.7377],[-73.99013,40.73774],[-73.99012,40.73779],[-73.99011,40.73784],[-73.9901,40.73789],[-73.99009,40.73794],[-73.99008,40.73799],[-73.99006,40.73804],[-73.99005,40.73808],[-73.99004,40.73814],[-73.9896,40.73979],[-73.98959,40.73984],[-73.98958,40.73989],[-73.98957,40.73994],[-73.98955,40.74],[-73.98954,40.74005],[-73.98953,40.74009],[-73.98952,40.74014],[-73.98951,40.74019],[-73.9895,40.74024],[-73.98949,40.74029],[-73.98949,40.74034],[-73.98948,40.74039],[-73.98947,40.74044],[-73.98946,40.74049],[-73.98946,40.74054],[-73.98934,40.7413],[-73.98919,40.74264],[-73.98919,40.7427],[-73.98918,40.74276],[-73.98917,40.74281],[-73.98917,40.74287],[-73.98916,40.74292],[-73.98915,40.74297],[-73.98915,40.74303],[-73.98914,40.74307],[-73.98913,40.74312],[-73.98912,40.74317],[-73.98912,40.74322],[-73.98911,40.74327],[-73.9891,40.74331],[-73.98909,40.74336],[-73.98908,40.7434],[-73.98869,40.74549],[-73.98795,40.74957],[-73.98757,40.75182],[-73.98756,40.75189],[-73.98754,40.75197],[-73.98753,40.75205],[-73.98751,40.75213],[-73.98749,40.7522],[-73.98748,40.75228],[-73.98746,40.75236],[-73.98744,40.75244],[-73.98742,40.75252],[-73.9874,40.75259],[-73.98738,40.75267],[-73.98735,40.75275],[-73.98733,40.75283],[-73.98731,40.7529],[-73.98728,40.75298],[-73.98675,40.75467],[-73.9862,40.75643],[-73.98615,40.75657],[-73.98611,40.7567],[-73.98606,40.75684],[-73.986,40.75697],[-73.98595,40.7571],[-73.98589,40.75723],[-73.98583,40.75735],[-73.98578,40.75748],[-73.98571,40.7576],[-73.98565,40.75772],[-73.98558,40.75784],[-73.98551,40.75795],[-73.98544,40.75806],[-73.98537,40.75817],[-73.9853,40.75828],[-73.98414,40.7599],[-73.98066,40.76466],[-73.9795,40.76625],[-73.97944,40.76633],[-73.97938,40.7664],[-73.97931,40.76646],[-73.97924,40.76651],[-73.97917,40.76655],[-73.97909,40.76658],[-73.97901,40.76661],[-73.97893,40.76663],[-73.97885,40.76664],[-73.97876,40.76665],[-73.97867,40.76664],[-73.97858,40.76663],[-73.97848,40.76661],[-73.97838,40.76658],[-73.97828,40.76654],[-73.97422,40.76483],[-73.97419,40.76482],[-73.97417,40.76481],[-73.97415,40.7648],[-73.97412,40.76479],[-73.9741,40.76479],[-73.97407,40.76478],[-73.97405,40.76478],[-73.97402,40.76477],[-73.974,40.76477],[-73.97397,40.76477],[-73.97395,40.76477],[-73.97392,40.76476],[-73.9739,40.76476],[-73.97387,40.76477],[-73.97385,40.76477],[-73.97335,40.76481],[-73.97272,40.76487],[-73.97269,40.76487],[-73.97267,40.76487],[-73.97265,40.76487],[-73.97262,40.76487],[-73.9726,40.76487],[-73.97258,40.76486],[-73.97255,40.76486],[-73.97253,40.76485],[-73.9725,40.76485],[-73.97248,40.76484],[-73.97245,40.76483],[-73.97243,40.76483],[-73.9724,40.76482],[-73.97237,40.76481],[-73.97235,40.7648],[-73.96726,40.76266],[-73.95913,40.75923],[-73.94694,40.75377],[-73.94415,40.75255],[-73.94384,40.7524],[-73.94374,40.75233],[-73.94364,40.75226],[-73.94356,40.75218],[-73.94348,40.75211],[-73.94341,40.75203],[-73.94335,40.75194],[-73.94329,40.75186],[-73.94325,40.75177],[-73.94321,40.75168],[-73.94318,40.75159],[-73.94316,40.75149],[-73.94314,40.75139],[-73.94313,40.75129],[-73.94313,40.75118],[-73.94317,40.75037],[-73.94317,40.75031],[-73.94317,40.75026],[-73.94317,40.7502],[-73.94317,40.75015],[-73.94316,40.75009],[-73.94315,40.75004],[-73.94313,40.74999],[-73.94311,40.74994],[-73.94309,40.74988],[-73.94307,40.74983],[-73.94304,40.74979],[-73.94301,40.74974],[-73.94298,40.74969],[-73.94294,40.74964],[-73.9429,40.74959],[-73.94191,40.74857],[-73.9418,40.74846],[-73.94168,40.74836],[-73.94156,40.74827],[-73.94144,40.7482],[-73.94131,40.74813],[-73.94118,40.74808],[-73.94104,40.74803],[-73.9409,40.748],[-73.94075,40.74798],[-73.9406,40.74796],[-73.94044,40.74796],[-73.94029,40.74797],[-73.94012,40.74799],[-73.93995,40.74802],[-73.93978,40.74806],[-73.93724,40.74897],[-73.93717,40.749],[-73.9371,40.74903],[-73.93703,40.74905],[-73.93696,40.74908],[-73.9369,40.74911],[-73.93683,40.74915],[-73.93677,40.74918],[-73.93671,40.74921],[-73.93666,40.74925],[-73.9366,40.74929],[-73.93654,40.74933],[-73.93649,40.74937],[-73.93644,40.74941],[-73.93639,40.74945],[-73.93635,40.7495],[-73.93509,40.75066],[-73.93491,40.75083],[-73.93473,40.75098],[-73.93453,40.75113],[-73.93433,40.75126],[-73.93412,40.75138],[-73.9339,40.75149],[-73.93368,40.75159],[-73.93345,40.75168],[-73.93321,40.75176],[-73.93297,40.75182],[-73.93271,40.75188],[-73.93245,40.75192],[-73.93218,40.75196],[-73.93191,40.75198],[-73.93163,40.75199],[-73.92878,40.75204],[-73.92656,40.75207],[-73.92645,40.75208],[-73.92634,40.75208],[-73.92623,40.75209],[-73.92612,40.7521],[-73.92601,40.75211],[-73.9259,40.75212],[-73.9258,40.75213],[-73.92569,40.75215],[-73.92558,40.75216],[-73.92548,40.75218],[-73.92538,40.7522],[-73.92527,40.75222],[-73.92517,40.75224],[-73.92507,40.75226],[-73.92497,40.75229],[-73.92486,40.75231],[-73.92476,40.75234],[-73.92466,40.75237],[-73.92456,40.75241],[-73.92447,40.75245],[-73.92438,40.7525],[-73.92429,40.75254],[-73.92421,40.7526],[-73.92413,40.75265],[-73.92405,40.75271],[-73.92398,40.75278],[-73.92391,40.75285],[-73.92385,40.75292],[-73.92379,40.75299],[-73.92373,40.75307],[-73.92157,40.75585],[-73.92155,40.75587],[-73.92155,40.75588],[-73.92154,40.75589],[-73.92153,40.75591],[-73.92151,40.75592],[-73.9215,40.75593],[-73.92149,40.75595],[-73.92148,40.75596],[-73.92147,40.75598],[-73.92146,40.75599],[-73.92145,40.75601],[-73.92143,40.75602],[-73.92142,40.75604],[-73.92141,40.75606],[-73.9214,40.75607],[-73.92074,40.75688],[-73.91985,40.75797],[-73.91971,40.75811],[-73.91957,40.75821],[-73.91942,40.7583],[-73.91926,40.75838],[-73.9191,40.75844],[-73.91894,40.75848],[-73.91876,40.75851],[-73.91859,40.75852],[-73.91841,40.75852],[-73.91822,40.7585],[-73.91803,40.75847],[-73.91784,40.75842],[-73.91764,40.75836],[-73.91743,40.75828],[-73.91722,40.75818],[-73.91483,40.75702],[-73.9148,40.757],[-73.91476,40.75699],[-73.91473,40.75697],[-73.91469,40.75695],[-73.91465,40.75693],[-73.91462,40.75691],[-73.91458,40.7569],[-73.91455,40.75688],[-73.91451,40.75686],[-73.91447,40.75685],[-73.91444,40.75683],[-73.9144,40.75681],[-73.91437,40.75679],[-73.91433,40.75678],[-73.91429,40.75676],[-73.91333,40.75631],[-73.90893,40.75424],[-73.90679,40.75322],[-73.90601,40.75288],[-73.89845,40.74967],[-73.89134,40.74664],[-73.88515,40.74401],[-73.8851,40.74399],[-73.88506,40.74397],[-73.88501,40.74395],[-73.88497,40.74393],[-73.88493,40.74391],[-73.88488,40.74389],[-73.88484,40.74387],[-73.8848,40.74385],[-73.88476,40.74383],[-73.88472,40.74381],[-73.88468,40.74379],[-73.88464,40.74377],[-73.8846,40.74376],[-73.8846,40.74376],[-73.88456,40.74374],[-73.88452,40.74372],[-73.88292,40.74293],[-73.88285,40.7429],[-73.88277,40.74286],[-73.88271,40.74283],[-73.88264,40.74279],[-73.88257,40.74276],[-73.88251,40.74273],[-73.88245,40.74269],[-73.88239,40.74266],[-73.88233,40.74263],[-73.88227,40.7426],[-73.88222,40.74257],[-73.88217,40.74254],[-73.88211,40.74251],[-73.88206,40.74248],[-73.88202,40.74245],[-73.88195,40.74242],[-73.88187,40.74238],[-73.8818,40.74234],[-73.88173,40.7423],[-73.88166,40.74226],[-73.88159,40.74222],[-73.88152,40.74217],[-73.88145,40.74213],[-73.88138,40.74209],[-73.88132,40.74204],[-73.88125,40.742],[-73.88118,40.74196],[-73.88111,40.74191],[-73.88104,40.74187],[-73.88098,40.74182],[-73.87942,40.74066],[-73.87936,40.74061],[-73.87929,40.74056],[-73.87923,40.74051],[-73.87918,40.74045],[-73.87912,40.74039],[-73.87906,40.74033],[-73.879,40.74026],[-73.87895,40.74019],[-73.8789,40.74012],[-73.87884,40.74005],[-73.87879,40.73998],[-73.87874,40.7399],[-73.8787,40.73982],[-73.87865,40.73974],[-73.8786,40.73965],[-73.87722,40.73701],[-73.87705,40.73671],[-73.87695,40.73651],[-73.87683,40.73633],[-73.87671,40.73615],[-73.87656,40.73598],[-73.87641,40.73581],[-73.87624,40.73566],[-73.87605,40.73551],[-73.87586,40.73537],[-73.87565,40.73523],[-73.87543,40.73511],[-73.87519,40.73499],[-73.87495,40.73488],[-73.87469,40.73477],[-73.87441,40.73468],[-73.87413,40.73459],[-73.87092,40.73365],[-73.87081,40.73361],[-73.87069,40.73358],[-73.87057,40.73354],[-73.87045,40.73351],[-73.87034,40.73347],[-73.87022,40.73344],[-73.87011,40.7334],[-73.87,40.73336],[-73.86988,40.73333],[-73.86977,40.73329],[-73.86966,40.73325],[-73.86955,40.73322],[-73.86944,40.73318],[-73.86934,40.73314],[-73.86923,40.73311],[-73.86906,40.73304],[-73.8689,40.73298],[-73.86874,40.73291],[-73.86858,40.73284],[-73.86843,40.73277],[-73.86827,40.73271],[-73.86813,40.73264],[-73.86798,40.73257],[-73.86784,40.7325],[-73.86771,40.73243],[-73.86757,40.73236],[-73.86744,40.73229],[-73.86732,40.73221],[-73.86719,40.73214],[-73.86707,40.73207],[-73.86695,40.73199],[-73.86681,40.73191],[-73.86668,40.73184],[-73.86653,40.73176],[-73.86639,40.73169],[-73.86624,40.73161],[-73.86609,40.73154],[-73.86593,40.73147],[-73.86577,40.7314],[-73.8656,40.73133],[-73.86543,40.73126],[-73.86526,40.73119],[-73.86508,40.73112],[-73.8649,40.73105],[-73.86471,40.73098],[-73.8616,40.72985],[-73.85438,40.72722],[-73.85428,40.72718],[-73.85418,40.72714],[-73.85408,40.7271],[-73.85398,40.72706],[-73.85388,40.72702],[-73.85377,40.72698],[-73.85367,40.72693],[-73.85355,40.72689],[-73.85344,40.72684],[-73.85333,40.72679],[-73.85321,40.72674],[-73.85309,40.72669],[-73.85297,40.72664],[-73.85285,40.72658],[-73.85272,40.72652],[-73.85254,40.72644],[-73.85236,40.72636],[-73.85219,40.72627],[-73.85201,40.72618],[-73.85185,40.72609],[-73.85169,40.72599],[-73.85153,40.7259],[-73.85138,40.7258],[-73.85123,40.7257],[-73.85108,40.7256],[-73.85094,40.72549],[-73.8508,40.72538],[-73.85067,40.72527],[-73.85054,40.72516],[-73.85042,40.72505],[-73.85025,40.72489],[-73.85008,40.72474],[-73.84991,40.72458],[-73.84974,40.72444],[-73.84956,40.72429],[-73.84937,40.72415],[-73.84918,40.72401],[-73.84899,40.72388],[-73.8488,40.72375],[-73.8486,40.72362],[-73.84839,40.72349],[-73.84819,40.72337],[-73.84798,40.72325],[-73.84776,40.72314],[-73.84754,40.72303],[-73.84452,40.72169]]}},{"type":"Feature","properties":{"route":"SIR","color":"#08179C"},"geometry":{"type":"LineString","coordinates":[[-74.07364,40.64375],[-74.07374,40.64364],[-74.07384,40.64354],[-74.07393,40.64344],[-74.07401,40.64333],[-74.07409,40.64323],[-74.07417,40.64312],[-74.07424,40.64301],[-74.0743,40.64291],[-74.07437,40.6428],[-74.07442,40.64269],[-74.07448,40.64258],[-74.07453,40.64247],[-74.07457,40.64236],[-74.07461,40.64225],[-74.07465,40.64214],[-74.0753,40.63946],[-74.07532,40.63939],[-74.07533,40.63932],[-74.07534,40.63925],[-74.07535,40.63919],[-74.07535,40.63912],[-74.07536,40.63905],[-74.07536,40.63899],[-74.07536,40.63892],[-74.07536,40.63886],[-74.07535,40.63879],[-74.07534,40.63873],[-74.07533,40.63866],[-74.07532,40.6386],[-74.07531,40.63853],[-74.07529,40.63847],[-74.07506,40.63775],[-74.07504,40.63769],[-74.07502,40.63763],[-74.075,40.63757],[-74.07498,40.63751],[-74.07497,40.63746],[-74.07495,40.6374],[-74.07493,40.63735],[-74.07492,40.63729],[-74.07491,40.63724],[-74.07489,40.63719],[-74.07488,40.63714],[-74.07487,40.63709],[-74.07486,40.63704],[-74.07484,40.63699],[-74.07483,40.63695],[-74.07483,40.63692],[-74.07482,40.63689],[-74.07482,40.63686],[-74.07481,40.63683],[-74.0748,40.6368],[-74.0748,40.63677],[-74.07479,40.63674],[-74.07479,40.63671],[-74.07478,40.63668],[-74.07478,40.63665],[-74.07477,40.63663],[-74.07477,40.6366],[-74.07476,40.63657],[-74.07476,40.63654],[-74.07476,40.63652],[-74.07458,40.63536],[-74.07457,40.63532],[-74.07457,40.63528],[-74.07456,40.63524],[-74.07456,40.6352],[-74.07455,40.63516],[-74.07454,40.63512],[-74.07454,40.63509],[-74.07453,40.63505],[-74.07452,40.63501],[-74.07452,40.63498],[-74.07451,40.63494],[-74.0745,40.63491],[-74.0745,40.63488],[-74.07449,40.63484],[-74.07448,40.63481],[-74.07436,40.63415],[-74.07434,40.63402],[-74.07432,40.63389],[-74.07431,40.63376],[-74.0743,40.63363],[-74.07431,40.6335],[-74.07431,40.63337],[-74.07433,40.63325],[-74.07435,40.63312],[-74.07438,40.63299],[-74.07441,40.63287],[-74.07445,40.63275],[-74.07449,40.63262],[-74.07455,40.6325],[-74.07461,40.63238],[-74.07467,40.63226],[-74.07494,40.63177],[-74.07498,40.63167],[-74.07503,40.63158],[-74.07507,40.63148],[-74.0751,40.63139],[-74.07514,40.6313],[-74.07517,40.6312],[-74.0752,40.63111],[-74.07523,40.63101],[-74.07525,40.63092],[-74.07527,40.63082],[-74.07529,40.63072],[-74.0753,40.63063],[-74.07531,40.63053],[-74.07532,40.63043],[-74.07533,40.63033],[-74.07533,40.63026],[-74.07533,40.63018],[-74.07533,40.63009],[-74.07534,40.63001],[-74.07534,40.62992],[-74.07533,40.62984],[-74.07533,40.62975],[-74.07533,40.62966],[-74.07533,40.62957],[-74.07532,40.62948],[-74.07532,40.62938],[-74.07531,40.62929],[-74.0753,40.62919],[-74.07529,40.62909],[-74.07528,40.62899],[-74.07516,40.62792],[-74.07505,40.62707],[-74.07504,40.62697],[-74.07502,40.62687],[-74.075,40.62677],[-74.07498,40.62667],[-74.07496,40.62658],[-74.07493,40.62648],[-74.07491,40.6264],[-74.07488,40.62631],[-74.07485,40.62622],[-74.07481,40.62614],[-74.07478,40.62606],[-74.07474,40.62599],[-74.0747,40.62591],[-74.07466,40.62584],[-74.07461,40.62577],[-74.07352,40.62424],[-74.07313,40.62371],[-74.07311,40.62369],[-74.07309,40.62366],[-74.07307,40.62364],[-74.07305,40.62362],[-74.07304,40.62359],[-74.07302,40.62357],[-74.073,40.62355],[-74.07298,40.62353],[-74.07296,40.6235],[-74.07295,40.62348],[-74.07293,40.62346],[-74.07291,40.62344],[-74.07289,40.62342],[-74.07287,40.62339],[-74.07286,40.62337],[-74.0724,40.62284],[-74.07235,40.62278],[-74.0723,40.62273],[-74.07225,40.62267],[-74.07221,40.62261],[-74.07217,40.62256],[-74.07212,40.6225],[-74.07208,40.62245],[-74.07204,40.6224],[-74.07201,40.62235],[-74.07197,40.6223],[-74.07193,40.62224],[-74.0719,40.62219],[-74.07187,40.62214],[-74.07183,40.6221],[-74.0718,40.62205],[-74.0714,40.62132],[-74.07129,40.6211],[-74.07121,40.62089],[-74.07116,40.62067],[-74.07114,40.62046],[-74.07114,40.62025],[-74.07117,40.62004],[-74.07123,40.61983],[-74.07125,40.61978],[-74.07127,40.61973],[-74.07129,40.61968],[-74.07131,40.61963],[-74.07134,40.61958],[-74.07137,40.61952],[-74.0714,40.61947],[-74.07143,40.61941],[-74.07146,40.61936],[-74.0715,40.6193],[-74.07154,40.61924],[-74.07158,40.61919],[-74.07163,40.61912],[-74.07167,40.61906],[-74.07172,40.619],[-74.07178,40.61894],[-74.07183,40.61888],[-74.07188,40.61882],[-74.07194,40.61877],[-74.072,40.61871],[-74.07206,40.61866],[-74.07213,40.6186],[-74.07219,40.61855],[-74.07226,40.6185],[-74.07233,40.61845],[-74.07241,40.6184],[-74.07248,40.61836],[-74.07256,40.61831],[-74.07264,40.61827],[-74.07272,40.61822],[-74.0732,40.61798],[-74.07337,40.61788],[-74.07354,40.61778],[-74.0737,40.61767],[-74.07385,40.61756],[-74.07401,40.61744],[-74.07415,40.61732],[-74.0743,40.6172],[-74.07443,40.61707],[-74.07457,40.61693],[-74.07469,40.61679],[-74.07482,40.61664],[-74.07494,40.61649],[-74.07505,40.61633],[-74.07516,40.61617],[-74.07526,40.61601],[-74.07892,40.60983],[-74.07898,40.60973],[-74.07904,40.60962],[-74.07911,40.60952],[-74.07918,40.60941],[-74.07925,40.6093],[-74.07932,40.6092],[-74.07939,40.60909],[-74.07946,40.60898],[-74.07954,40.60888],[-74.07961,40.60877],[-74.07969,40.60866],[-74.07977,40.60856],[-74.07985,40.60845],[-74.07994,40.60834],[-74.08002,40.60823],[-74.08409,40.60312],[-74.08455,40.60253],[-74.08465,40.6024],[-74.08476,40.60227],[-74.08485,40.60213],[-74.08495,40.602],[-74.08504,40.60186],[-74.08513,40.60172],[-74.08522,40.60158],[-74.0853,40.60144],[-74.08538,40.6013],[-74.08546,40.60116],[-74.08553,40.60102],[-74.0856,40.60087],[-74.08567,40.60073],[-74.08574,40.60058],[-74.0858,40.60044],[-74.08667,40.5981],[-74.08671,40.598],[-74.08675,40.59791],[-74.08679,40.59781],[-74.08683,40.59771],[-74.08687,40.59762],[-74.08691,40.59752],[-74.08696,40.59742],[-74.087,40.59732],[-74.08705,40.59722],[-74.0871,40.59712],[-74.08715,40.59702],[-74.0872,40.59692],[-74.08726,40.59682],[-74.08731,40.59672],[-74.08737,40.59661],[-74.08768,40.59609],[-74.08786,40.59582],[-74.08804,40.59555],[-74.08824,40.59528],[-74.08844,40.59502],[-74.08864,40.59477],[-74.08885,40.59452],[-74.08907,40.59428],[-74.0893,40.59403],[-74.08954,40.5938],[-74.08978,40.59357],[-74.09003,40.59334],[-74.09028,40.59312],[-74.09055,40.5929],[-74.09082,40.59269],[-74.0911,40.59248],[-74.09609,40.58885],[-74.10334,40.58359],[-74.1097,40.57896],[-74.11034,40.5785],[-74.11216,40.57713],[-74.11219,40.5771],[-74.11222,40.57708],[-74.11225,40.57705],[-74.11228,40.57703],[-74.11232,40.577],[-74.11235,40.57697],[-74.11239,40.57695],[-74.11242,40.57692],[-74.11246,40.5769],[-74.1125,40.57687],[-74.11253,40.57684],[-74.11257,40.57682],[-74.11261,40.57679],[-74.11265,40.57676],[-74.11269,40.57673],[-74.11721,40.57348],[-74.11867,40.57243],[-74.11885,40.5723],[-74.11903,40.57217],[-74.11921,40.57203],[-74.11939,40.57189],[-74.11957,40.57175],[-74.11975,40.5716],[-74.11993,40.57145],[-74.12011,40.57129],[-74.12029,40.57114],[-74.12047,40.57097],[-74.12065,40.57081],[-74.12082,40.57064],[-74.121,40.57047],[-74.12118,40.57029],[-74.12136,40.57012],[-74.12488,40.56641],[-74.12494,40.56635],[-74.125,40.56629],[-74.12506,40.56624],[-74.12512,40.56618],[-74.12518,40.56612],[-74.12524,40.56606],[-74.1253,40.566],[-74.12537,40.56594],[-74.12543,40.56589],[-74.12549,40.56583],[-74.12556,40.56577],[-74.12562,40.56571],[-74.12568,40.56565],[-74.12575,40.56559],[-74.12582,40.56554],[-74.12632,40.56511],[-74.13496,40.55793],[-74.13503,40.55787],[-74.13511,40.55781],[-74.13519,40.55774],[-74.13527,40.55768],[-74.13535,40.55761],[-74.13543,40.55754],[-74.13552,40.55747],[-74.13561,40.5574],[-74.1357,40.55732],[-74.13579,40.55725],[-74.13589,40.55718],[-74.13599,40.5571],[-74.13608,40.55702],[-74.13619,40.55694],[-74.13629,40.55686],[-74.13691,40.5564],[-74.13764,40.55589],[-74.13777,40.5558],[-74.13791,40.55571],[-74.13804,40.55562],[-74.13818,40.55554],[-74.13833,40.55545],[-74.13847,40.55537],[-74.13862,40.55528],[-74.13877,40.5552],[-74.13892,40.55511],[-74.13908,40.55503],[-74.13923,40.55494],[-74.1394,40.55486],[-74.13956,40.55478],[-74.13972,40.5547],[-74.13989,40.55462],[-74.14121,40.55399],[-74.14136,40.55392],[-74.14151,40.55385],[-74.14165,40.55379],[-74.1418,40.55373],[-74.14195,40.55366],[-74.1421,40.5536],[-74.14225,40.55354],[-74.14239,40.55348],[-74.14254,40.55343],[-74.14269,40.55337],[-74.14284,40.55332],[-74.14299,40.55327],[-74.14313,40.55322],[-74.14328,40.55317],[-74.14343,40.55312],[-74.14357,40.55308],[-74.14371,40.55304],[-74.14386,40.553],[-74.144,40.55296],[-74.14415,40.55292],[-74.1443,40.55289],[-74.14445,40.55285],[-74.1446,40.55282],[-74.14476,40.55279],[-74.14491,40.55276],[-74.14507,40.55273],[-74.14523,40.55271],[-74.14539,40.55269],[-74.14555,40.55266],[-74.14571,40.55264],[-74.1477,40.55242],[-74.1479,40.55239],[-74.14809,40.55236],[-74.14829,40.55233],[-74.14848,40.5523],[-74.14866,40.55226],[-74.14885,40.55222],[-74.14903,40.55217],[-74.14921,40.55213],[-74.14939,40.55207],[-74.14957,40.55202],[-74.14974,40.55196],[-74.14991,40.5519],[-74.15008,40.55183],[-74.15025,40.55176],[-74.15041,40.55169],[-74.1514,40.55123],[-74.15296,40.5505],[-74.15317,40.5504],[-74.1534,40.55029],[-74.15365,40.55016],[-74.15391,40.55004],[-74.15418,40.5499],[-74.15447,40.54976],[-74.15478,40.5496],[-74.1551,40.54944],[-74.15543,40.54928],[-74.15578,40.5491],[-74.15614,40.54892],[-74.15652,40.54872],[-74.15692,40.54852],[-74.15733,40.54832],[-74.15775,40.5481],[-74.16205,40.54592],[-74.16457,40.5446],[-74.16613,40.54379],[-74.16655,40.54358],[-74.16695,40.54339],[-74.16736,40.5432],[-74.16775,40.54302],[-74.16815,40.54286],[-74.16854,40.5427],[-74.16893,40.54255],[-74.16931,40.54241],[-74.16969,40.54228],[-74.17007,40.54216],[-74.17044,40.54204],[-74.17081,40.54194],[-74.17118,40.54185],[-74.17154,40.54176],[-74.1719,40.54169],[-74.17822,40.54046],[-74.17941,40.54022],[-74.17963,40.54017],[-74.17983,40.54013],[-74.18002,40.54008],[-74.18021,40.54004],[-74.18039,40.54],[-74.18055,40.53997],[-74.18072,40.53993],[-74.18086,40.53989],[-74.18101,40.53986],[-74.18114,40.53983],[-74.18126,40.53979],[-74.18138,40.53977],[-74.18149,40.53974],[-74.18158,40.53971],[-74.18167,40.53969],[-74.18181,40.53965],[-74.18195,40.53961],[-74.18209,40.53957],[-74.18224,40.53952],[-74.18239,40.53948],[-74.18254,40.53943],[-74.18269,40.53938],[-74.18285,40.53933],[-74.18301,40.53927],[-74.18317,40.53921],[-74.18334,40.53916],[-74.18351,40.53909],[-74.18368,40.53903],[-74.18385,40.53896],[-74.18403,40.53889],[-74.18434,40.53877],[-74.18464,40.53864],[-74.18494,40.53851],[-74.18523,40.53838],[-74.18552,40.53825],[-74.1858,40.53812],[-74.18608,40.53798],[-74.18636,40.53784],[-74.18662,40.53771],[-74.18688,40.53757],[-74.18714,40.53742],[-74.18739,40.53728],[-74.18764,40.53713],[-74.18788,40.53699],[-74.18811,40.53684],[-74.18834,40.53669],[-74.18857,40.53653],[-74.18879,40.53637],[-74.18901,40.53621],[-74.18923,40.53605],[-74.18944,40.53588],[-74.18965,40.53571],[-74.18986,40.53554],[-74.19007,40.53536],[-74.19028,40.53518],[-74.19048,40.535],[-74.19068,40.53481],[-74.19088,40.53462],[-74.19108,40.53443],[-74.19127,40.53424],[-74.19179,40.53367],[-74.19814,40.52696],[-74.19825,40.52684],[-74.19837,40.52673],[-74.19849,40.52662],[-74.19861,40.52651],[-74.19873,40.5264],[-74.19885,40.5263],[-74.19898,40.5262],[-74.19911,40.52611],[-74.19924,40.52601],[-74.19937,40.52592],[-74.19951,40.52583],[-74.19964,40.52575],[-74.19978,40.52566],[-74.19992,40.52558],[-74.20006,40.52551],[-74.20026,40.5254],[-74.20047,40.52531],[-74.20068,40.52521],[-74.2009,40.52512],[-74.20112,40.52504],[-74.20134,40.52495],[-74.20157,40.52488],[-74.2018,40.5248],[-74.20204,40.52473],[-74.20228,40.52467],[-74.20252,40.52461],[-74.20278,40.52455],[-74.20303,40.5245],[-74.20329,40.52445],[-74.20355,40.52441],[-74.20965,40.52354],[-74.2097,40.52353],[-74.20976,40.52352],[-74.20981,40.52351],[-74.20986,40.52351],[-74.20992,40.5235],[-74.20997,40.52349],[-74.21003,40.52348],[-74.21008,40.52348],[-74.21014,40.52347],[-74.2102,40.52346],[-74.21026,40.52345],[-74.21032,40.52345],[-74.21038,40.52344],[-74.21044,40.52343],[-74.2105,40.52343],[-74.21469,40.52292],[-74.21492,40.5229],[-74.21515,40.52287],[-74.21537,40.52284],[-74.2156,40.52281],[-74.21582,40.52278],[-74.21604,40.52275],[-74.21625,40.52272],[-74.21646,40.52268],[-74.21667,40.52265],[-74.21687,40.52261],[-74.21707,40.52257],[-74.21727,40.52253],[-74.21747,40.52249],[-74.21766,40.52245],[-74.21785,40.52241],[-74.21792,40.52239],[-74.21799,40.52238],[-74.21806,40.52236],[-74.21814,40.52234],[-74.21821,40.52233],[-74.21829,40.52231],[-74.21837,40.52229],[-74.21846,40.52227],[-74.21854,40.52224],[-74.21863,40.52222],[-74.21871,40.5222],[-74.2188,40.52218],[-74.2189,40.52215],[-74.21899,40.52213],[-74.21908,40.5221],[-74.2241,40.52069],[-74.2242,40.52066],[-74.22431,40.52063],[-74.22441,40.5206],[-74.22452,40.52058],[-74.22463,40.52055],[-74.22473,40.52053],[-74.22484,40.5205],[-74.22494,40.52048],[-74.22505,40.52045],[-74.22516,40.52043],[-74.22526,40.5204],[-74.22537,40.52038],[-74.22547,40.52036],[-74.22558,40.52033],[-74.22569,40.52031],[-74.22914,40.51963],[-74.23837,40.51781],[-74.23954,40.51758],[-74.23964,40.51756],[-74.23974,40.51753],[-74.23984,40.51751],[-74.23994,40.51748],[-74.24004,40.51745],[-74.24014,40.51742],[-74.24024,40.51738],[-74.24034,40.51735],[-74.24044,40.51731],[-74.24054,40.51728],[-74.24064,40.51724],[-74.24074,40.5172],[-74.24083,40.51716],[-74.24093,40.51711],[-74.24102,40.51707],[-74.24287,40.51619],[-74.24296,40.51615],[-74.24305,40.51611],[-74.24314,40.51607],[-74.24324,40.51604],[-74.24333,40.516],[-74.24343,40.51596],[-74.24352,40.51593],[-74.24362,40.5159],[-74.24372,40.51586],[-74.24382,40.51583],[-74.24392,40.5158],[-74.24402,40.51577],[-74.24413,40.51575],[-74.24424,40.51572],[-74.24434,40.5157],[-74.24479,40.5156],[-74.24483,40.5156],[-74.24487,40.51559],[-74.24491,40.51558],[-74.24495,40.51557],[-74.24499,40.51557],[-74.24503,40.51556],[-74.24507,40.51555],[-74.2451,40.51554],[-74.24514,40.51553],[-74.24518,40.51552],[-74.24521,40.51552],[-74.24525,40.51551],[-74.24528,40.5155],[-74.24532,40.51549],[-74.24535,40.51549],[-74.24569,40.5154],[-74.24645,40.5152],[-74.24773,40.51483],[-74.24797,40.51475],[-74.24822,40.51467],[-74.24846,40.51459],[-74.24869,40.51451],[-74.24893,40.51442],[-74.24916,40.51432],[-74.24939,40.51423],[-74.24961,40.51413],[-74.24984,40.51403],[-74.25006,40.51392],[-74.25028,40.51381],[-74.25049,40.5137],[-74.25071,40.51358],[-74.25092,40.51346],[-74.25112,40.51333],[-74.25196,40.51276]]}},{"type":"Feature","properties":{"route":"SIR","color":"#08179C"},"geometry":{"type":"LineString","coordinates":[[-74.25196,40.51276],[-74.25112,40.51333],[-74.25092,40.51346],[-74.25071,40.51358],[-74.25049,40.5137],[-74.25028,40.51381],[-74.25006,40.51392],[-74.24984,40.51403],[-74.24961,40.51413],[-74.24939,40.51423],[-74.24916,40.51432],[-74.24893,40.51442],[-74.24869,40.51451],[-74.24846,40.51459],[-74.24822,40.51467],[-74.24797,40.51475],[-74.24773,40.51483],[-74.24645,40.5152],[-74.24569,40.5154],[-74.24535,40.51549],[-74.24532,40.51549],[-74.24528,40.5155],[-74.24525,40.51551],[-74.24521,40.51552],[-74.24518,40.51552],[-74.24514,40.51553],[-74.2451,40.51554],[-74.24507,40.51555],[-74.24503,40.51556],[-74.24499,40.51557],[-74.24495,40.51557],[-74.24491,40.51558],[-74.24487,40.51559],[-74.24483,40.5156],[-74.24479,40.5156],[-74.24434,40.5157],[-74.24424,40.51572],[-74.24413,40.51575],[-74.24402,40.51577],[-74.24392,40.5158],[-74.24382,40.51583],[-74.24372,40.51586],[-74.24362,40.5159],[-74.24352,40.51593],[-74.24343,40.51596],[-74.24333,40.516],[-74.24324,40.51604],[-74.24314,40.51607],[-74.24305,40.51611],[-74.24296,40.51615],[-74.24287,40.51619],[-74.24102,40.51707],[-74.24093,40.51711],[-74.24083,40.51716],[-74.24074,40.5172],[-74.24064,40.51724],[-74.24054,40.51728],[-74.24044,40.51731],[-74.24034,40.51735],[-74.24024,40.51738],[-74.24014,40.51742],[-74.24004,40.51745],[-74.23994,40.51748],[-74.23984,40.51751],[-74.23974,40.51753],[-74.23964,40.51756],[-74.23954,40.51758],[-74.23837,40.51781],[-74.22914,40.51963],[-74.22569,40.52031],[-74.22558,40.52033],[-74.22547,40.52036],[-74.22537,40.52038],[-74.22526,40.5204],[-74.22516,40.52043],[-74.22505,40.52045],[-74.22494,40.52048],[-74.22484,40.5205],[-74.22473,40.52053],[-74.22463,40.52055],[-74.22452,40.52058],[-74.22441,40.5206],[-74.22431,40.52063],[-74.2242,40.52066],[-74.2241,40.52069],[-74.21908,40.5221],[-74.21899,40.52213],[-74.2189,40.52215],[-74.2188,40.52218],[-74.21871,40.5222],[-74.21863,40.52222],[-74.21854,40.52224],[-74.21846,40.52227],[-74.21837,40.52229],[-74.21829,40.52231],[-74.21821,40.52233],[-74.21814,40.52234],[-74.21806,40.52236],[-74.21799,40.52238],[-74.21792,40.52239],[-74.21785,40.52241],[-74.21766,40.52245],[-74.21747,40.52249],[-74.21727,40.52253],[-74.21707,40.52257],[-74.21687,40.52261],[-74.21667,40.52265],[-74.21646,40.52268],[-74.21625,40.52272],[-74.21604,40.52275],[-74.21582,40.52278],[-74.2156,40.52281],[-74.21537,40.52284],[-74.21515,40.52287],[-74.21492,40.5229],[-74.21469,40.52292],[-74.2105,40.52343],[-74.21044,40.52343],[-74.21038,40.52344],[-74.21032,40.52345],[-74.21026,40.52345],[-74.2102,40.52346],[-74.21014,40.52347],[-74.21008,40.52348],[-74.21003,40.52348],[-74.20997,40.52349],[-74.20992,40.5235],[-74.20986,40.52351],[-74.20981,40.52351],[-74.20976,40.52352],[-74.2097,40.52353],[-74.20965,40.52354],[-74.20355,40.52441],[-74.20329,40.52445],[-74.20303,40.5245],[-74.20278,40.52455],[-74.20252,40.52461],[-74.20228,40.52467],[-74.20204,40.52473],[-74.2018,40.5248],[-74.20157,40.52488],[-74.20134,40.52495],[-74.20112,40.52504],[-74.2009,40.52512],[-74.20068,40.52521],[-74.20047,40.52531],[-74.20026,40.5254],[-74.20006,40.52551],[-74.19992,40.52558],[-74.19978,40.52566],[-74.19964,40.52575],[-74.19951,40.52583],[-74.19937,40.52592],[-74.19924,40.52601],[-74.19911,40.52611],[-74.19898,40.5262],[-74.19885,40.5263],[-74.19873,40.5264],[-74.19861,40.52651],[-74.19849,40.52662],[-74.19837,40.52673],[-74.19825,40.52684],[-74.19814,40.52696],[-74.19179,40.53367],[-74.19127,40.53424],[-74.19108,40.53443],[-74.19088,40.53462],[-74.19068,40.53481],[-74.19048,40.535],[-74.19028,40.53518],[-74.19007,40.53536],[-74.18986,40.53554],[-74.18965,40.53571],[-74.18944,40.53588],[-74.18923,40.53605],[-74.18901,40.53621],[-74.18879,40.53637],[-74.18857,40.53653],[-74.18834,40.53669],[-74.18811,40.53684],[-74.18788,40.53699],[-74.18764,40.53713],[-74.18739,40.53728],[-74.18714,40.53742],[-74.18688,40.53757],[-74.18662,40.53771],[-74.18636,40.53784],[-74.18608,40.53798],[-74.1858,40.53812],[-74.18552,40.53825],[-74.18523,40.53838],[-74.18494,40.53851],[-74.18464,40.53864],[-74.18434,40.53877],[-74.18403,40.53889],[-74.18385,40.53896],[-74.18368,40.53903],[-74.18351,40.53909],[-74.18334,40.53916],[-74.18317,40.53921],[-74.18301,40.53927],[-74.18285,40.53933],[-74.18269,40.53938],[-74.18254,40.53943],[-74.18239,40.53948],[-74.18224,40.53952],[-74.18209,40.53957],[-74.18195,40.53961],[-74.18181,40.53965],[-74.18167,40.53969],[-74.18158,40.53971],[-74.18149,40.53974],[-74.18138,40.53977],[-74.18126,40.53979],[-74.18114,40.53983],[-74.18101,40.53986],[-74.18086,40.53989],[-74.18072,40.53993],[-74.18055,40.53997],[-74.18039,40.54],[-74.18021,40.54004],[-74.18002,40.54008],[-74.17983,40.54013],[-74.17963,40.54017],[-74.17941,40.54022],[-74.17822,40.54046],[-74.1719,40.54169],[-74.17154,40.54176],[-74.17118,40.54185],[-74.17081,40.54194],[-74.17044,40.54204],[-74.17007,40.54216],[-74.16969,40.54228],[-74.16931,40.54241],[-74.16893,40.54255],[-74.16854,40.5427],[-74.16815,40.54286],[-74.16775,40.54302],[-74.16736,40.5432],[-74.16695,40.54339],[-74.16655,40.54358],[-74.16613,40.54379],[-74.16457,40.5446],[-74.16205,40.54592],[-74.15775,40.5481],[-74.15733,40.54832],[-74.15692,40.54852],[-74.15652,40.54872],[-74.15614,40.54892],[-74.15578,40.5491],[-74.15543,40.54928],[-74.1551,40.54944],[-74.15478,40.5496],[-74.15447,40.54976],[-74.15418,40.5499],[-74.15391,40.55004],[-74.15365,40.55016],[-74.1534,40.55029],[-74.15317,40.5504],[-74.15296,40.5505],[-74.1514,40.55123],[-74.15041,40.55169],[-74.15025,40.55176],[-74.15008,40.55183],[-74.14991,40.5519],[-74.14974,40.55196],[-74.14957,40.55202],[-74.14939,40.55207],[-74.14921,40.55213],[-74.14903,40.55217],[-74.14885,40.55222],[-74.14866,40.55226],[-74.14848,40.5523],[-74.14829,40.55233],[-74.14809,40.55236],[-74.1479,40.55239],[-74.1477,40.55242],[-74.14571,40.55264],[-74.14555,40.55266],[-74.14539,40.55269],[-74.14523,40.55271],[-74.14507,40.55273],[-74.14491,40.55276],[-74.14476,40.55279],[-74.1446,40.55282],[-74.14445,40.55285],[-74.1443,40.55289],[-74.14415,40.55292],[-74.144,40.55296],[-74.14386,40.553],[-74.14371,40.55304],[-74.14357,40.55308],[-74.14343,40.55312],[-74.14328,40.55317],[-74.14313,40.55322],[-74.14299,40.55327],[-74.14284,40.55332],[-74.14269,40.55337],[-74.14254,40.55343],[-74.14239,40.55348],[-74.14225,40.55354],[-74.1421,40.5536],[-74.14195,40.55366],[-74.1418,40.55373],[-74.14165,40.55379],[-74.14151,40.55385],[-74.14136,40.55392],[-74.14121,40.55399],[-74.13989,40.55462],[-74.13972,40.5547],[-74.13956,40.55478],[-74.1394,40.55486],[-74.13923,40.55494],[-74.13908,40.55503],[-74.13892,40.55511],[-74.13877,40.5552],[-74.13862,40.55528],[-74.13847,40.55537],[-74.13833,40.55545],[-74.13818,40.55554],[-74.13804,40.55562],[-74.13791,40.55571],[-74.13777,40.5558],[-74.13764,40.55589],[-74.13691,40.5564],[-74.13629,40.55686],[-74.13619,40.55694],[-74.13608,40.55702],[-74.13599,40.5571],[-74.13589,40.55718],[-74.13579,40.55725],[-74.1357,40.55732],[-74.13561,40.5574],[-74.13552,40.55747],[-74.13543,40.55754],[-74.13535,40.55761],[-74.13527,40.55768],[-74.13519,40.55774],[-74.13511,40.55781],[-74.13503,40.55787],[-74.13496,40.55793],[-74.12632,40.56511],[-74.12582,40.56554],[-74.12575,40.56559],[-74.12568,40.56565],[-74.12562,40.56571],[-74.12556,40.56577],[-74.12549,40.56583],[-74.12543,40.56589],[-74.12537,40.56594],[-74.1253,40.566],[-74.12524,40.56606],[-74.12518,40.56612],[-74.12512,40.56618],[-74.12506,40.56624],[-74.125,40.56629],[-74.12494,40.56635],[-74.12488,40.56641],[-74.12136,40.57012],[-74.12118,40.57029],[-74.121,40.57047],[-74.12082,40.57064],[-74.12065,40.57081],[-74.12047,40.57097],[-74.12029,40.57114],[-74.12011,40.57129],[-74.11993,40.57145],[-74.11975,40.5716],[-74.11957,40.57175],[-74.11939,40.57189],[-74.11921,40.57203],[-74.11903,40.57217],[-74.11885,40.5723],[-74.11867,40.57243],[-74.11721,40.57348],[-74.11269,40.57673],[-74.11265,40.57676],[-74.11261,40.57679],[-74.11257,40.57682],[-74.11253,40.57684],[-74.1125,40.57687],[-74.11246,40.5769],[-74.11242,40.57692],[-74.11239,40.57695],[-74.11235,40.57697],[-74.11232,40.577],[-74.11228,40.57703],[-74.11225,40.57705],[-74.11222,40.57708],[-74.11219,40.5771],[-74.11216,40.57713],[-74.11034,40.5785],[-74.1097,40.57896],[-74.10334,40.58359],[-74.09609,40.58885],[-74.0911,40.59248],[-74.09082,40.59269],[-74.09055,40.5929],[-74.09028,40.59312],[-74.09003,40.59334],[-74.08978,40.59357],[-74.08954,40.5938],[-74.0893,40.59403],[-74.08907,40.59428],[-74.08885,40.59452],[-74.08864,40.59477],[-74.08844,40.59502],[-74.08824,40.59528],[-74.08804,40.59555],[-74.08786,40.59582],[-74.08768,40.59609],[-74.08737,40.59661],[-74.08731,40.59672],[-74.08726,40.59682],[-74.0872,40.59692],[-74.08715,40.59702],[-74.0871,40.59712],[-74.08705,40.59722],[-74.087,40.59732],[-74.08696,40.59742],[-74.08691,40.59752],[-74.08687,40.59762],[-74.08683,40.59771],[-74.08679,40.59781],[-74.08675,40.59791],[-74.08671,40.598],[-74.08667,40.5981],[-74.0858,40.60044],[-74.08574,40.60058],[-74.08567,40.60073],[-74.0856,40.60087],[-74.08553,40.60102],[-74.08546,40.60116],[-74.08538,40.6013],[-74.0853,40.60144],[-74.08522,40.60158],[-74.08513,40.60172],[-74.08504,40.60186],[-74.08495,40.602],[-74.08485,40.60213],[-74.08476,40.60227],[-74.08465,40.6024],[-74.08455,40.60253],[-74.08409,40.60312],[-74.08002,40.60823],[-74.07994,40.60834],[-74.07985,40.60845],[-74.07977,40.60856],[-74.07969,40.60866],[-74.07961,40.60877],[-74.07954,40.60888],[-74.07946,40.60898],[-74.07939,40.60909],[-74.07932,40.6092],[-74.07925,40.6093],[-74.07918,40.60941],[-74.07911,40.60952],[-74.07904,40.60962],[-74.07898,40.60973],[-74.07892,40.60983],[-74.07526,40.61601],[-74.07516,40.61617],[-74.07505,40.61633],[-74.07494,40.61649],[-74.07482,40.61664],[-74.07469,40.61679],[-74.07457,40.61693],[-74.07443,40.61707],[-74.0743,40.6172],[-74.07415,40.61732],[-74.07401,40.61744],[-74.07385,40.61756],[-74.0737,40.61767],[-74.07354,40.61778],[-74.07337,40.61788],[-74.0732,40.61798],[-74.07272,40.61822],[-74.07264,40.61827],[-74.07256,40.61831],[-74.07248,40.61836],[-74.07241,40.6184],[-74.07233,40.61845],[-74.07226,40.6185],[-74.07219,40.61855],[-74.07213,40.6186],[-74.07206,40.61866],[-74.072,40.61871],[-74.07194,40.61877],[-74.07188,40.61882],[-74.07183,40.61888],[-74.07178,40.61894],[-74.07172,40.619],[-74.07167,40.61906],[-74.07163,40.61912],[-74.07158,40.61919],[-74.07154,40.61924],[-74.0715,40.6193],[-74.07146,40.61936],[-74.07143,40.61941],[-74.0714,40.61947],[-74.07137,40.61952],[-74.07134,40.61958],[-74.07131,40.61963],[-74.07129,40.61968],[-74.07127,40.61973],[-74.07125,40.61978],[-74.07123,40.61983],[-74.07117,40.62004],[-74.07114,40.62025],[-74.07114,40.62046],[-74.07116,40.62067],[-74.07121,40.62089],[-74.07129,40.6211],[-74.0714,40.62132],[-74.0718,40.62205],[-74.07183,40.6221],[-74.07187,40.62214],[-74.0719,40.62219],[-74.07193,40.62224],[-74.07197,40.6223],[-74.07201,40.62235],[-74.07204,40.6224],[-74.07208,40.62245],[-74.07212,40.6225],[-74.07217,40.62256],[-74.07221,40.62261],[-74.07225,40.62267],[-74.0723,40.62273],[-74.07235,40.62278],[-74.0724,40.62284],[-74.07286,40.62337],[-74.07287,40.62339],[-74.07289,40.62342],[-74.07291,40.62344],[-74.07293,40.62346],[-74.07295,40.62348],[-74.07296,40.6235],[-74.07298,40.62353],[-74.073,40.62355],[-74.07302,40.62357],[-74.07304,40.62359],[-74.07305,40.62362],[-74.07307,40.62364],[-74.07309,40.62366],[-74.07311,40.62369],[-74.07313,40.62371],[-74.07352,40.62424],[-74.07461,40.62577],[-74.07466,40.62584],[-74.0747,40.62591],[-74.07474,40.62599],[-74.07478,40.62606],[-74.07481,40.62614],[-74.07485,40.62622],[-74.07488,40.62631],[-74.07491,40.6264],[-74.07493,40.62648],[-74.07496,40.62658],[-74.07498,40.62667],[-74.075,40.62677],[-74.07502,40.62687],[-74.07504,40.62697],[-74.07505,40.62707],[-74.07516,40.62792],[-74.07528,40.62899],[-74.07529,40.62909],[-74.0753,40.62919],[-74.07531,40.62929],[-74.07532,40.62938],[-74.07532,40.62948],[-74.07533,40.62957],[-74.07533,40.62966],[-74.07533,40.62975],[-74.07533,40.62984],[-74.07534,40.62992],[-74.07534,40.63001],[-74.07533,40.63009],[-74.07533,40.63018],[-74.07533,40.63026],[-74.07533,40.63033],[-74.07532,40.63043],[-74.07531,40.63053],[-74.0753,40.63063],[-74.07529,40.63072],[-74.07527,40.63082],[-74.07525,40.63092],[-74.07523,40.63101],[-74.0752,40.63111],[-74.07517,40.6312],[-74.07514,40.6313],[-74.0751,40.63139],[-74.07507,40.63148],[-74.07503,40.63158],[-74.07498,40.63167],[-74.07494,40.63177],[-74.07467,40.63226],[-74.07461,40.63238],[-74.07455,40.6325],[-74.07449,40.63262],[-74.07445,40.63275],[-74.07441,40.63287],[-74.07438,40.63299],[-74.07435,40.63312],[-74.07433,40.63325],[-74.07431,40.63337],[-74.07431,40.6335],[-74.0743,40.63363],[-74.07431,40.63376],[-74.07432,40.63389],[-74.07434,40.63402],[-74.07436,40.63415],[-74.07448,40.63481],[-74.07449,40.63484],[-74.0745,40.63488],[-74.0745,40.63491],[-74.07451,40.63494],[-74.07452,40.63498],[-74.07452,40.63501],[-74.07453,40.63505],[-74.07454,40.63509],[-74.07454,40.63512],[-74.07455,40.63516],[-74.07456,40.6352],[-74.07456,40.63524],[-74.07457,40.63528],[-74.07457,40.63532],[-74.07458,40.63536],[-74.07476,40.63652],[-74.07476,40.63654],[-74.07476,40.63657],[-74.07477,40.6366],[-74.07477,40.63663],[-74.07478,40.63665],[-74.07478,40.63668],[-74.07479,40.63671],[-74.07479,40.63674],[-74.0748,40.63677],[-74.0748,40.6368],[-74.07481,40.63683],[-74.07482,40.63686],[-74.07482,40.63689],[-74.07483,40.63692],[-74.07483,40.63695],[-74.07484,40.63699],[-74.07486,40.63704],[-74.07487,40.63709],[-74.07488,40.63714],[-74.07489,40.63719],[-74.07491,40.63724],[-74.07492,40.63729],[-74.07493,40.63735],[-74.07495,40.6374],[-74.07497,40.63746],[-74.07498,40.63751],[-74.075,40.63757],[-74.07502,40.63763],[-74.07504,40.63769],[-74.07506,40.63775],[-74.07529,40.63847],[-74.07531,40.63853],[-74.07532,40.6386],[-74.07533,40.63866],[-74.07534,40.63873],[-74.07535,40.63879],[-74.07536,40.63886],[-74.07536,40.63892],[-74.07536,40.63899],[-74.07536,40.63905],[-74.07535,40.63912],[-74.07535,40.63919],[-74.07534,40.63925],[-74.07533,40.63932],[-74.07532,40.63939],[-74.0753,40.63946],[-74.07465,40.64214],[-74.07461,40.64225],[-74.07457,40.64236],[-74.07453,40.64247],[-74.07448,40.64258],[-74.07442,40.64269],[-74.07437,40.6428],[-74.0743,40.64291],[-74.07424,40.64301],[-74.07417,40.64312],[-74.07409,40.64323],[-74.07401,40.64333],[-74.07393,40.64344],[-74.07384,40.64354],[-74.07374,40.64364],[-74.07364,40.64375]]}}]}